seed_base,task,endpoint,analysis_scope,comparison,left_arm,right_arm,effect_natural_spearman,effect_natural_pearson,effect_natural_r2,effect_natural_rmse,effect_natural_mae,effect_natural_b0_rmse,effect_natural_rmse_gain_over_b0,effect_natural_prediction_target_variance_ratio,effect_natural_calibration_slope,effect_natural_calibration_intercept,effect_natural_calibration_mean_bias,effect_transformed_spearman,effect_transformed_pearson,effect_transformed_r2,effect_transformed_rmse,effect_transformed_mae,effect_transformed_b0_rmse,effect_transformed_rmse_gain_over_b0,effect_transformed_prediction_target_variance_ratio,effect_transformed_calibration_slope,effect_transformed_calibration_intercept,effect_transformed_calibration_mean_bias
2026,static,T0,primary_measurement_valid,GAP3-GAP0,GAP3,GAP0,0.030478552736375064,-0.014760614175788112,-0.01133644657291033,0.24303598531805193,-0.20467748382844064,0.0,-0.00568152150415583,-0.0013234558866036666,-0.004095331044218296,-0.26014764787666067,-0.3772371222200963,0.029721045181043015,0.03885026392282126,0.03109788245131899,-0.006343686385884562,-0.004452450087782611,0.0,0.01716215337258125,-0.0028542120219591516,0.012754838153021891,-0.014360296225077396,-0.008966450251720097
2026,static,T1,primary_measurement_valid,GAP3-GAP0,GAP3,GAP0,0.0028264876550232465,-0.015037022522222665,-0.019809472543526163,0.37805682669443996,0.08422677449535776,0.0,-0.009960458354680471,-0.052759192414629966,-0.03196375102661073,-0.16941514170083494,-0.7307939324492025,-0.001389884234903549,0.0002828258635477754,-0.0026666359930832134,0.0007170839870282997,-0.0012886675430070493,0.0,-0.0019257924589133474,-0.013090771730586953,-0.009802008441082338,-0.014509852749135216,-0.01612251523287306
2026,static,T2,primary_measurement_valid,GAP3-GAP0,GAP3,GAP0,0.05758698372966209,-0.00646219225569343,0.0037410215930926416,-0.057128281264191116,0.0116720833680386,0.0,0.0018225315496744991,0.0036871098135010374,0.0027452985512094914,0.11557782766024793,0.1402224431503818,0.05780733291419707,0.06528548361713771,0.04027290404772707,-0.013403440987811654,-0.003659964414859329,0.0,0.01986793093402254,0.029915129618380748,0.032261626626681944,0.008685062676377475,-0.0011366652363016428
2026,static,T3,primary_measurement_valid,GAP3-GAP0,GAP3,GAP0,0.05573250971285194,0.004219626220249642,0.001908543446211164,-0.011580155800533731,0.0003672019344866939,0.0,0.0009280729323509762,0.0009010206516248956,0.0006216584174026409,0.04265147932919611,0.04486745628847455,0.0776755508971669,0.06920031908493116,0.0011021775204310413,-0.0004578040838439934,-0.0020595937524292562,0.0,0.0007265545813882179,0.04698395518563815,0.024031885091735514,0.016297837257921444,-0.0005689030503375214
2026,static,macro,primary_measurement_valid,GAP3-GAP0,GAP3,GAP0,0.036656133458478124,-0.008010050683363634,-0.006374088519283172,0.13809609373694443,-0.027102856007639176,0.0,-0.0032228438442027064,-0.012373629459026928,-0.008173031275554216,-0.06783337064701289,-0.23073528880761085,0.0409535111893759,0.04340472312210947,0.017451582006598465,-0.004871961867628061,-0.002865168949519492,0.0,0.008957711607269669,0.015238525262868202,0.014811585357589266,-0.0009718122599784162,-0.006698633442808082
3026,static,T0,primary_measurement_valid,GAP3-GAP0,GAP3,GAP0,-0.0018345659346910015,0.15324065721816726,0.11569180079565922,-2.6177192497507917,-0.48765953720865696,0.0,0.06119516906041114,0.05063191609733175,0.08065447282140698,-1.8135720467271241,0.4924173163155192,-0.0023027844741348447,0.02601133973794273,-0.000490425134973077,-0.00012516381126564946,-0.0022704719205260404,0.0,0.0002058039540048101,0.1115498868390245,0.05221989489803408,-0.03877575245728654,-0.011593644484351639
3026,static,T1,primary_measurement_valid,GAP3-GAP0,GAP3,GAP0,0.025712822846740258,0.10814449898157841,0.020891884709129505,-0.39390919935938484,-0.4460444285974319,0.0,0.010378112227334056,-0.011336855887480537,0.006371458755229244,-0.3704243589775391,-0.2585225421871389,0.027574240551813345,0.032126320362207805,0.03052250576758013,-0.009638651511090779,-0.011260178872113169,0.0,0.018155567592465068,-0.008334642960362348,0.009577634532862464,-0.009595473548127786,-0.004253859224892418
3026,static,T2,primary_measurement_valid,GAP3-GAP0,GAP3,GAP0,0.1367905336215724,0.2336556702826284,0.020424037968134856,-0.311749731586481,-0.07244403081035244,0.0,0.009945577021499827,0.0008595925498798144,0.009456665591765676,0.08407419588347054,0.1689669253919508,0.10271496831648855,0.1590238400867907,0.06334337100324655,-0.020895671685122186,-0.010106662499072605,0.0,0.03157925356973116,0.0909646570679887,0.0747140979215519,0.0218202588494964,0.0003467572833934611
3026,static,T3,primary_measurement_valid,GAP3-GAP0,GAP3,GAP0,-0.02171839923304132,0.11093111678866957,0.007265509011123772,-0.04439361896050187,-0.030879119441211245,0.0,0.0035578550786377113,-0.0006416047528792347,0.00404869679428929,-0.0580609288595888,-0.04362885722652976,-0.028401847601081096,-0.01191346125440429,0.04289880848047116,-0.01291654609498849,-0.007515176773066123,0.0,0.02064210831974758,-0.056741743905316444,-0.0077800878388925715,-0.0029031622832815795,0.003813514326278175
3026,static,macro,primary_measurement_valid,GAP3-GAP0,GAP3,GAP0,0.03473759782514507,0.1514929858177609,0.04106830812101184,-0.8419429499142836,-0.2592567790144127,0.0,0.02126917834697068,0.009878262001712945,0.025132823490672793,-0.5394957846701951,0.08980821057345079,0.024896144198271464,0.05131200973313421,0.0340685650290812,-0.010894008275616818,-0.0077881225161944845,0.0,0.01764568335898715,0.03435953926033361,0.03218288487838897,-0.007363532359799876,-0.0029218080248931046
4026,static,T0,primary_measurement_valid,GAP3-GAP0,GAP3,GAP0,0.09693844578450328,0.06536845581791162,0.08208195624603509,-1.850724373347397,-0.7431134635741863,0.0,0.04326491120925188,0.18193867396296576,0.11954735032143109,-1.0445612450633455,2.3734130913578895,0.10732417356348078,0.0929941527919469,0.06542156640542471,-0.014713632164442214,-0.016053035722193687,0.0,0.037252731240455694,0.18791951017688008,0.12605445067573795,-0.05976094554312733,0.0008793752631466394
4026,static,T1,primary_measurement_valid,GAP3-GAP0,GAP3,GAP0,0.02939970417567417,-0.027275358608887357,0.22729650161114212,-3.800577957719888,-0.1476783012904086,0.0,0.10013176802698438,-0.44504496485823986,-0.1077210001279269,1.5859119058427424,-0.3059901033950245,0.030908372923603933,0.039253459303337845,0.031151742334376675,-0.00751521545404471,-0.0018953090684212248,0.0,0.016935512516752058,0.09024371548208476,0.05810569963699119,-0.02245027371851055,-0.016107297741493158
4026,static,T2,primary_measurement_valid,GAP3-GAP0,GAP3,GAP0,-0.0024867447946296806,0.13683329087395224,0.025970892365628773,-0.4056235393627574,-0.03714029195848845,0.0,0.012940380515922187,0.0012294491566152647,0.013050568883717379,-0.035440052518195486,0.08171523899828603,-0.011190539385200315,-0.011340262548442115,-0.004685589306282212,0.0008500168424731003,3.346433459056053e-05,0.0,-0.0012111066935647022,0.02136425351755941,0.007113130961978825,0.0009555063431403998,5.867494544700008e-05
4026,static,T3,primary_measurement_valid,GAP3-GAP0,GAP3,GAP0,0.028296167271371464,0.04033776345224759,0.0038761014617707534,-0.023565314719768082,-0.01936352351121773,0.0,0.0018886041872373423,0.00016292416993985543,0.0018608694738620475,0.0026156679452861153,0.009248963277362243,0.04323324843705548,0.028832917495292737,0.014347681139371482,-0.004612427326638691,-0.0050573914060966785,0.0,0.007204648238711959,0.016013515069438294,0.015003774135605302,0.0060468009089416075,-0.0027896690343925798
4026,static,macro,primary_measurement_valid,GAP3-GAP0,GAP3,GAP0,0.03803689310922975,0.05381603788380607,0.08480636292114418,-1.5201227962874562,-0.23682389508357637,0.0,0.03955641598484895,-0.06542847939217977,0.006684447137770916,0.12713156905162215,0.5395967975596285,0.042568813884734935,0.037435066760533764,0.026558850143222693,-0.00649781452566317,-0.0057430679655302574,0.0,0.01504544632558874,0.07888524856149062,0.05156926385257829,-0.018802228002388968,-0.004489729141823025
5026,static,T0,primary_measurement_valid,GAP3-GAP0,GAP3,GAP0,-0.005932870633746701,0.02928452621512817,0.01833686067261253,-0.4035140487531237,-0.15015565703732392,0.0,0.009433062936007815,0.007791499565658611,0.013038150821166355,-0.36809624263226937,0.004677095976365564,-0.00628510994727377,-0.014345557944137721,-0.00861191441364878,0.001978090322969861,0.002495533590084753,0.0,-0.004469777840165945,0.006101164489001665,-0.0013374216498658054,-8.497757686304341e-05,-0.0011870017479471938
5026,static,T1,primary_measurement_valid,GAP3-GAP0,GAP3,GAP0,-0.07835407896233926,-0.08588328534660525,-0.04409604926099853,0.8302539190881433,0.4288960012807088,0.0,-0.021874250115238886,-0.03563179555373532,-0.035688580951787216,-0.12475695873595605,-0.7515548712074942,-0.09414572671779575,-0.105625322756667,-0.06438950233173252,0.016378512133771894,0.014526445706905866,0.0,-0.03293758568060896,-0.060210619908997454,-0.06223139454115101,0.011685376713248624,-0.0032454273119576025
5026,static,T2,primary_measurement_valid,GAP3-GAP0,GAP3,GAP0,0.028833314370235563,-0.12555686311603448,-0.024758128697645265,0.38090952700538594,0.2229813416333304,0.0,-0.012151943226306264,0.02434689061834483,-0.002390905665837169,0.3633767329270303,0.34191351145635274,0.06649318036208862,0.031385254813794616,-0.08858080284895482,0.02129342956280711,0.01029427846601727,0.0,-0.038197495744221745,0.17126541731925166,0.04405993787458143,-0.01278612349002567,-0.025952624133281817
5026,static,T3,primary_measurement_valid,GAP3-GAP0,GAP3,GAP0,-0.0030046650929949487,-0.035414705211863864,-0.00046509945398276464,0.0028342253543574003,-0.007892023448146102,0.0,-0.0002271444254178974,0.0004646522671761422,-0.000644050489346024,0.04012141943896541,0.0378256232186458,0.007395575747679739,0.0044422964585735525,0.006887952688912423,-0.0016150653100092116,-0.005158421227249188,0.0,0.0034274871911337814,-0.005801173712436422,0.00021631533438572215,0.013310041444182352,0.013581057726962519
5026,static,macro,primary_measurement_valid,GAP3-GAP0,GAP3,GAP0,-0.014614575079711367,-0.05439258186484386,-0.012745604185003506,0.2026209056736903,0.12345741560714174,0.0,-0.00620506870773881,-0.0007571882756389342,-0.00642134657145102,-0.022338762250558197,-0.09178466013903197,-0.0066355201388252905,-0.021035832357109152,-0.038673566726355926,0.009508741677384913,0.0055394591339396615,0.0,-0.01804434301846572,0.027838697046704886,-0.004823140745512405,0.003031079272635559,-0.004200998866556024
6026,static,T0,primary_measurement_valid,GAP3-GAP0,GAP3,GAP0,-0.019408806462623718,0.10166939912128198,0.11095113863252748,-2.611610807948196,-0.36142783363293773,0.0,0.06105237027523161,0.09473363104098684,0.09510492297624934,-0.9874817494242656,1.7316599557337469,-0.0369139384157533,-0.016437915465035813,-0.06010810737226774,0.010896144023960386,0.012742372385789846,0.0,-0.028729644343382946,0.1875411076550123,0.06304822337925448,-0.037415107435302186,-0.006452411131259344
6026,static,T1,primary_measurement_valid,GAP3-GAP0,GAP3,GAP0,0.011095460234383903,-0.40370726396519746,-0.42176074010295694,9.185310647495118,1.9650608701904684,0.0,-0.24200040237105386,-0.15067597275813469,-0.2887464373525617,5.654777677572067,0.583529134216457,0.014240710059423567,0.01684182271837631,-0.11062299426008412,0.02249156895922938,0.01577303571591293,0.0,-0.04876769709506542,0.18691983482241675,0.03823481198000431,-0.014202307478136639,-0.014711268251328605
6026,static,T2,primary_measurement_valid,GAP3-GAP0,GAP3,GAP0,0.058304243941290274,0.08599076853567733,0.11535796320782865,-1.8695686885002765,-0.29093444667692037,0.0,0.059643802398289675,0.024656021070829592,0.06827154823084255,-0.34953019485240544,0.2633452442593027,0.046559866847587006,0.03386892446280215,0.020056688596736177,-0.007117124061605695,-0.014687902237425832,0.0,0.010582975268176344,0.04285981093933243,0.031164625438114463,0.005705274922871262,-0.005185994823210357
6026,static,T3,primary_measurement_valid,GAP3-GAP0,GAP3,GAP0,-0.018823530482622114,0.009489150405384533,-0.0026478125547202414,0.016201554130152118,0.009965538096486704,0.0,-0.001298447456943571,-0.002650402449919802,-0.002195807137014466,-0.019744838126208752,-0.02757205945295116,-0.01782227144982801,0.0017830881419533817,0.018972399837440798,-0.006075928422509702,0.0001870736902541137,0.0,0.009052046163298402,-0.044395890444297176,-0.014050605551769985,0.005168225654453407,0.013752646309382178
6026,static,macro,primary_measurement_valid,GAP3-GAP0,GAP3,GAP0,0.007791841807607058,-0.05163948647571337,-0.049524862704330264,1.1800831762942003,0.3306660319942747,0.0,-0.03065066928861905,-0.008484180774059547,-0.03189144332062109,1.074505223792296,0.6377405686891384,0.0015160917603572743,0.009013979964523966,-0.032925503299543704,0.005048665124768537,0.003503644888632751,0.0,-0.01446558000174341,0.0932312157431161,0.029599263811400822,-0.010185978584028546,-0.003149256974104035
2026,delta,T0_to_T1,primary_measurement_valid,GAP3-GAP0,GAP3,GAP0,0.041658436682216415,0.0563576447910972,0.012659913980132442,-0.15916546450796787,-0.03977928517812046,0.0,0.006247205940434717,0.0018014610763044565,0.007250743694506685,0.007879248400428196,-0.07208184205447835,0.025211068758872586,0.07117280231792746,0.020852406911468467,-0.00755486775987424,-0.0013299987350481324,0.0,0.010283631004722397,0.002528839173456119,0.01178062654865592,-0.0032668462839094596,-0.0030447472936953775
2026,delta,T1_to_T2,primary_measurement_valid,GAP3-GAP0,GAP3,GAP0,0.06113300716805098,0.09043890383262354,0.1296890665792091,-1.095360297308961,-0.6584916725025067,0.0,0.06361047964654928,-0.08258721335135594,0.023181973283636914,0.5848238935801282,0.38578447773976776,0.054166682802700705,0.11327148303044324,0.15528009930710449,-0.06079432324616374,-0.03751655667240861,0.0,0.07134541269844584,-0.06192925557028259,0.043819653251506246,0.016969033101508862,0.022259598478511847
2026,delta,T2_to_T3,primary_measurement_valid,GAP3-GAP0,GAP3,GAP0,0.03663329161451815,0.013598900258626544,0.009349662403917991,-0.12464658561057007,-0.19515023195399728,0.0,0.004526355603851465,-0.0031691348313055215,0.003046832253468794,0.09134082958377121,0.07485014206887697,0.026926888859644775,0.04852226645899331,0.13357017823733563,-0.00864540974461625,-0.006399546123224631,0.0,0.03351415892276782,-0.03658234755026829,0.038503696785323005,-0.0019773133096797997,0.0024093767429609644
2026,delta,macro,primary_measurement_valid,GAP3-GAP0,GAP3,GAP0,0.04647491182159519,0.053465149627449096,0.0505662143210865,-0.4597241158091592,-0.2978070632115415,0.0,0.024794680396945153,-0.02798496236878567,0.011159849743870805,0.22801465718810832,0.12951759258472215,0.03543488014040602,0.07765551726912132,0.1032342281519695,-0.025664866916884743,-0.015082033843560438,0.0,0.038381067541978675,-0.03199425464903158,0.031367992195161724,0.003908291169306534,0.00720807597592581
3026,delta,T0_to_T1,primary_measurement_valid,GAP3-GAP0,GAP3,GAP0,0.06178427579929457,0.0656775641387986,0.02732131278430261,-0.34208422302558006,-0.3831938062062932,0.0,0.013426722918949644,-0.00838743804826371,0.009465393741729104,0.12139460301428251,0.017010385744662022,0.07841532882196477,0.09345279288455702,0.08021093051828913,-0.021057699816390496,-0.015585474954155742,0.0,0.037474767328110954,-0.02035536422251562,0.02965782775914034,-0.0009431112473520594,0.0006306389797502282
3026,delta,T1_to_T2,primary_measurement_valid,GAP3-GAP0,GAP3,GAP0,0.0420468767777904,0.023317096230746515,0.014439266083824176,-0.13061181798774157,0.025644402190749815,0.0,0.007584974925711203,0.04037966153792662,0.02741302309043192,0.2028065795501588,-0.03256044618052842,0.011430696242285876,0.014900180806027286,0.006908789390756891,-0.005831550371309335,0.0011223759475328388,0.0,0.003918729913216859,0.04053446061833205,0.024725980313036328,-0.0011898773643356578,-0.0016954376108160613
3026,delta,T2_to_T3,primary_measurement_valid,GAP3-GAP0,GAP3,GAP0,-0.022431220844237116,-0.012600958513055961,-0.0022617327840797063,0.030095291562425075,-0.13267710756443662,0.0,-0.0010928658089257373,-0.002049202271209076,-0.002316041446342322,0.29923867545211813,0.3117740277740898,-0.027110126356669553,-0.016729475035118326,0.02058075590501085,-2.2416173708905696e-05,-0.004609373979638287,0.0,0.004442104726884971,-0.028696003302110917,-0.005838824380637923,0.01495628442335698,0.013927902522267123
3026,delta,macro,primary_measurement_valid,GAP3-GAP0,GAP3,GAP0,0.027133310577615935,0.02546456728549637,0.013166282028015692,-0.14753358315029885,-0.16340883719332489,0.0,0.006639610678578368,0.009981007072817953,0.011520791795272909,0.20781328600551774,0.09874132244607446,0.02091196623586035,0.030541166218488666,0.035900158604685595,-0.008970555453802986,-0.006357490995420323,0.0,0.015278533989404267,-0.0028389689687648156,0.01618166123051291,0.004274431937223087,0.004287701297067098
4026,delta,T0_to_T1,primary_measurement_valid,GAP3-GAP0,GAP3,GAP0,0.006565479576743638,-0.012596767907692319,-0.0017066641714567066,0.021729485602122622,-0.1227442895547135,0.0,-0.0008528770481449222,-0.009428706371744137,-0.005564218296713882,-0.11112600250288551,-0.04976388831431344,0.009277103599614756,-0.011269208025807553,0.00567162319019098,-0.0003663294852539467,-0.004466966509022896,0.0,0.0027890247560625196,-0.028536555225188616,-0.0112297590868978,-0.0018816050621335593,-0.002238016119686711
4026,delta,T1_to_T2,primary_measurement_valid,GAP3-GAP0,GAP3,GAP0,0.03568710888610763,0.04648439974612181,0.02683016099594082,-0.23859715760228895,-0.17045423586189123,0.0,0.013855970199642863,0.006187996409567312,0.01650900111060788,0.1520088596390332,0.010263293074920852,0.03804059959491604,0.060053920868208155,0.034877376260029756,-0.014449936747881864,-0.009924204461270292,0.0,0.017962804468407003,0.011851016939809916,0.022473640458655547,-0.0008568744010005215,0.0009270523254123557
4026,delta,T2_to_T3,primary_measurement_valid,GAP3-GAP0,GAP3,GAP0,0.008954374786665137,0.002660722010459182,0.0009384431533370208,-0.012573493020443749,-0.010120123968787809,0.0,0.00045658772211283616,0.00017228874319415166,0.0005484622734474024,0.01880147437609203,0.015832974894432306,0.0035445515122212168,-0.006799148699769043,-0.02195576725593601,0.0008043526793189981,-0.0006053911296814984,0.0,-0.00658815043398818,0.00587036922163664,-0.007029075970260649,0.0021588807706800443,0.0009476535830323929
4026,delta,macro,primary_measurement_valid,GAP3-GAP0,GAP3,GAP0,0.01706898774983881,0.012182784616296224,0.00868731332594038,-0.07648038834020454,-0.10110621646179929,0.0,0.0044865602912035904,-0.0010228070729942293,0.003831081695780461,0.019894777170748057,-0.007889206781653418,0.0169540849022507,0.01399518804754385,0.00619774406476159,-0.004670637851272197,-0.004998854033324951,0.0,0.004721226263493781,-0.0036050563545806935,0.001404935133832358,-0.00019319956415134697,-0.00012110340374732118
5026,delta,T0_to_T1,primary_measurement_valid,GAP3-GAP0,GAP3,GAP0,-0.0574040277619752,0.009887340568180851,0.007631308334712594,-0.09599996190629412,0.23550494754327467,0.0,0.0037679752586810967,-0.005859207848517071,0.0008942021431771405,-0.4070379637589774,-0.4168992113037966,-0.03923538221426741,0.021261246721133054,0.012260559241188802,-0.00450273691811276,0.008972153543074679,0.0,0.0062598286788487405,-0.004866592221031661,0.005532583220341336,-0.0151022647670206,-0.015434633938323727
5026,delta,T1_to_T2,primary_measurement_valid,GAP3-GAP0,GAP3,GAP0,0.07344476049607462,0.03835382359916217,0.02469249290702591,-0.22486156234704424,-0.3133095697155106,0.0,0.013058307727702334,0.008247857898355693,0.016489065442127485,-0.057605244055086935,-0.19917964383541503,0.0707936056510447,0.0904800437308188,0.03926185653253951,-0.014359638287437027,-0.017147715870484026,0.0,0.020212250076860783,0.021843383593901214,0.03275828560310036,-0.014221951466936996,-0.010968177567188993
5026,delta,T2_to_T3,primary_measurement_valid,GAP3-GAP0,GAP3,GAP0,0.0337417226078052,0.050828442161717086,0.023975135231698363,-0.32151963172262654,-0.2045616579312295,0.0,0.011675507834147674,-0.004162607404972145,0.009886680888638755,0.09007295615993804,0.03656224354739124,0.03879023012800746,0.10920501734446776,0.20126009487645968,-0.01649801285544661,-0.007129380079687719,0.0,0.05252397921159968,-0.03579077187506002,0.06918966338989033,-0.007106551567426829,0.0011550832838696035
5026,delta,macro,primary_measurement_valid,GAP3-GAP0,GAP3,GAP0,0.016594151780634864,0.033023202109686706,0.01876631215781229,-0.21412705199199067,-0.0941220933678224,0.0,0.009500596940177039,-0.0005913191183778421,0.009089982824647798,-0.12485675055137513,-0.19317220386394016,0.0234494845215949,0.07364876926547323,0.08426083688339601,-0.011786796020332169,-0.005101647469032411,0.0,0.0263320193224364,-0.006271326834063451,0.03582684407111067,-0.01214358926712814,-0.008415909407214373
6026,delta,T0_to_T1,primary_measurement_valid,GAP3-GAP0,GAP3,GAP0,0.056313573785413615,0.12798704287244814,0.032708285826291594,-0.41398183383827103,-0.06503575294136255,0.0,0.01624868673352841,0.027307341822550426,0.03000470962245463,0.006447870453575533,-0.32444360789395127,0.03297145029477917,0.047635666217828034,0.03770296814797136,-0.01589356648437734,-0.0025304204011415976,0.0,0.01960650541752404,0.0181675557964508,0.02783106398912346,-0.0098881241104102,-0.010313542566949434
6026,delta,T1_to_T2,primary_measurement_valid,GAP3-GAP0,GAP3,GAP0,0.011403117533280271,0.12856034859719068,0.10007271453664524,-0.931771104927984,0.0929534791687825,0.0,0.05411042106499342,0.11162673331666184,0.10584146372587383,0.8774568413459685,-0.031293369601625536,0.028389811859220515,0.08355252725226009,0.07077853995821617,-0.045948649509296224,0.005031727187655433,0.0,0.03939045240725074,0.0665720371902001,0.06998606993990432,-0.00158479059341236,-0.001784344059024584
6026,delta,T2_to_T3,primary_measurement_valid,GAP3-GAP0,GAP3,GAP0,0.04397041756741381,0.01732450651200274,0.0006894741769332136,-0.00925223619239901,-0.005007713643664147,0.0,0.00033598121386544527,0.005578945439377779,0.0031711278901982477,-0.04535446430082768,-0.06251789003504321,0.057355443268354706,0.0363610501657312,0.01627204082129491,-0.0017585722696925599,-0.0005410390699072676,0.0,0.007683259246418356,0.02091974289790749,0.01700773573310716,-0.0030105040095207408,-0.0016789588325343465
6026,delta,macro,primary_measurement_valid,GAP3-GAP0,GAP3,GAP0,0.03722903629536925,0.09129063266054717,0.04449015817995668,-0.4516683916528841,0.007636670861252526,0.0,0.02356502967079576,0.048171006859530026,0.04633910041284224,0.2795167491662385,-0.13941828917687332,0.03957223514078481,0.05584974787860644,0.04158451630916081,-0.02120026275445519,0.0006534225722022446,0.0,0.022226739023731044,0.035219778628186135,0.03827495655404499,-0.004827806237781101,-0.004592281819502787
2026,static,T0,primary_measurement_valid,LOCAL3-LOCAL0,LOCAL3,LOCAL0,0.007091591762430349,-0.04363816769240747,-0.017399737568678852,0.436844846103547,0.02797433966735241,0.0,-0.010212246486333787,0.043072813214508454,0.009975134405658809,0.3240813866320664,0.6092801242805503,0.008960971267746864,0.009471751709205667,0.01232557664154732,-0.003877570471989056,-0.00265394535007496,0.0,0.009007024920217377,0.04264172014093104,0.026939647384637277,-0.009851405410980313,0.004198002018945178
2026,static,T1,primary_measurement_valid,LOCAL3-LOCAL0,LOCAL3,LOCAL0,0.02486266924564806,0.005923207102175809,0.01818472839250518,-0.3579248431728246,-0.1727416780320148,0.0,0.009430051893785547,0.0353352212598039,0.02451355769505438,-0.0005046383632496543,0.43002653941789504,0.016886989822848197,0.024090679152507177,0.04048297164229986,-0.013143543363652144,-0.008233343411857164,0.0,0.02562102849961445,0.018780356799942166,0.028688629757247508,-0.006410177979436854,0.003916523835852041
2026,static,T2,primary_measurement_valid,LOCAL3-LOCAL0,LOCAL3,LOCAL0,0.05070042098077138,0.0358767372338088,0.031139131267970632,-0.4858715435171206,-0.4529641342404407,0.0,0.015500487631579659,0.014015623523138584,0.019743062427999884,0.2759218664465517,0.45315584412136634,0.0428490086846422,0.046120208538844576,0.04847549245381835,-0.01801345573742663,-0.019287625902574712,0.0,0.027010839744864124,0.032071783262289294,0.039972861326682735,0.022642910717385945,0.012871567744269763
2026,static,T3,primary_measurement_valid,LOCAL3-LOCAL0,LOCAL3,LOCAL0,0.019597224917352718,0.09612301438835397,0.024334862658683898,-0.1509597951201922,-0.029725892440048973,0.0,0.012098429601253043,0.0021422079340363046,0.011885369831546203,0.03995120727113055,0.08231805208801735,0.01740417441703007,0.021849474137146163,0.02302528355584993,-0.0075873405755600976,-0.0062205974757134075,0.0,0.012076183301539145,0.03302662022098399,0.027289270371271573,0.025223618599081954,0.007592173164498658
2026,static,macro,primary_measurement_valid,LOCAL3-LOCAL0,LOCAL3,LOCAL0,0.025562976726550612,0.023571197757982776,0.014064746187620214,-0.13947783392664803,-0.15686434126129,0.0,0.006704180660071113,0.023641466482871812,0.016529281090064823,0.15986245549662392,0.3936951399769564,0.021525286048066805,0.025383028384425854,0.031077331073378844,-0.01065547753715701,-0.009098878035055102,0.0,0.018428769116558802,0.03163012010603666,0.030722602209959815,0.007901236481512683,0.007144566690891411
3026,static,T0,primary_measurement_valid,LOCAL3-LOCAL0,LOCAL3,LOCAL0,0.010816247582205007,0.004435130741930138,-0.018683936894274278,0.4983736174792597,-0.060418559359847634,0.0,-0.011650622113045683,-0.04988858180051867,-0.03282750599030865,0.5741004634149416,-0.36446967387295626,0.011188750276744708,0.010035551471160309,0.015365410117814782,-0.0044265029334910055,-0.005000527942235045,0.0,0.011584810359787534,0.018215159157578542,0.016383075231176103,-0.011254326972653383,-0.003598324661401203
3026,static,T1,primary_measurement_valid,LOCAL3-LOCAL0,LOCAL3,LOCAL0,0.046991239048811084,0.0388091451749914,0.03281604124703119,-0.6380315417941915,-0.09046018346449536,0.0,0.016809871300512296,0.015117866690953975,0.01927966988212472,0.5915127215270122,0.9301212207436498,0.04320937439719885,0.03719284820399371,0.01965867262389598,-0.005897835496048998,-0.004345722758928028,0.0,0.011692878218666797,0.09547370241679953,0.06068424672224554,-0.009719858658292918,0.004435403183328881
3026,static,T2,primary_measurement_valid,LOCAL3-LOCAL0,LOCAL3,LOCAL0,0.04652178859938566,0.013300618328399627,0.01505415141879518,-0.23628922895523985,-0.07791490353391506,0.0,0.007538202884621358,0.0070590497691096245,0.009315860775188332,0.19748084595801396,0.28110956701750833,0.03849309662518119,0.045072504014821047,0.04056529273178597,-0.014852593797994196,-0.013562584797053634,0.0,0.02167314246880686,0.04886317283977393,0.043733275670686356,0.012683043549571393,-0.001042551637711519
3026,static,T3,primary_measurement_valid,LOCAL3-LOCAL0,LOCAL3,LOCAL0,0.06073876781993229,0.04887988863307818,0.037250038060252955,-0.22978252404218757,0.0031553557438246393,0.0,0.018415550236466842,0.010239331559384975,0.020698607258667644,0.10985615451910435,0.1836388549384127,0.06857932669651914,0.07104567722570676,0.011838183602387975,-0.0043014252711846,-0.002672228943845445,0.0,0.0063987298242539,0.13871107478739225,0.07622827939087896,0.03955800466897297,-0.010223285302305474
3026,static,macro,primary_measurement_valid,LOCAL3-LOCAL0,LOCAL3,LOCAL0,0.041267010762583545,0.02635619571959985,0.016609073457951262,-0.15143241932808849,-0.05640957265361024,0.0,0.007778250577138698,-0.004368083445267512,0.004116657981418026,0.36823754635476824,0.25759999220665364,0.04036763699891105,0.0408366452289205,0.02185688976897121,-0.007369589374679741,-0.006395266110515552,0.0,0.012837390217878775,0.07531577730038613,0.049257219253746765,0.007816715646899522,-0.002607189604522329
4026,static,T0,primary_measurement_valid,LOCAL3-LOCAL0,LOCAL3,LOCAL0,0.0004633064057344427,0.012325415395352701,0.01159363349590914,-0.3089137254412435,-0.14816019952375115,0.0,0.007221564212914727,-0.0003621465771798671,0.005684638460990932,-0.18217767633095505,-0.0196483662353506,-0.0018964001901005112,0.012819673220252237,0.03026364241287771,-0.008525596596252016,-0.00785355603501725,0.0,0.021404315199680835,-0.0378843794174496,-0.0035315707116094774,0.004647232174261107,0.0027780924224619203
4026,static,T1,primary_measurement_valid,LOCAL3-LOCAL0,LOCAL3,LOCAL0,0.02494367959949939,-0.03662459664262685,-0.003337417589826752,0.06537016592803724,-0.1253324933249278,0.0,-0.0017222723394729883,0.007462652234239565,0.0003574040031600889,0.29767608241508725,0.30395316256552185,0.02481541521824404,0.0255379990521154,0.028703020702032678,-0.008602826952324338,-0.00918071110690516,0.0,0.017064625388842042,0.006058282966394213,0.018658921233896397,-0.0006009214852173428,0.004864439212088419
4026,static,T2,primary_measurement_valid,LOCAL3-LOCAL0,LOCAL3,LOCAL0,0.02327340994424848,0.12854421775707614,0.013916291784984214,-0.21410155968000666,-0.2731830766261423,0.0,0.0068303621029102675,-0.00900214614481991,0.002933592534572033,-0.09847959403666406,-0.07214465862958264,0.010555952264219293,0.03087089284731387,0.05618850202181282,-0.017558213836621483,-0.013848726881969864,0.0,0.028933902209343373,-0.03641787779568617,0.009223515366548168,0.011752406511357616,0.009126148492917562
4026,static,T3,primary_measurement_valid,LOCAL3-LOCAL0,LOCAL3,LOCAL0,0.040495052935206166,0.09064976594232593,0.021534551419972625,-0.1335882072805834,-0.06247948301248174,0.0,0.010706211677453156,0.001769201425419358,0.010941643271621514,0.003865229313963048,0.042868046146817385,0.043249625836415256,0.062442174030023,0.060347409442777084,-0.016658592111049475,-0.011504057777897647,0.0,0.0287817637996697,0.021975444609815598,0.040757352161891525,0.024574454806982393,-0.0025381731695419438
4026,static,macro,primary_measurement_valid,LOCAL3-LOCAL0,LOCAL3,LOCAL0,0.022293862221172134,0.04872370061303194,0.010926764777759806,-0.14780833161844953,-0.15228881312182452,0.0,0.005758966413451284,-3.3109765585223605e-05,0.004979319567586141,0.005221010340357601,0.06375704596185194,0.019181148282194527,0.03291768478742618,0.04387564364487509,-0.012836307374061884,-0.01059676295044748,0.0,0.024046151649384007,-0.011567132409231518,0.016277054512681632,0.010093293001845971,0.0035576267394814894
5026,static,T0,primary_measurement_valid,LOCAL3-LOCAL0,LOCAL3,LOCAL0,0.007461827284105049,0.026014439178938975,0.020809138956163875,-0.5316618101115509,0.26964984818970095,0.0,0.012428809680731762,-0.004676605924482186,0.007565599563405745,-0.09153393271014743,0.12477387401106554,-8.415772003689259e-05,0.011506312711374478,0.03783072102767804,-0.011170730035170495,-0.0014663730278013098,0.0,0.028447279593301233,-0.028876065847016852,0.004146860607995073,-0.00034438446143805757,0.00456528755212478
5026,static,T1,primary_measurement_valid,LOCAL3-LOCAL0,LOCAL3,LOCAL0,-0.000679258163613583,-0.03998172710155856,-0.03394232188180424,0.6666445800149035,-0.06556809355862825,0.0,-0.017563723513922082,-0.015082135183787072,-0.02110637123966763,-0.2986548622326062,-0.6693456849006498,-0.0036227401925392755,-0.006458624864308371,0.0016930659366208856,-0.0021450538886074177,-0.0009675553033900997,0.0,0.0017252416281825778,-0.04338349417344717,-0.022171870355630563,-0.006913986692078461,-0.011382031032198323
5026,static,T2,primary_measurement_valid,LOCAL3-LOCAL0,LOCAL3,LOCAL0,0.03782660143361022,-0.020490579251427665,0.01522789282277115,-0.2381511271439578,-0.17525545078517268,0.0,0.007597601979362673,0.017687564261144623,0.013680695302205791,0.33766463255952095,0.4604765850926995,0.02762665283229432,0.03450947359736761,0.0313084970922311,-0.012203360686749432,-0.020519063596475096,0.0,0.017112214731686046,0.03271758739496683,0.03053193048282607,0.015497983066108889,0.008066254679932262
5026,static,T3,primary_measurement_valid,LOCAL3-LOCAL0,LOCAL3,LOCAL0,0.032102174997279354,0.08606808484759021,0.019097649184736998,-0.11864354831807411,-0.04128944915223087,0.0,0.009508496059008536,0.0014991132830836518,0.010065551187080399,-0.021781049929929908,0.014098830223869818,0.03877323969910318,0.04105477712145483,0.02704662841464804,-0.0095212249231994,-0.008114758509555398,0.0,0.014463850796362525,0.009545538508239165,0.019744148527063146,0.005981067034079635,-0.006170362176161261
5026,static,macro,primary_measurement_valid,LOCAL3-LOCAL0,LOCAL3,LOCAL0,0.019177836387845315,0.01290255441838567,0.005298089770466946,-0.05545297638967028,-0.0031157863265818264,0.0,0.002992796051295217,-0.00014301589101024803,0.0025513687032560767,-0.018576303078290834,-0.017499098893253517,0.01567324865470543,0.020152984641472083,0.02446972811779452,-0.008760092383431728,-0.007766937609305524,0.0,0.015437146687383108,-0.007499108529314402,0.00806276731556349,0.0035551697366680013,-0.0012302127440756358
6026,static,T0,primary_measurement_valid,LOCAL3-LOCAL0,LOCAL3,LOCAL0,0.014252816020025039,-0.04755675371975676,-0.03226331080860023,0.8534772479817789,0.364445113123411,0.0,-0.01995198090262415,0.047611774659381906,0.00533399162130771,0.5373449391940088,0.6898489171014752,0.013777473331967549,0.011760482210982803,0.005993849794713735,-0.0017459602084042847,-0.0011430952954069318,0.0,0.004442361530569927,0.11239268076450926,0.058159751451599795,-0.03646841286442615,-0.008262674169098696
6026,static,T1,primary_measurement_valid,LOCAL3-LOCAL0,LOCAL3,LOCAL0,0.0292998065764023,0.07161261055530804,0.0405085518829289,-0.8158073249610425,-0.4724029488382584,0.0,0.021493633527970478,0.0024551103022137366,0.021208453059580593,-0.3153023960904733,0.057181287764993094,0.02511011848528355,0.02857532162566201,0.03386997107148382,-0.009436252564635206,-0.01228503985309748,0.0,0.019228177044668504,0.042084825026344086,0.03476317230459408,-0.012839679680893723,-0.004392273406887843
6026,static,T2,primary_measurement_valid,LOCAL3-LOCAL0,LOCAL3,LOCAL0,0.0482098077141882,0.04106831464650046,0.06971427224698346,-1.0799644738362417,-0.2425531986408025,0.0,0.03445350153266227,-0.0673251621655177,0.0016464133736476538,-0.12431767673057426,-0.10953778165741923,0.04329015788835994,0.04642409784018836,0.04801141079793117,-0.015661127263195684,-0.010172497468799835,0.0,0.023949943305265058,0.015674504996918748,0.031339295041052484,0.023536068528995202,0.012454786305318585
6026,static,T3,primary_measurement_valid,LOCAL3-LOCAL0,LOCAL3,LOCAL0,0.06832996178916623,-0.04360413081791081,0.05257750672866035,-0.33657084794851144,-0.04965789251700725,0.0,0.02697392843238196,0.08702700296707003,0.06508460305894762,0.09755242133305053,0.329554396605904,0.06141847233381964,0.05806553098070649,0.04688512291315519,-0.013529479559405644,-0.015803035060763027,0.0,0.02311317766124485,0.055566448609803976,0.05067328545158384,0.043783974360231015,0.010489815188785799
6026,static,macro,primary_measurement_valid,LOCAL3-LOCAL0,LOCAL3,LOCAL0,0.040023098024945414,0.005380010166035232,0.03263425501249312,-0.34471634969100506,-0.10004223171816484,0.0,0.015742270647597645,0.01744218144078702,0.02331836527837089,0.04881932192650229,0.2417617049537384,0.035899055509857614,0.03620635816438489,0.033690088644320965,-0.01009320489891019,-0.009850916919516894,0.0,0.017683414885437093,0.056429614849394016,0.04373387606220752,0.004502987585976587,0.002572413479529464
2026,delta,T0_to_T1,primary_measurement_valid,LOCAL3-LOCAL0,LOCAL3,LOCAL0,0.03258778017977021,0.03134893515424561,0.01760320897596246,-0.22841636369316376,-0.09920805662664378,0.0,0.00896528696452863,0.0052946227598295315,0.011498738483528073,0.25984432712760075,0.13303641517571432,0.03258782988204201,0.03101423065949488,0.017629291264558762,-0.008423998788697373,-0.003980848458999431,0.0,0.008898265658024887,0.011958015748983142,0.01479527653492732,0.005742529969481543,0.005078485971326235
2026,delta,T1_to_T2,primary_measurement_valid,LOCAL3-LOCAL0,LOCAL3,LOCAL0,0.041749231994538616,0.04150858061553547,0.03576098616707024,-0.33657229670505373,-0.20077791833067238,0.0,0.019545646561909602,0.06481663777218795,0.05027014088335521,0.47724362778216456,0.04562638134619379,0.034595135710839386,0.06408423191371898,0.04004479591891952,-0.018773691653864666,-0.010830570762865976,0.0,0.0216357350127922,0.07113145389397901,0.05525727321821325,0.0031276664727557368,0.0028287917403592797
2026,delta,T2_to_T3,primary_measurement_valid,LOCAL3-LOCAL0,LOCAL3,LOCAL0,0.02639139833883264,0.026822658782708772,0.014358705229361113,-0.19616988391102197,-0.2060243600903302,0.0,0.007123617939457209,-0.004144308596725668,0.005060660548772279,0.10565760264967583,0.07826726252388133,0.029505903908145614,0.03141719781101071,0.07354655814885686,-0.009625341063278725,-0.006940611250028705,0.0,0.025174602249999907,-0.06968769284827225,0.0019662856559678754,0.0038917506182063006,0.0031821800097067837
2026,delta,macro,primary_measurement_valid,LOCAL3-LOCAL0,LOCAL3,LOCAL0,0.03357613683771382,0.03322672485082992,0.022574300124131273,-0.2537195147697453,-0.16867011168254997,0.0,0.011878183821965142,0.021988983978430604,0.022276513305218515,0.28091518585314734,0.08564335301526313,0.032229623167009,0.04217188679474154,0.04374021511077838,-0.012274343835280255,-0.007250676823964686,0.0,0.018569534306939,0.0044672589315633005,0.024006278469702824,0.004253982353481194,0.0036964859071307666
3026,delta,T0_to_T1,primary_measurement_valid,LOCAL3-LOCAL0,LOCAL3,LOCAL0,0.041482534986915454,0.024116660874117513,0.012920372484792386,-0.164300790480997,-0.2576488196027178,0.0,0.00644876624137029,-0.0021074035526573165,0.005317574427910414,-0.16296327580852044,-0.2216054051880179,0.05648180517981827,0.024183409300514186,0.02613938393711497,-0.007885834228488986,-0.009654797807334914,0.0,0.012200593602626758,-0.009738344587159956,0.007741885308033478,-0.008623882595742057,-0.007874166983313988
3026,delta,T1_to_T2,primary_measurement_valid,LOCAL3-LOCAL0,LOCAL3,LOCAL0,0.054197519626806245,0.0596073341548648,0.03737693353596383,-0.3352459460813897,-0.132547284548707,0.0,0.019468621860943128,0.00952215225989328,0.023648823055617788,0.025301616244819414,-0.17774615146288614,0.06742098486641268,0.05013680391384989,0.0231682412598087,-0.014128162373178377,-0.007161437802836068,0.0,0.011921928773330835,0.0027878612911437506,0.014605118724797292,-0.007162566445723159,-0.009077029061235326
3026,delta,T2_to_T3,primary_measurement_valid,LOCAL3-LOCAL0,LOCAL3,LOCAL0,0.019576516099670038,-0.006027237816563127,-0.005320981357299637,0.07268669449545229,-0.025515221507717456,0.0,-0.002639509340294598,0.004320522737767986,-0.0004862228155289791,-0.025179782134872042,-0.022548147753173875,0.021928215078476504,0.007301444841507881,-0.0013945706215378606,0.001975520624512228,-0.001821890141374738,0.0,-0.0013035730196808426,0.0434952011045715,0.017287324206447532,-0.003051805217346758,-0.0007000888715617633
3026,delta,macro,primary_measurement_valid,LOCAL3-LOCAL0,LOCAL3,LOCAL0,0.038418856904463894,0.02589891907080641,0.01499210822115219,-0.14228668068897576,-0.13857044188638135,0.0,0.007759292920672938,0.003911757148334652,0.009493391555999736,-0.05428048056619161,-0.1406332348013593,0.048610335041569086,0.02720721935195733,0.015971018191795264,-0.006679491992385045,-0.006212708583848592,0.0,0.007606316452092251,0.01218157260285177,0.013211442746426091,-0.0062794180862706574,-0.005883761638703692
4026,delta,T0_to_T1,primary_measurement_valid,LOCAL3-LOCAL0,LOCAL3,LOCAL0,0.04873250654226874,0.05191430955125209,0.03173910130552926,-0.4130960998407254,-0.477010547597839,0.0,0.016213921888602927,-0.024775796738082043,0.003518887324684944,0.22231739070520007,0.1835111551623666,0.05618572069317135,0.05338032152428371,0.029657114416850358,-0.014872466752169022,-0.016736626797039134,0.0,0.01491753793799976,-0.024180614966757885,0.00040760883326664,0.00857413091250936,0.005429690629128705
4026,delta,T1_to_T2,primary_measurement_valid,LOCAL3-LOCAL0,LOCAL3,LOCAL0,0.04087359198998747,0.04511411302048829,0.02900780953265003,-0.2618132822337813,-0.15081494248333982,0.0,0.015204192174614398,0.02059916681628951,0.024956373918515726,0.14358454167255452,-0.07068980095819855,0.041010711435789826,0.044377848552534016,0.04048680638703424,-0.016126448594232845,-0.008157554837522674,0.0,0.021886140961971973,0.024396639314997692,0.032407511915759024,-0.0037981339221346,-0.0027483767044816573
4026,delta,T2_to_T3,primary_measurement_valid,LOCAL3-LOCAL0,LOCAL3,LOCAL0,0.03319126180452836,-0.0009768283413160717,-0.0003884038516187571,0.005338092845882159,-0.20165575737198616,0.0,-0.00019384491238554416,-0.0003318582714061588,-0.0003201275037217899,-0.0810596824392169,-0.07932702301144912,0.029645491556389125,0.005178363682856013,0.058259470667455016,-0.0025106459845681828,-0.006172135860614714,0.0,0.016968572419629138,-0.0379907673176787,0.01319428951290419,-0.00416671862219074,-0.0027416433352476207
4026,delta,macro,primary_measurement_valid,LOCAL3-LOCAL0,LOCAL3,LOCAL0,0.04093245344559482,0.032017198076808084,0.02011950232885351,-0.22319042974287484,-0.2764937491510544,0.0,0.01040808971694393,-0.0015028293977328855,0.009385044579826307,0.09494741664617923,0.011164777064239628,0.0422806412284501,0.0343121779198913,0.042801130490446544,-0.01116985377699009,-0.010355439165058877,0.0,0.01792408377320029,-0.012591580989812945,0.015336470087309956,0.00020309278939467396,-2.0109803533524366e-05
5026,delta,T0_to_T1,primary_measurement_valid,LOCAL3-LOCAL0,LOCAL3,LOCAL0,-0.030303333712595304,-0.043353743099552616,-0.0517447174436203,0.6618118280158143,0.9978422546685071,0.0,-0.02597595399360884,0.07598278917772294,0.012124892323624195,-0.16979518173818953,-0.30350830865230816,-0.016821200154221727,0.007293142909251149,-0.1594785243362024,0.03548896630241938,0.04008196627327254,0.0,-0.06439767434009189,0.19141701555025425,0.015955050003949,-0.012452776482237882,-0.0128151660207322
5026,delta,T1_to_T2,primary_measurement_valid,LOCAL3-LOCAL0,LOCAL3,LOCAL0,0.03280942086699279,0.03478133102696951,0.01688118706167785,-0.1535464533017965,-0.0198874266295892,0.0,0.008916850068921935,0.06902147978580181,0.04273031798181945,0.6459011191980819,0.2790204647467458,0.03519690067819431,0.03072793287165143,0.007198498609528092,-0.006142592592867757,-0.0005890905138596914,0.0,0.003867690700253848,0.08333655043815313,0.04527201804683734,0.014714987826141383,0.015385104912862855
5026,delta,T2_to_T3,primary_measurement_valid,LOCAL3-LOCAL0,LOCAL3,LOCAL0,-0.035475025600182036,-0.0176868066005222,-0.006193641014487383,0.08347150798505609,0.07789377888733284,0.0,-0.0030311438221862653,-0.0033314313776048946,-0.004693143252385956,-0.20807102877278716,-0.18266984078496168,-0.03841910689734354,0.0019913188880349986,0.007755779948823427,0.00031435267506008113,0.002549468051820103,0.0,0.004869546843152245,-0.021511922434276964,0.0010685135017634434,-0.007156093767976698,-0.006222501795128122
5026,delta,macro,primary_measurement_valid,LOCAL3-LOCAL0,LOCAL3,LOCAL0,-0.010989646148594823,-0.008753072891035107,-0.013685723798809946,0.19724562756636033,0.3519495356420812,0.0,-0.006696749248957721,0.047224279195306626,0.0167206890176859,0.0893449695623687,-0.06905256156350803,-0.00668113545779031,0.013337464889645823,-0.048174748592616945,0.00988690879487053,0.01401411460374441,0.0,-0.018553478932228598,0.08441388118471013,0.020765193850849947,-0.001631294141357733,-0.0012175209676658218
6026,delta,T0_to_T1,primary_measurement_valid,LOCAL3-LOCAL0,LOCAL3,LOCAL0,0.027224257594720636,0.017913330709768915,0.00559314431570912,-0.07147992923604107,-0.22549759466000374,0.0,0.002805569913835765,0.012780428802763213,0.009181574747379538,0.11420228911139851,0.012948023366225248,0.028404695156677096,0.015867236479412322,-0.007635073515195455,-0.000920135957272028,-0.008493406469131881,0.0,-0.002402997608373241,0.02294940823593744,0.007595429465551702,0.0008610090065335196,0.0004884440981587834
6026,delta,T1_to_T2,primary_measurement_valid,LOCAL3-LOCAL0,LOCAL3,LOCAL0,0.08817066788030498,0.09684457728021176,0.06345948302551163,-0.5671820382794621,-0.526312823367503,0.0,0.03293776631351426,0.01095407655964796,0.03713779404685545,0.40023026573838827,0.0813667789141965,0.09097763474357379,0.10254508761373593,0.05396268836264861,-0.02847447225491595,-0.028861699733493174,0.0,0.028056759644935432,0.013229180277128855,0.03291467421419608,0.004884300629090961,0.0051565624276704546
6026,delta,T2_to_T3,primary_measurement_valid,LOCAL3-LOCAL0,LOCAL3,LOCAL0,0.0624653544202981,0.003257393952009663,0.008326168617108332,-0.11329402946403277,-0.3690538575642215,0.0,0.004114104390709852,-0.011560995896461736,-0.0014937152712465422,-0.255461733624303,-0.2473771429001813,0.046835258834371674,0.008922759645437456,0.010219601964112146,-0.0048631865111548045,-0.01251411405376901,0.0,0.008718153330312478,-0.01565381687064027,0.0013872542242287234,-0.006052354152707121,-0.007470105997668038
6026,delta,macro,primary_measurement_valid,LOCAL3-LOCAL0,LOCAL3,LOCAL0,0.05928675996510785,0.039338433980663445,0.0257929319861097,-0.25065199899317747,-0.37362142519724273,0.0,0.01328581353935329,0.004057836488649824,0.014941884507662817,0.08632360707516007,-0.051020780206586513,0.055405862911540926,0.04244502791286192,0.01884907227052174,-0.01141926490778078,-0.016623073418797985,0.0,0.011457305122291556,0.006841590547475351,0.013965785967992167,-0.00010234817236087941,-0.0006083664906129337
