schema_version,figure_id,filename,title,analysis_unit,uncertainty_note,input_files_json,input_sha256,image_sha256,width_pixels,height_pixels,dpi,font_family,contains_patient_ids
1,F01,figures/01_base_degradation_vs_static_ftv_gain.png,基础损失退化与静态 FTV 表征增益,seed×fold run（n=25）,"相关系数误差为20,000次 crossed seed×fold percentile bootstrap 95% CI；散点无测量误差条。","{""metrics/phase_a_gain_correlations.csv"":""b8d961ac0286744cfed3581ec6bcb8ebd2bc20ee668e205e4d328063ee74fb80"",""metrics/run_level_existing_metrics.csv"":""ed92780aef48d0e2608493a276481e893dd9983ea4649f6adb96d328a11043e2""}",bdb13b31ff6dd30505b3a856840ffc8de07357995ef094949c70ee62f1d32e8d,2dcc2b0c08c3da698a237b62868df920eeedc2a85364174c1718e174c381f6dc,2880,1800,240,Noto Sans CJK JP,False
1,F02,figures/02_base_degradation_vs_observed_delta_ftv_gain.png,基础损失退化与 observed ΔFTV 增益,seed×fold run（n=25）,"相关系数误差为20,000次 crossed seed×fold percentile bootstrap 95% CI；散点无测量误差条。","{""metrics/phase_a_gain_correlations.csv"":""b8d961ac0286744cfed3581ec6bcb8ebd2bc20ee668e205e4d328063ee74fb80"",""metrics/run_level_existing_metrics.csv"":""ed92780aef48d0e2608493a276481e893dd9983ea4649f6adb96d328a11043e2""}",bdb13b31ff6dd30505b3a856840ffc8de07357995ef094949c70ee62f1d32e8d,9fb87de0a7f023618bec6e4b5c1c7233b8aa1751ada3f96bd4d0cf81fd06b8a3,2880,1800,240,Noto Sans CJK JP,False
1,F03,figures/03_base_degradation_vs_all_shared_cosine.png,基础损失退化与 all-shared 梯度 cosine,seed×fold run（每点先聚合8个固定 batch，n=25）,"相关系数误差为20,000次 crossed seed×fold percentile bootstrap 95% CI；train/validation 分开。","{""metrics/gradient_correlation_metrics.csv"":""7b3c256e8d8fb8ef9f9c8b9267805c74ca9d480f3be107c6ea1abd02d16b4aa8"",""metrics/run_level_conflict_metrics.csv"":""31c33b5d68e4efb1ff86a2b1d079f9ccc0e52161b1fb5db08e3489697241801d""}",b30cdbfeabccc2c7da020489145eedbb85af5d13847c9db9e7bfe9c6a02977f4,428f40fd16afc8d9650b84701d7091397a301a481d0f32b10d9cdcef8fb4f097,3360,1800,240,Noto Sans CJK JP,False
1,F04,figures/04_base_degradation_vs_mbase.png,基础损失退化与 base-descent margin,seed×fold run（每点先聚合8个固定 batch，n=25）,"相关系数误差为20,000次 crossed seed×fold percentile bootstrap 95% CI；M_base=0/1 为解释参考线。","{""metrics/gradient_correlation_metrics.csv"":""7b3c256e8d8fb8ef9f9c8b9267805c74ca9d480f3be107c6ea1abd02d16b4aa8"",""metrics/run_level_conflict_metrics.csv"":""31c33b5d68e4efb1ff86a2b1d079f9ccc0e52161b1fb5db08e3489697241801d""}",b30cdbfeabccc2c7da020489145eedbb85af5d13847c9db9e7bfe9c6a02977f4,03fe6ffb84f9fc69f4dd61efa499178685343824ec904f783081f5e513cac4a9,3360,1800,240,Noto Sans CJK JP,False
1,F05,figures/05_pass_fail_cosine.png,PASS/FAIL 的 all-shared 梯度 cosine,seed×fold run（PASS=17，FAIL=8）,箱体为run值IQR、须为1.5×IQR；标注为crossed seed×fold bootstrap的FAIL−PASS median difference 95% CI。,"{""metrics/pass_fail_comparison.csv"":""ceab0824b3b3e4fe2117c6f5af68ca3774a199c86185bff511daecdebaf06a3c"",""metrics/run_level_conflict_metrics.csv"":""31c33b5d68e4efb1ff86a2b1d079f9ccc0e52161b1fb5db08e3489697241801d""}",d430caf0f4f312a5da79110ba13e1feee4c38c5620f82dd975bef77211dcbe25,25eb973eadba38875104722135656043c4e85b3eb330a5b3ef9b4983518179ab,3360,1800,240,Noto Sans CJK JP,False
1,F06,figures/06_pass_fail_mbase.png,PASS/FAIL 的 all-shared base-descent margin,seed×fold run（PASS=17，FAIL=8）,箱体为run值IQR、须为1.5×IQR；标注为crossed seed×fold bootstrap的FAIL−PASS median difference 95% CI。,"{""metrics/pass_fail_comparison.csv"":""ceab0824b3b3e4fe2117c6f5af68ca3774a199c86185bff511daecdebaf06a3c"",""metrics/run_level_conflict_metrics.csv"":""31c33b5d68e4efb1ff86a2b1d079f9ccc0e52161b1fb5db08e3489697241801d""}",d430caf0f4f312a5da79110ba13e1feee4c38c5620f82dd975bef77211dcbe25,1324a6bd43f6aadbf14c1c5352cc633c625456ca2a58e812ad998595a586779e,3360,1800,240,Noto Sans CJK JP,False
1,F07,figures/07_pass_fail_norm_ratio.png,PASS/FAIL 的 all-shared weighted gradient norm ratio,seed×fold run（PASS=17，FAIL=8）,箱体为run值IQR、须为1.5×IQR；标注为crossed seed×fold bootstrap的FAIL−PASS median difference及ratio 95% CI。,"{""metrics/pass_fail_comparison.csv"":""ceab0824b3b3e4fe2117c6f5af68ca3774a199c86185bff511daecdebaf06a3c"",""metrics/run_level_conflict_metrics.csv"":""31c33b5d68e4efb1ff86a2b1d079f9ccc0e52161b1fb5db08e3489697241801d""}",d430caf0f4f312a5da79110ba13e1feee4c38c5620f82dd975bef77211dcbe25,cbd9992dbb581adebca0fe34278a004fcf1072f6526bbfc7888d8873e847b19d,3360,1800,240,Noto Sans CJK JP,False
1,F08,figures/08_layerwise_cosine_heatmap.png,Layer-wise 梯度 cosine 热图,seed×fold run×非重叠共享层（每格为8 batch中位数）,描述性点估计，无额外误差条；正式定位只使用stage1–4与response projection五个非重叠组。,"{""metrics/layer_level_conflict_metrics.csv"":""808ccb61a58dc19452083bbe466b4babd7b4745d2365133eb2ca0c0dfad9f8ce""}",48365fea5af1c8ccdedb2b277427a30e9fe947c72997a3b2bb2e5b59a41c016d,7dd91536ce1e77c55766e26a9bd7c58acfbab43e9c1b996881f6ce25f4b52e66,3600,2160,240,Noto Sans CJK JP,False
1,F09,figures/09_layerwise_mbase_heatmap.png,Layer-wise base-descent margin 热图,seed×fold run×非重叠共享层（每格为8 batch中位数）,描述性点估计，无额外误差条；M_base=1表示FTV对base一阶下降既不帮助也不削弱。,"{""metrics/layer_level_conflict_metrics.csv"":""808ccb61a58dc19452083bbe466b4babd7b4745d2365133eb2ca0c0dfad9f8ce""}",48365fea5af1c8ccdedb2b277427a30e9fe947c72997a3b2bb2e5b59a41c016d,bc69b209f5fcf3bfb793a032bb3ca60539abd96ec4013bd904db6eaaa3fc2e00,3600,2160,240,Noto Sans CJK JP,False
1,F10,figures/10_seed_fold_conflict_heatmap.png,Validation all-shared 的 seed×fold conflict,seed×fold run（5×5完整网格）,描述性点估计，无额外误差条；左图为8 batch median cosine，右图为8 batch median M_base。,"{""metrics/run_level_conflict_metrics.csv"":""31c33b5d68e4efb1ff86a2b1d079f9ccc0e52161b1fb5db08e3489697241801d""}",55b4a6fc13e78a39951ba6d3e2c87fffa1a74c1458653712ed04ab08449f1368,13564024bfca0554b2e1f3b897998e5f91572007ece8e348d6fbea602de238a7,3360,1800,240,Noto Sans CJK JP,False
1,F11,figures/11_representative_loss_trajectories.png,3个PASS与3个FAIL代表run的既有训练轨迹,epoch（六个预注册代表run）,完整已保存history的描述性轨迹，无误差条；竖线是selected epoch，不是重新训练结果。,"{""metrics/representative_runs.csv"":""c3cec84939b18bf7697aab97bca302e3302e303b9e6ac27e12e070e16ba61ff8"",""metrics/training_history_audit.csv"":""89975c73d297227c81768ee0e309f8415afa794e48a9ba8364a77ba0ef5ea808""}",aa52436ae69bf277398540b0c818d5ca27e3c25e1db32099f29b026395b73008,fffb7446ae23ed0f8dd92e9eb351cf04b040c28510aed502681c03f659744610,3600,2160,240,Noto Sans CJK JP,False
1,F12,figures/12_conflict_vs_selected_epoch.png,Validation conflict 与 selected epoch,seed×fold run（n=25）,散点为8 batch聚合run值；图内Spearman仅描述selected epoch与conflict的关系，不作为预注册H3 gate。,"{""metrics/run_level_conflict_metrics.csv"":""31c33b5d68e4efb1ff86a2b1d079f9ccc0e52161b1fb5db08e3489697241801d""}",55b4a6fc13e78a39951ba6d3e2c87fffa1a74c1458653712ed04ab08449f1368,82dce9eccbfa2c0f4b8711f748634e10325313f4577fbb990653db52dc093ac6,3360,1800,240,Noto Sans CJK JP,False
1,F13,figures/13_ftv_coverage_exposure_vs_degradation.png,FTV coverage/exposure 与基础损失退化,coverage为fold（n=5）；累计grounded exposure为seed×fold run（n=25）,coverage相关复用crossed fold draws的percentile CI；固定配额导致常量SD时如实标为constant_input。,"{""metrics/coverage_correlations.csv"":""ccb86a170cf5387c52657eb035dd82bff83957f37dae9c9dd781b4db814b4ee3"",""metrics/dynamics_correlations.csv"":""00ca78187e333fb311297e526161146ccab275363a2a7a62fe2f91b5d2838757"",""metrics/ftv_coverage_metrics.csv"":""c84e45d2005deb4f16c8c8cf82aaca8807535ac9d3be0029c1cbd6ee40fabc4e"",""metrics/run_level_existing_metrics.csv"":""ed92780aef48d0e2608493a276481e893dd9983ea4649f6adb96d328a11043e2""}",a448c20a9e223dfa5c4db68bc39959fd26996ecaf756d19966f95e6c62508fef,653e9ad60feb1ff604cabab9a8438a893a92c22afb3874cdfb59a08030afe54a,3360,2160,240,Noto Sans CJK JP,False
1,F14,figures/14_selected_to_last_conflict_change.png,代表run selected→last 的 conflict变化,checkpoint pair（6个代表run×train/validation）,仅有selected与last两个post-hoc时间点，无误差条；不代表early/逐epoch gradient trajectory。,"{""metrics/representative_runs.csv"":""c3cec84939b18bf7697aab97bca302e3302e303b9e6ac27e12e070e16ba61ff8"",""metrics/trajectory_change_metrics.csv"":""061f58f0ac6bc0cee85a9be7324a8467d622ddf7592f45651ae1879def3aaa3f"",""metrics/trajectory_conflict_metrics.csv"":""ff0bb6c9498b88cca49a73379492210d9cdf371de496b255e047255e661ce9f4""}",9e2a56b311efbfef43eb84ef388fe1a23f831b4562379c6d2838cfa1e6ea088e,893ee8418a9d5cbd511555913ee1b25e360cf8e36c161abdb6fdb837b6abb108,3360,1800,240,Noto Sans CJK JP,False
