schema_version,seed_base,fold,effective_seed,base_gate,base_degradation,checkpoint_kind,checkpoint_epoch,checkpoint_sha256,split,group,parameter_tensors,parameter_count,gradient_cosine,gradient_cosine_mean,negative_fraction,strong_negative_fraction,very_strong_negative_fraction,weighted_gradient_norm_ratio,weighted_gradient_norm_ratio_mean,base_descent_margin,base_descent_margin_mean,base_descent_failure_fraction,ftv_descent_margin,ftv_descent_margin_mean,n_batches,n_undefined,source_contract_sha256,public_manifest_sha256,contains_patient_ids
1,3026,1,3027,PASS,0.0185237851018827,last,6,a2daf0d50d8a9a701bc431a71d7250aa4e134aa2b8c3c22ce778443723acea1d,train,all_shared,32,917824,-0.04251665477363595,-0.001867789265899214,0.625,0.25,0.0,0.2660154364670557,0.3837356463373394,0.9952949750457265,1.0254424161236413,0.0,0.7924766183363614,0.28254548180066197,8,0,36166871cf24803cb6d13774a0e74515c1692c7849f5d725e98829284e4bb486,f546d0b153da0143074eb178238a891d0d8d392196329560c3f64d76e2f148fa,False
1,3026,1,3027,PASS,0.0185237851018827,last,6,a2daf0d50d8a9a701bc431a71d7250aa4e134aa2b8c3c22ce778443723acea1d,train,encoder_overall,28,892672,-0.043091628118696795,-0.0021366956503818813,0.625,0.25,0.0,0.25028675317134463,0.37102558026249166,0.9969206088886231,1.0274047256345522,0.0,0.7714678653577314,0.1143532281621405,8,0,36166871cf24803cb6d13774a0e74515c1692c7849f5d725e98829284e4bb486,f546d0b153da0143074eb178238a891d0d8d392196329560c3f64d76e2f148fa,False
1,3026,1,3027,PASS,0.0185237851018827,last,6,a2daf0d50d8a9a701bc431a71d7250aa4e134aa2b8c3c22ce778443723acea1d,train,encoder_stage_1,7,10112,-0.2697620862157113,-0.1700203279140534,0.75,0.75,0.625,0.14247529710334356,0.24770773666188095,0.9788702446283872,0.9815830751080502,0.0,-0.6916833657381635,-4.347005867582721,8,0,36166871cf24803cb6d13774a0e74515c1692c7849f5d725e98829284e4bb486,f546d0b153da0143074eb178238a891d0d8d392196329560c3f64d76e2f148fa,False
1,3026,1,3027,PASS,0.0185237851018827,last,6,a2daf0d50d8a9a701bc431a71d7250aa4e134aa2b8c3c22ce778443723acea1d,train,encoder_stage_2,7,42112,0.047661866464602,0.04313029984510584,0.5,0.25,0.25,0.1664051491313388,0.3165852811394634,1.0318905413577886,1.0626982483652174,0.0,0.9986845446273008,-1.5872158411789665,8,0,36166871cf24803cb6d13774a0e74515c1692c7849f5d725e98829284e4bb486,f546d0b153da0143074eb178238a891d0d8d392196329560c3f64d76e2f148fa,False
1,3026,1,3027,PASS,0.0185237851018827,last,6,a2daf0d50d8a9a701bc431a71d7250aa4e134aa2b8c3c22ce778443723acea1d,train,encoder_stage_3,7,168192,0.034926382410701604,0.053436278429164714,0.5,0.125,0.0,0.2783858597319102,0.37535177892181876,1.0352360107044718,1.054841236230889,0.0,0.9926519861418519,0.6117502407656727,8,0,36166871cf24803cb6d13774a0e74515c1692c7849f5d725e98829284e4bb486,f546d0b153da0143074eb178238a891d0d8d392196329560c3f64d76e2f148fa,False
1,3026,1,3027,PASS,0.0185237851018827,last,6,a2daf0d50d8a9a701bc431a71d7250aa4e134aa2b8c3c22ce778443723acea1d,train,encoder_stage_4,7,672256,0.017775858489352498,0.006143979614133575,0.5,0.125,0.0,0.6113185257832034,0.5890591337695148,1.000181701342484,1.012840051517479,0.0,1.008520782898879,1.0013854081091975,8,0,36166871cf24803cb6d13774a0e74515c1692c7849f5d725e98829284e4bb486,f546d0b153da0143074eb178238a891d0d8d392196329560c3f64d76e2f148fa,False
1,3026,1,3027,PASS,0.0185237851018827,last,6,a2daf0d50d8a9a701bc431a71d7250aa4e134aa2b8c3c22ce778443723acea1d,train,response_projection,4,25152,0.044955592078545506,0.024104485264611862,0.25,0.0,0.0,0.8335486802137253,0.769546409889313,1.016817140826439,1.015179085920066,0.0,1.0580771792134316,1.0574268741750457,8,0,36166871cf24803cb6d13774a0e74515c1692c7849f5d725e98829284e4bb486,f546d0b153da0143074eb178238a891d0d8d392196329560c3f64d76e2f148fa,False
1,3026,1,3027,PASS,0.0185237851018827,last,6,a2daf0d50d8a9a701bc431a71d7250aa4e134aa2b8c3c22ce778443723acea1d,validation,all_shared,32,917824,-0.13848573991800822,-0.1473699442326986,0.875,0.625,0.25,0.44525189298074597,0.4249820898602927,0.9414386722808272,0.936183405518048,0.0,0.6512893181332204,0.5338038013273463,8,0,36166871cf24803cb6d13774a0e74515c1692c7849f5d725e98829284e4bb486,f546d0b153da0143074eb178238a891d0d8d392196329560c3f64d76e2f148fa,False
1,3026,1,3027,PASS,0.0185237851018827,last,6,a2daf0d50d8a9a701bc431a71d7250aa4e134aa2b8c3c22ce778443723acea1d,validation,encoder_overall,28,892672,-0.15565008378364895,-0.1585388119701947,0.875,0.75,0.375,0.4194745103659878,0.40235826627401194,0.9395708986267486,0.9347086818710464,0.0,0.5748298983270077,0.4720914608058297,8,0,36166871cf24803cb6d13774a0e74515c1692c7849f5d725e98829284e4bb486,f546d0b153da0143074eb178238a891d0d8d392196329560c3f64d76e2f148fa,False
1,3026,1,3027,PASS,0.0185237851018827,last,6,a2daf0d50d8a9a701bc431a71d7250aa4e134aa2b8c3c22ce778443723acea1d,validation,encoder_stage_1,7,10112,-0.24224271510652615,-0.3167343852072764,0.875,0.875,0.375,0.2775800439464637,0.25070755798990807,0.9401728952473569,0.9201602971265777,0.0,-0.5198199427442777,-1.069240506845507,8,0,36166871cf24803cb6d13774a0e74515c1692c7849f5d725e98829284e4bb486,f546d0b153da0143074eb178238a891d0d8d392196329560c3f64d76e2f148fa,False
1,3026,1,3027,PASS,0.0185237851018827,last,6,a2daf0d50d8a9a701bc431a71d7250aa4e134aa2b8c3c22ce778443723acea1d,validation,encoder_stage_2,7,42112,-0.1867638018303408,-0.12873436359652035,0.75,0.625,0.5,0.33799426650229775,0.32526711184238516,0.9757806483746143,0.9659585815385836,0.0,0.27552504568537334,0.364490766922663,8,0,36166871cf24803cb6d13774a0e74515c1692c7849f5d725e98829284e4bb486,f546d0b153da0143074eb178238a891d0d8d392196329560c3f64d76e2f148fa,False
1,3026,1,3027,PASS,0.0185237851018827,last,6,a2daf0d50d8a9a701bc431a71d7250aa4e134aa2b8c3c22ce778443723acea1d,validation,encoder_stage_3,7,168192,-0.19558590993836694,-0.17172426607702712,0.875,0.75,0.25,0.38100187152663134,0.3749300630187721,0.9252652069643724,0.9285954154675309,0.0,0.4887326700320178,0.5232651063672387,8,0,36166871cf24803cb6d13774a0e74515c1692c7849f5d725e98829284e4bb486,f546d0b153da0143074eb178238a891d0d8d392196329560c3f64d76e2f148fa,False
1,3026,1,3027,PASS,0.0185237851018827,last,6,a2daf0d50d8a9a701bc431a71d7250aa4e134aa2b8c3c22ce778443723acea1d,validation,encoder_stage_4,7,672256,-0.15545054461320112,-0.12348593609679924,0.875,0.625,0.0,0.5500750584232089,0.6241357092388062,0.9317183757975482,0.9136351878562385,0.0,0.8007958840512857,0.7888533377455524,8,0,36166871cf24803cb6d13774a0e74515c1692c7849f5d725e98829284e4bb486,f546d0b153da0143074eb178238a891d0d8d392196329560c3f64d76e2f148fa,False
1,3026,1,3027,PASS,0.0185237851018827,last,6,a2daf0d50d8a9a701bc431a71d7250aa4e134aa2b8c3c22ce778443723acea1d,validation,response_projection,4,25152,-0.0135574433059107,-0.011271131032486848,0.625,0.0,0.0,0.8767103568390177,0.8982783721601195,0.9873382554397253,0.9823318414881814,0.0,0.985430372030285,0.9945112736319868,8,0,36166871cf24803cb6d13774a0e74515c1692c7849f5d725e98829284e4bb486,f546d0b153da0143074eb178238a891d0d8d392196329560c3f64d76e2f148fa,False
1,3026,1,3027,PASS,0.0185237851018827,selected,2,1493b9e72b6d074aadaa8e9906dfe2ce01727db4cf342092dd5d1448e19ac19f,train,all_shared,32,917824,0.32425584990700174,0.2774398576369535,0.125,0.0,0.0,0.8581889307902542,0.9265344153852823,1.2642488965296659,1.2762190501700155,0.0,1.2892767962927798,1.3883303352141103,8,0,36166871cf24803cb6d13774a0e74515c1692c7849f5d725e98829284e4bb486,f546d0b153da0143074eb178238a891d0d8d392196329560c3f64d76e2f148fa,False
1,3026,1,3027,PASS,0.0185237851018827,selected,2,1493b9e72b6d074aadaa8e9906dfe2ce01727db4cf342092dd5d1448e19ac19f,train,encoder_overall,28,892672,0.3556287946181115,0.2976524910134417,0.125,0.0,0.0,0.862372307363034,0.9261671548405503,1.2730448648769284,1.2978328211685264,0.0,1.3142109630859187,1.4224370191358622,8,0,36166871cf24803cb6d13774a0e74515c1692c7849f5d725e98829284e4bb486,f546d0b153da0143074eb178238a891d0d8d392196329560c3f64d76e2f148fa,False
1,3026,1,3027,PASS,0.0185237851018827,selected,2,1493b9e72b6d074aadaa8e9906dfe2ce01727db4cf342092dd5d1448e19ac19f,train,encoder_stage_1,7,10112,0.5819889235916802,0.3078214257981917,0.375,0.25,0.125,0.7059225741852047,0.6452530619380918,1.1751861641754213,1.1817086338898135,0.0,1.579791201683444,1.866436052297361,8,0,36166871cf24803cb6d13774a0e74515c1692c7849f5d725e98829284e4bb486,f546d0b153da0143074eb178238a891d0d8d392196329560c3f64d76e2f148fa,False
1,3026,1,3027,PASS,0.0185237851018827,selected,2,1493b9e72b6d074aadaa8e9906dfe2ce01727db4cf342092dd5d1448e19ac19f,train,encoder_stage_2,7,42112,0.3979497012795564,0.32517704903077993,0.125,0.125,0.0,0.7913283393580249,0.8313082514843562,1.2808103061944973,1.2986578969937799,0.0,1.4137699549216278,1.607332602491974,8,0,36166871cf24803cb6d13774a0e74515c1692c7849f5d725e98829284e4bb486,f546d0b153da0143074eb178238a891d0d8d392196329560c3f64d76e2f148fa,False
1,3026,1,3027,PASS,0.0185237851018827,selected,2,1493b9e72b6d074aadaa8e9906dfe2ce01727db4cf342092dd5d1448e19ac19f,train,encoder_stage_3,7,168192,0.3373555644541746,0.30999655525160985,0.125,0.0,0.0,0.9267448609453464,0.9467882369154205,1.2895247695069496,1.3193322911489487,0.0,1.335895876230563,1.444826056461633,8,0,36166871cf24803cb6d13774a0e74515c1692c7849f5d725e98829284e4bb486,f546d0b153da0143074eb178238a891d0d8d392196329560c3f64d76e2f148fa,False
1,3026,1,3027,PASS,0.0185237851018827,selected,2,1493b9e72b6d074aadaa8e9906dfe2ce01727db4cf342092dd5d1448e19ac19f,train,encoder_stage_4,7,672256,0.29871885809638465,0.2953272406919278,0.0,0.0,0.0,1.0879010940775014,1.1252759887254165,1.3694581442212277,1.3376773202784764,0.0,1.2926318373294379,1.3072317452104252,8,0,36166871cf24803cb6d13774a0e74515c1692c7849f5d725e98829284e4bb486,f546d0b153da0143074eb178238a891d0d8d392196329560c3f64d76e2f148fa,False
1,3026,1,3027,PASS,0.0185237851018827,selected,2,1493b9e72b6d074aadaa8e9906dfe2ce01727db4cf342092dd5d1448e19ac19f,train,response_projection,4,25152,0.0605212188743761,0.05675185956067558,0.0,0.0,0.0,1.0468749745626584,1.0405639607317148,1.0555548211555914,1.0602814962870235,0.0,1.0572873097758295,1.0589281763367602,8,0,36166871cf24803cb6d13774a0e74515c1692c7849f5d725e98829284e4bb486,f546d0b153da0143074eb178238a891d0d8d392196329560c3f64d76e2f148fa,False
1,3026,1,3027,PASS,0.0185237851018827,selected,2,1493b9e72b6d074aadaa8e9906dfe2ce01727db4cf342092dd5d1448e19ac19f,validation,all_shared,32,917824,0.21748551946125216,0.20275594759738896,0.25,0.0,0.0,0.6119938280647108,0.6579859382190121,1.1097551839823576,1.1583249654815426,0.0,1.253027882567623,1.28042647425763,8,0,36166871cf24803cb6d13774a0e74515c1692c7849f5d725e98829284e4bb486,f546d0b153da0143074eb178238a891d0d8d392196329560c3f64d76e2f148fa,False
1,3026,1,3027,PASS,0.0185237851018827,selected,2,1493b9e72b6d074aadaa8e9906dfe2ce01727db4cf342092dd5d1448e19ac19f,validation,encoder_overall,28,892672,0.2308202708769368,0.21714577233371943,0.25,0.0,0.0,0.597462955875929,0.6523435357335009,1.1137690462796153,1.1708792512667758,0.0,1.2705325547503374,1.2987202208229693,8,0,36166871cf24803cb6d13774a0e74515c1692c7849f5d725e98829284e4bb486,f546d0b153da0143074eb178238a891d0d8d392196329560c3f64d76e2f148fa,False
1,3026,1,3027,PASS,0.0185237851018827,selected,2,1493b9e72b6d074aadaa8e9906dfe2ce01727db4cf342092dd5d1448e19ac19f,validation,encoder_stage_1,7,10112,-0.20570224826810868,-0.10692354948582866,0.5,0.5,0.5,0.33296218044555403,0.4396666529425344,0.9673820281155625,1.0118050055058543,0.0,0.1985114257951075,0.3494803192062895,8,0,36166871cf24803cb6d13774a0e74515c1692c7849f5d725e98829284e4bb486,f546d0b153da0143074eb178238a891d0d8d392196329560c3f64d76e2f148fa,False
1,3026,1,3027,PASS,0.0185237851018827,selected,2,1493b9e72b6d074aadaa8e9906dfe2ce01727db4cf342092dd5d1448e19ac19f,validation,encoder_stage_2,7,42112,0.18045355843850702,0.17832442795935566,0.5,0.25,0.0,0.3876009257829348,0.5432172724136066,1.076543131110526,1.1568577524295123,0.0,1.1382042544277617,1.2040491409804348,8,0,36166871cf24803cb6d13774a0e74515c1692c7849f5d725e98829284e4bb486,f546d0b153da0143074eb178238a891d0d8d392196329560c3f64d76e2f148fa,False
1,3026,1,3027,PASS,0.0185237851018827,selected,2,1493b9e72b6d074aadaa8e9906dfe2ce01727db4cf342092dd5d1448e19ac19f,validation,encoder_stage_3,7,168192,0.2735021458244662,0.28249386089258766,0.0,0.0,0.0,0.6001125230426119,0.6688308802087426,1.1310897511612863,1.2211155328092533,0.0,1.348470419827421,1.3994114692526591,8,0,36166871cf24803cb6d13774a0e74515c1692c7849f5d725e98829284e4bb486,f546d0b153da0143074eb178238a891d0d8d392196329560c3f64d76e2f148fa,False
1,3026,1,3027,PASS,0.0185237851018827,selected,2,1493b9e72b6d074aadaa8e9906dfe2ce01727db4cf342092dd5d1448e19ac19f,validation,encoder_stage_4,7,672256,0.29476109368049036,0.3039580395405944,0.0,0.0,0.0,0.8249062645452514,0.8720286798606259,1.2466409664474254,1.2650776216492394,0.0,1.3344393999461652,1.3605931949553787,8,0,36166871cf24803cb6d13774a0e74515c1692c7849f5d725e98829284e4bb486,f546d0b153da0143074eb178238a891d0d8d392196329560c3f64d76e2f148fa,False
1,3026,1,3027,PASS,0.0185237851018827,selected,2,1493b9e72b6d074aadaa8e9906dfe2ce01727db4cf342092dd5d1448e19ac19f,validation,response_projection,4,25152,0.0545181613379751,0.054325282691438874,0.0,0.0,0.0,0.7486528916925324,0.8379272188914497,1.041534116574295,1.043808821112854,0.0,1.0649695865153566,1.0712556679877143,8,0,36166871cf24803cb6d13774a0e74515c1692c7849f5d725e98829284e4bb486,f546d0b153da0143074eb178238a891d0d8d392196329560c3f64d76e2f148fa,False
1,3026,3,3029,FAIL,0.1806212022682307,last,6,7b01cad301df89281b5eaa1ed3ce9a4be7e2005a64def0324fbe753cc175afd7,train,all_shared,32,917824,-0.06038299668066445,-0.04316173778475746,0.625,0.375,0.25,0.09286843836350285,0.1064635553323626,0.993252903498079,1.000319555544116,0.0,0.5807312620875542,-0.7462464300965868,8,0,36166871cf24803cb6d13774a0e74515c1692c7849f5d725e98829284e4bb486,f546d0b153da0143074eb178238a891d0d8d392196329560c3f64d76e2f148fa,False
1,3026,3,3029,FAIL,0.1806212022682307,last,6,7b01cad301df89281b5eaa1ed3ce9a4be7e2005a64def0324fbe753cc175afd7,train,encoder_overall,28,892672,-0.0648169425321209,-0.04788393152216017,0.625,0.5,0.25,0.08782886383048485,0.09978549341909,0.9932288736162732,1.0003275966512122,0.0,0.5211070182443202,-1.0833525789675695,8,0,36166871cf24803cb6d13774a0e74515c1692c7849f5d725e98829284e4bb486,f546d0b153da0143074eb178238a891d0d8d392196329560c3f64d76e2f148fa,False
1,3026,3,3029,FAIL,0.1806212022682307,last,6,7b01cad301df89281b5eaa1ed3ce9a4be7e2005a64def0324fbe753cc175afd7,train,encoder_stage_1,7,10112,-0.06812632928559284,-0.07106874798017945,0.5,0.5,0.375,0.0458015984077364,0.054556682977531704,0.996317449906073,1.0026051930794118,0.0,-0.2560671273039097,-6.102185038538176,8,0,36166871cf24803cb6d13774a0e74515c1692c7849f5d725e98829284e4bb486,f546d0b153da0143074eb178238a891d0d8d392196329560c3f64d76e2f148fa,False
1,3026,3,3029,FAIL,0.1806212022682307,last,6,7b01cad301df89281b5eaa1ed3ce9a4be7e2005a64def0324fbe753cc175afd7,train,encoder_stage_2,7,42112,-0.11987337199344801,-0.09906189692904596,0.625,0.5,0.375,0.061308086129388,0.0695361281526169,0.9934754165443997,0.9997991684396588,0.0,-0.19433850503300715,-4.75965877895776,8,0,36166871cf24803cb6d13774a0e74515c1692c7849f5d725e98829284e4bb486,f546d0b153da0143074eb178238a891d0d8d392196329560c3f64d76e2f148fa,False
1,3026,3,3029,FAIL,0.1806212022682307,last,6,7b01cad301df89281b5eaa1ed3ce9a4be7e2005a64def0324fbe753cc175afd7,train,encoder_stage_3,7,168192,-0.08570127590069565,-0.062069948269958916,0.625,0.5,0.25,0.09736472214790765,0.10859437247014117,0.9907874053665754,0.9978761614225338,0.0,0.36207376739615216,-0.7646295669385095,8,0,36166871cf24803cb6d13774a0e74515c1692c7849f5d725e98829284e4bb486,f546d0b153da0143074eb178238a891d0d8d392196329560c3f64d76e2f148fa,False
1,3026,3,3029,FAIL,0.1806212022682307,last,6,7b01cad301df89281b5eaa1ed3ce9a4be7e2005a64def0324fbe753cc175afd7,train,encoder_stage_4,7,672256,-0.042833044748064,-0.006379008395987151,0.625,0.0,0.0,0.2617246020512731,0.3127456175914908,0.9935771252128507,0.9980258798967123,0.0,0.887879079107821,0.9581962768276265,8,0,36166871cf24803cb6d13774a0e74515c1692c7849f5d725e98829284e4bb486,f546d0b153da0143074eb178238a891d0d8d392196329560c3f64d76e2f148fa,False
1,3026,3,3029,FAIL,0.1806212022682307,last,6,7b01cad301df89281b5eaa1ed3ce9a4be7e2005a64def0324fbe753cc175afd7,train,response_projection,4,25152,-0.0060347409567218,0.00023438770407137408,0.625,0.0,0.0,0.44549631235277076,0.5669838860592822,0.9986784017427586,1.002759485518711,0.0,0.9826441070098337,0.9866125430116126,8,0,36166871cf24803cb6d13774a0e74515c1692c7849f5d725e98829284e4bb486,f546d0b153da0143074eb178238a891d0d8d392196329560c3f64d76e2f148fa,False
1,3026,3,3029,FAIL,0.1806212022682307,last,6,7b01cad301df89281b5eaa1ed3ce9a4be7e2005a64def0324fbe753cc175afd7,validation,all_shared,32,917824,0.1956027024948069,0.2594869547966796,0.25,0.25,0.0,0.034001190050326105,0.03894134468579556,1.0057233489490724,1.0114824058059582,0.0,7.722716513267029,7.576675368918477,8,0,36166871cf24803cb6d13774a0e74515c1692c7849f5d725e98829284e4bb486,f546d0b153da0143074eb178238a891d0d8d392196329560c3f64d76e2f148fa,False
1,3026,3,3029,FAIL,0.1806212022682307,last,6,7b01cad301df89281b5eaa1ed3ce9a4be7e2005a64def0324fbe753cc175afd7,validation,encoder_overall,28,892672,0.20254764536868658,0.2650419426882102,0.25,0.25,0.0,0.03275303107830935,0.037570590563882636,1.005750439282011,1.0115382093988265,0.0,8.198811710876312,7.861306144482706,8,0,36166871cf24803cb6d13774a0e74515c1692c7849f5d725e98829284e4bb486,f546d0b153da0143074eb178238a891d0d8d392196329560c3f64d76e2f148fa,False
1,3026,3,3029,FAIL,0.1806212022682307,last,6,7b01cad301df89281b5eaa1ed3ce9a4be7e2005a64def0324fbe753cc175afd7,validation,encoder_stage_1,7,10112,0.3547621784140982,0.40258862604238754,0.25,0.125,0.0,0.0338229935759244,0.03242147364502016,1.0120155450031438,1.0175635451735903,0.0,13.33282286670553,11.26736695703251,8,0,36166871cf24803cb6d13774a0e74515c1692c7849f5d725e98829284e4bb486,f546d0b153da0143074eb178238a891d0d8d392196329560c3f64d76e2f148fa,False
1,3026,3,3029,FAIL,0.1806212022682307,last,6,7b01cad301df89281b5eaa1ed3ce9a4be7e2005a64def0324fbe753cc175afd7,validation,encoder_stage_2,7,42112,0.23006622540497434,0.2832450291677039,0.25,0.25,0.125,0.0252180575358042,0.027888245453326386,1.004778571207246,1.0108245341143636,0.0,12.420008219410189,9.60686669679389,8,0,36166871cf24803cb6d13774a0e74515c1692c7849f5d725e98829284e4bb486,f546d0b153da0143074eb178238a891d0d8d392196329560c3f64d76e2f148fa,False
1,3026,3,3029,FAIL,0.1806212022682307,last,6,7b01cad301df89281b5eaa1ed3ce9a4be7e2005a64def0324fbe753cc175afd7,validation,encoder_stage_3,7,168192,0.16561705726835324,0.1909113789285756,0.25,0.25,0.0,0.0313176780786133,0.03410170212892976,1.004396205403623,1.007610137660835,0.0,7.271969186871466,6.556619251171216,8,0,36166871cf24803cb6d13774a0e74515c1692c7849f5d725e98829284e4bb486,f546d0b153da0143074eb178238a891d0d8d392196329560c3f64d76e2f148fa,False
1,3026,3,3029,FAIL,0.1806212022682307,last,6,7b01cad301df89281b5eaa1ed3ce9a4be7e2005a64def0324fbe753cc175afd7,validation,encoder_stage_4,7,672256,0.0599496603746501,0.04750123963459512,0.375,0.0,0.0,0.09379960324807879,0.09811312736364937,1.0033577312697477,1.0030637068790407,0.0,1.5866072910895253,1.7015421254369398,8,0,36166871cf24803cb6d13774a0e74515c1692c7849f5d725e98829284e4bb486,f546d0b153da0143074eb178238a891d0d8d392196329560c3f64d76e2f148fa,False
1,3026,3,3029,FAIL,0.1806212022682307,last,6,7b01cad301df89281b5eaa1ed3ce9a4be7e2005a64def0324fbe753cc175afd7,validation,response_projection,4,25152,-0.022559029463017,-0.0148719671795817,0.625,0.125,0.0,0.14971786905819007,0.17623697136740263,0.996974214314806,0.9944028685522761,0.0,0.8293348980394015,0.981745382530856,8,0,36166871cf24803cb6d13774a0e74515c1692c7849f5d725e98829284e4bb486,f546d0b153da0143074eb178238a891d0d8d392196329560c3f64d76e2f148fa,False
1,3026,3,3029,FAIL,0.1806212022682307,selected,2,b68b94138b9d182071eebea7ea57b40fb23d163f8cbd957536d2bbc1b88491b6,train,all_shared,32,917824,-0.194977507619189,-0.07892524075056093,0.75,0.625,0.375,0.5113579455665442,0.5698366636627905,0.9349426175342674,1.0063103469142365,0.0,0.5401982609468676,0.6514439211172792,8,0,36166871cf24803cb6d13774a0e74515c1692c7849f5d725e98829284e4bb486,f546d0b153da0143074eb178238a891d0d8d392196329560c3f64d76e2f148fa,False
1,3026,3,3029,FAIL,0.1806212022682307,selected,2,b68b94138b9d182071eebea7ea57b40fb23d163f8cbd957536d2bbc1b88491b6,train,encoder_overall,28,892672,-0.20699910564871335,-0.08137003564209098,0.75,0.625,0.5,0.5290797190644723,0.5827439344415719,0.9285014275724943,1.0059837929300521,0.0,0.5300970469805275,0.6500377740985621,8,0,36166871cf24803cb6d13774a0e74515c1692c7849f5d725e98829284e4bb486,f546d0b153da0143074eb178238a891d0d8d392196329560c3f64d76e2f148fa,False
1,3026,3,3029,FAIL,0.1806212022682307,selected,2,b68b94138b9d182071eebea7ea57b40fb23d163f8cbd957536d2bbc1b88491b6,train,encoder_stage_1,7,10112,-0.4518858226738601,-0.19157099383461773,0.75,0.625,0.625,0.9782133644321541,0.9228170117459079,0.794207818028059,0.8670749571300101,0.0,0.42782348449151886,0.6334407644249471,8,0,36166871cf24803cb6d13774a0e74515c1692c7849f5d725e98829284e4bb486,f546d0b153da0143074eb178238a891d0d8d392196329560c3f64d76e2f148fa,False
1,3026,3,3029,FAIL,0.1806212022682307,selected,2,b68b94138b9d182071eebea7ea57b40fb23d163f8cbd957536d2bbc1b88491b6,train,encoder_stage_2,7,42112,-0.2759929364023641,-0.11421503178250056,0.625,0.625,0.5,0.9544708226268425,0.8806113512578125,0.8860571016210346,0.9463682496707383,0.0,0.5094084370160776,0.7281097376042934,8,0,36166871cf24803cb6d13774a0e74515c1692c7849f5d725e98829284e4bb486,f546d0b153da0143074eb178238a891d0d8d392196329560c3f64d76e2f148fa,False
1,3026,3,3029,FAIL,0.1806212022682307,selected,2,b68b94138b9d182071eebea7ea57b40fb23d163f8cbd957536d2bbc1b88491b6,train,encoder_stage_3,7,168192,-0.3022788360326037,-0.12537893874153938,0.75,0.75,0.625,0.5916864562693929,0.59869031308379,0.8757616084452515,0.9961234696431759,0.0,0.42085362953711336,0.5159107031844963,8,0,36166871cf24803cb6d13774a0e74515c1692c7849f5d725e98829284e4bb486,f546d0b153da0143074eb178238a891d0d8d392196329560c3f64d76e2f148fa,False
1,3026,3,3029,FAIL,0.1806212022682307,selected,2,b68b94138b9d182071eebea7ea57b40fb23d163f8cbd957536d2bbc1b88491b6,train,encoder_stage_4,7,672256,-0.09333032815392356,-0.045954940226078086,0.75,0.5,0.125,0.4405459740531895,0.4605847866312899,0.965958692313841,1.0126326254054008,0.0,0.7318543876615891,0.7042353238860245,8,0,36166871cf24803cb6d13774a0e74515c1692c7849f5d725e98829284e4bb486,f546d0b153da0143074eb178238a891d0d8d392196329560c3f64d76e2f148fa,False
1,3026,3,3029,FAIL,0.1806212022682307,selected,2,b68b94138b9d182071eebea7ea57b40fb23d163f8cbd957536d2bbc1b88491b6,train,response_projection,4,25152,-0.055184615246435746,-0.03225291623330654,0.75,0.125,0.0,0.3530724312047787,0.43082934639717835,0.9895908755677676,1.0011636486447788,0.0,0.8431432116109886,0.8045998385149694,8,0,36166871cf24803cb6d13774a0e74515c1692c7849f5d725e98829284e4bb486,f546d0b153da0143074eb178238a891d0d8d392196329560c3f64d76e2f148fa,False
1,3026,3,3029,FAIL,0.1806212022682307,selected,2,b68b94138b9d182071eebea7ea57b40fb23d163f8cbd957536d2bbc1b88491b6,validation,all_shared,32,917824,0.0939162483584883,0.08176832835801136,0.375,0.375,0.125,0.32955324211993015,0.36479830906067456,1.0264118707006755,1.0659955710878757,0.0,1.3375048821252498,0.9547927237023043,8,0,36166871cf24803cb6d13774a0e74515c1692c7849f5d725e98829284e4bb486,f546d0b153da0143074eb178238a891d0d8d392196329560c3f64d76e2f148fa,False
1,3026,3,3029,FAIL,0.1806212022682307,selected,2,b68b94138b9d182071eebea7ea57b40fb23d163f8cbd957536d2bbc1b88491b6,validation,encoder_overall,28,892672,0.1030671636632629,0.08951510455140682,0.375,0.375,0.125,0.3368202662290622,0.37162972673222694,1.02972493150843,1.0725243847618682,0.0,1.3618842658337558,0.9608093735775451,8,0,36166871cf24803cb6d13774a0e74515c1692c7849f5d725e98829284e4bb486,f546d0b153da0143074eb178238a891d0d8d392196329560c3f64d76e2f148fa,False
1,3026,3,3029,FAIL,0.1806212022682307,selected,2,b68b94138b9d182071eebea7ea57b40fb23d163f8cbd957536d2bbc1b88491b6,validation,encoder_stage_1,7,10112,0.25926320895332305,0.20583855734975473,0.375,0.375,0.25,0.5097131506098187,0.5127807081226985,1.101292212005284,1.191118636631378,0.0,1.5714063770243356,1.1414739635496314,8,0,36166871cf24803cb6d13774a0e74515c1692c7849f5d725e98829284e4bb486,f546d0b153da0143074eb178238a891d0d8d392196329560c3f64d76e2f148fa,False
1,3026,3,3029,FAIL,0.1806212022682307,selected,2,b68b94138b9d182071eebea7ea57b40fb23d163f8cbd957536d2bbc1b88491b6,validation,encoder_stage_2,7,42112,0.2085162371011011,0.1728927478430015,0.375,0.375,0.25,0.4775550906888144,0.4739346363482977,1.0812174204792409,1.1560122269141773,0.0,1.5611578330445437,1.0344354893903167,8,0,36166871cf24803cb6d13774a0e74515c1692c7849f5d725e98829284e4bb486,f546d0b153da0143074eb178238a891d0d8d392196329560c3f64d76e2f148fa,False
1,3026,3,3029,FAIL,0.1806212022682307,selected,2,b68b94138b9d182071eebea7ea57b40fb23d163f8cbd957536d2bbc1b88491b6,validation,encoder_stage_3,7,168192,0.15456797379368956,0.11420661871862532,0.375,0.375,0.125,0.3065937850757031,0.3713591636876903,1.0426615021550785,1.0928314082252844,0.0,1.5319158196518337,0.9663001360598403,8,0,36166871cf24803cb6d13774a0e74515c1692c7849f5d725e98829284e4bb486,f546d0b153da0143074eb178238a891d0d8d392196329560c3f64d76e2f148fa,False
1,3026,3,3029,FAIL,0.1806212022682307,selected,2,b68b94138b9d182071eebea7ea57b40fb23d163f8cbd957536d2bbc1b88491b6,validation,encoder_stage_4,7,672256,-0.00893090225856265,0.013361048895900923,0.625,0.125,0.0,0.25145825004166994,0.2886658347115238,0.9984032886174297,1.0144957836162682,0.0,0.9488151332093449,0.9075467866046698,8,0,36166871cf24803cb6d13774a0e74515c1692c7849f5d725e98829284e4bb486,f546d0b153da0143074eb178238a891d0d8d392196329560c3f64d76e2f148fa,False
1,3026,3,3029,FAIL,0.1806212022682307,selected,2,b68b94138b9d182071eebea7ea57b40fb23d163f8cbd957536d2bbc1b88491b6,validation,response_projection,4,25152,-0.0048792276297618,-0.011390829436625987,0.5,0.0,0.0,0.21577721524629306,0.27085921605339364,0.9972182536342055,0.9983891738572839,0.0,0.9917822166696675,0.9789861148658572,8,0,36166871cf24803cb6d13774a0e74515c1692c7849f5d725e98829284e4bb486,f546d0b153da0143074eb178238a891d0d8d392196329560c3f64d76e2f148fa,False
1,4026,0,4026,PASS,0.0497572558014174,last,7,6bdcf06413bb283a6033e45b61087f50b98f5a693eb14bae3e6e63ba283154e9,train,all_shared,32,917824,0.1039347215125206,0.009413396876690662,0.25,0.25,0.25,0.09731541065800009,0.09942112602589985,1.0081725340843364,1.0019040654459053,0.0,2.4749806392946208,-1.6653100499829177,8,0,36166871cf24803cb6d13774a0e74515c1692c7849f5d725e98829284e4bb486,f546d0b153da0143074eb178238a891d0d8d392196329560c3f64d76e2f148fa,False
1,4026,0,4026,PASS,0.0497572558014174,last,7,6bdcf06413bb283a6033e45b61087f50b98f5a693eb14bae3e6e63ba283154e9,train,encoder_overall,28,892672,0.11196304298948505,0.012771477979774903,0.25,0.25,0.25,0.0921200237081055,0.09528765028431399,1.0081877344851884,1.0020061351264593,0.0,2.634440522129867,-1.5863452739741848,8,0,36166871cf24803cb6d13774a0e74515c1692c7849f5d725e98829284e4bb486,f546d0b153da0143074eb178238a891d0d8d392196329560c3f64d76e2f148fa,False
1,4026,0,4026,PASS,0.0497572558014174,last,7,6bdcf06413bb283a6033e45b61087f50b98f5a693eb14bae3e6e63ba283154e9,train,encoder_stage_1,7,10112,0.30294573185936013,0.06849539348351323,0.25,0.25,0.25,0.062504637881147,0.06258417568341756,1.0121532580600912,1.002454276175114,0.0,5.09036355298843,-0.003488822277105008,8,0,36166871cf24803cb6d13774a0e74515c1692c7849f5d725e98829284e4bb486,f546d0b153da0143074eb178238a891d0d8d392196329560c3f64d76e2f148fa,False
1,4026,0,4026,PASS,0.0497572558014174,last,7,6bdcf06413bb283a6033e45b61087f50b98f5a693eb14bae3e6e63ba283154e9,train,encoder_stage_2,7,42112,0.13809763407563716,0.0013437403414852597,0.375,0.25,0.25,0.0687814399009791,0.07080938833149596,1.0066943270013233,1.0001944236215152,0.0,3.1178223805239917,-1.6974434923135089,8,0,36166871cf24803cb6d13774a0e74515c1692c7849f5d725e98829284e4bb486,f546d0b153da0143074eb178238a891d0d8d392196329560c3f64d76e2f148fa,False
1,4026,0,4026,PASS,0.0497572558014174,last,7,6bdcf06413bb283a6033e45b61087f50b98f5a693eb14bae3e6e63ba283154e9,train,encoder_stage_3,7,168192,0.05898373018343485,0.0007679774813160248,0.375,0.25,0.125,0.11221534923186455,0.11295213627000251,1.0065193221790198,1.003316844417022,0.0,1.526886021184842,-1.0244584549766556,8,0,36166871cf24803cb6d13774a0e74515c1692c7849f5d725e98829284e4bb486,f546d0b153da0143074eb178238a891d0d8d392196329560c3f64d76e2f148fa,False
1,4026,0,4026,PASS,0.0497572558014174,last,7,6bdcf06413bb283a6033e45b61087f50b98f5a693eb14bae3e6e63ba283154e9,train,encoder_stage_4,7,672256,0.06624608299107075,-0.00654276606448085,0.25,0.25,0.125,0.22043109015076862,0.19863920048416717,1.0062943816245862,1.0014264180737376,0.0,1.3112695200901405,0.12255606475802794,8,0,36166871cf24803cb6d13774a0e74515c1692c7849f5d725e98829284e4bb486,f546d0b153da0143074eb178238a891d0d8d392196329560c3f64d76e2f148fa,False
1,4026,0,4026,PASS,0.0497572558014174,last,7,6bdcf06413bb283a6033e45b61087f50b98f5a693eb14bae3e6e63ba283154e9,train,response_projection,4,25152,0.01688402132888285,-0.012970507395620622,0.375,0.125,0.0,0.3175142860642426,0.3247604014169745,1.0038460902901196,0.9980016468127446,0.0,1.0629686247293058,0.6994925582714493,8,0,36166871cf24803cb6d13774a0e74515c1692c7849f5d725e98829284e4bb486,f546d0b153da0143074eb178238a891d0d8d392196329560c3f64d76e2f148fa,False
1,4026,0,4026,PASS,0.0497572558014174,last,7,6bdcf06413bb283a6033e45b61087f50b98f5a693eb14bae3e6e63ba283154e9,validation,all_shared,32,917824,0.0642182789076553,0.0883635017186618,0.125,0.125,0.0,0.0353739615711609,0.041579077563531686,1.0016341690454165,1.0070962549012918,0.0,3.531856080737458,3.6236849730990244,8,0,36166871cf24803cb6d13774a0e74515c1692c7849f5d725e98829284e4bb486,f546d0b153da0143074eb178238a891d0d8d392196329560c3f64d76e2f148fa,False
1,4026,0,4026,PASS,0.0497572558014174,last,7,6bdcf06413bb283a6033e45b61087f50b98f5a693eb14bae3e6e63ba283154e9,validation,encoder_overall,28,892672,0.06743327036380554,0.09361254639985693,0.125,0.125,0.0,0.03370375448690635,0.0394968224347977,1.001655326308215,1.0071073588426982,0.0,3.795675488636874,3.843766520192993,8,0,36166871cf24803cb6d13774a0e74515c1692c7849f5d725e98829284e4bb486,f546d0b153da0143074eb178238a891d0d8d392196329560c3f64d76e2f148fa,False
1,4026,0,4026,PASS,0.0497572558014174,last,7,6bdcf06413bb283a6033e45b61087f50b98f5a693eb14bae3e6e63ba283154e9,validation,encoder_stage_1,7,10112,0.23865633237271905,0.23924443078999486,0.125,0.125,0.125,0.0209558219213407,0.02351708334397415,1.0019349900743286,1.0084227672096027,0.0,17.681659688428617,17.57083522084643,8,0,36166871cf24803cb6d13774a0e74515c1692c7849f5d725e98829284e4bb486,f546d0b153da0143074eb178238a891d0d8d392196329560c3f64d76e2f148fa,False
1,4026,0,4026,PASS,0.0497572558014174,last,7,6bdcf06413bb283a6033e45b61087f50b98f5a693eb14bae3e6e63ba283154e9,validation,encoder_stage_2,7,42112,0.0370682697482404,0.06168906890318722,0.375,0.125,0.0,0.02537150697397765,0.028787663877190374,1.0010003743317282,1.0053830800907093,0.0,2.3623847212425275,1.534034668650512,8,0,36166871cf24803cb6d13774a0e74515c1692c7849f5d725e98829284e4bb486,f546d0b153da0143074eb178238a891d0d8d392196329560c3f64d76e2f148fa,False
1,4026,0,4026,PASS,0.0497572558014174,last,7,6bdcf06413bb283a6033e45b61087f50b98f5a693eb14bae3e6e63ba283154e9,validation,encoder_stage_3,7,168192,0.07895564035505435,0.07555538591670342,0.375,0.0,0.0,0.040874892780559946,0.04802508726184773,1.0015232088820445,1.0068568407152625,0.0,3.0449540350721334,3.063668959810272,8,0,36166871cf24803cb6d13774a0e74515c1692c7849f5d725e98829284e4bb486,f546d0b153da0143074eb178238a891d0d8d392196329560c3f64d76e2f148fa,False
1,4026,0,4026,PASS,0.0497572558014174,last,7,6bdcf06413bb283a6033e45b61087f50b98f5a693eb14bae3e6e63ba283154e9,validation,encoder_stage_4,7,672256,0.0226342167741472,0.01956938913360245,0.375,0.0,0.0,0.0975968657239876,0.11290860341624484,1.0013740375511033,1.0057699018236124,0.0,1.292715606106062,1.1397198521357539,8,0,36166871cf24803cb6d13774a0e74515c1692c7849f5d725e98829284e4bb486,f546d0b153da0143074eb178238a891d0d8d392196329560c3f64d76e2f148fa,False
1,4026,0,4026,PASS,0.0497572558014174,last,7,6bdcf06413bb283a6033e45b61087f50b98f5a693eb14bae3e6e63ba283154e9,validation,response_projection,4,25152,0.009497378697542299,0.002982798040827862,0.375,0.0,0.0,0.20193408016607375,0.22886780594968234,1.0014737464737118,1.0039653916615858,0.0,1.0376155986987872,1.0131554569343102,8,0,36166871cf24803cb6d13774a0e74515c1692c7849f5d725e98829284e4bb486,f546d0b153da0143074eb178238a891d0d8d392196329560c3f64d76e2f148fa,False
1,4026,0,4026,PASS,0.0497572558014174,selected,3,059c924a192eab6f50820f2989f802719b50a5a8129bc46d2639fe440c78215b,train,all_shared,32,917824,0.4773467767242431,0.26149765071507614,0.25,0.25,0.25,0.18654062495148535,0.2025781239328296,1.0695455737376247,1.0387844513227227,0.0,3.2003542445002733,4.151481570502272,8,0,36166871cf24803cb6d13774a0e74515c1692c7849f5d725e98829284e4bb486,f546d0b153da0143074eb178238a891d0d8d392196329560c3f64d76e2f148fa,False
1,4026,0,4026,PASS,0.0497572558014174,selected,3,059c924a192eab6f50820f2989f802719b50a5a8129bc46d2639fe440c78215b,train,encoder_overall,28,892672,0.5013327723528433,0.27165858688580913,0.25,0.25,0.25,0.18008607140370253,0.19909534692160857,1.0698348691008426,1.0403600223899865,0.0,3.414764797230654,4.320219828460857,8,0,36166871cf24803cb6d13774a0e74515c1692c7849f5d725e98829284e4bb486,f546d0b153da0143074eb178238a891d0d8d392196329560c3f64d76e2f148fa,False
1,4026,0,4026,PASS,0.0497572558014174,selected,3,059c924a192eab6f50820f2989f802719b50a5a8129bc46d2639fe440c78215b,train,encoder_stage_1,7,10112,0.7638082828578414,0.38372567996172263,0.25,0.25,0.25,0.1309514854765244,0.17635543506331552,1.0816019179344654,1.0766704152502535,0.0,5.611100030689442,5.2716587326605335,8,0,36166871cf24803cb6d13774a0e74515c1692c7849f5d725e98829284e4bb486,f546d0b153da0143074eb178238a891d0d8d392196329560c3f64d76e2f148fa,False
1,4026,0,4026,PASS,0.0497572558014174,selected,3,059c924a192eab6f50820f2989f802719b50a5a8129bc46d2639fe440c78215b,train,encoder_stage_2,7,42112,0.6476412416622983,0.3309934721342195,0.25,0.25,0.25,0.1305815383536412,0.1710418761048014,1.06388686111088,1.0451638792987354,0.0,5.373765918772737,6.144045162755102,8,0,36166871cf24803cb6d13774a0e74515c1692c7849f5d725e98829284e4bb486,f546d0b153da0143074eb178238a891d0d8d392196329560c3f64d76e2f148fa,False
1,4026,0,4026,PASS,0.0497572558014174,selected,3,059c924a192eab6f50820f2989f802719b50a5a8129bc46d2639fe440c78215b,train,encoder_stage_3,7,168192,0.3422018480567649,0.1738813122079549,0.25,0.25,0.25,0.22390911358859367,0.21945463384975858,1.0482452982804644,1.0193313588338755,0.0,2.3553241669918155,3.4668376996899384,8,0,36166871cf24803cb6d13774a0e74515c1692c7849f5d725e98829284e4bb486,f546d0b153da0143074eb178238a891d0d8d392196329560c3f64d76e2f148fa,False
1,4026,0,4026,PASS,0.0497572558014174,selected,3,059c924a192eab6f50820f2989f802719b50a5a8129bc46d2639fe440c78215b,train,encoder_stage_4,7,672256,0.14217485958833825,0.07339157835727023,0.25,0.25,0.125,0.3382192862469747,0.37851828477573807,1.0287134720989055,1.0194205305689392,0.0,1.3764464950402053,1.4144252757438553,8,0,36166871cf24803cb6d13774a0e74515c1692c7849f5d725e98829284e4bb486,f546d0b153da0143074eb178238a891d0d8d392196329560c3f64d76e2f148fa,False
1,4026,0,4026,PASS,0.0497572558014174,selected,3,059c924a192eab6f50820f2989f802719b50a5a8129bc46d2639fe440c78215b,train,response_projection,4,25152,0.0172013167520458,0.004777397518735297,0.375,0.125,0.0,0.35626558018786303,0.4645064132278402,1.0064879269534845,1.0036088202754008,0.0,1.0212134429240987,1.0114011473704023,8,0,36166871cf24803cb6d13774a0e74515c1692c7849f5d725e98829284e4bb486,f546d0b153da0143074eb178238a891d0d8d392196329560c3f64d76e2f148fa,False
1,4026,0,4026,PASS,0.0497572558014174,selected,3,059c924a192eab6f50820f2989f802719b50a5a8129bc46d2639fe440c78215b,validation,all_shared,32,917824,0.3450933175387121,0.2580357340064531,0.125,0.0,0.0,0.04996674161779645,0.06383609355995555,1.0133991309015682,1.017063182827682,0.0,7.40782703807688,7.543826301033781,8,0,36166871cf24803cb6d13774a0e74515c1692c7849f5d725e98829284e4bb486,f546d0b153da0143074eb178238a891d0d8d392196329560c3f64d76e2f148fa,False
1,4026,0,4026,PASS,0.0497572558014174,selected,3,059c924a192eab6f50820f2989f802719b50a5a8129bc46d2639fe440c78215b,validation,encoder_overall,28,892672,0.3722884522577611,0.2740425169144034,0.125,0.0,0.0,0.04709598724030495,0.059506094956007685,1.0133991406360554,1.0170854858245413,0.0,8.14618510902387,8.344599202095228,8,0,36166871cf24803cb6d13774a0e74515c1692c7849f5d725e98829284e4bb486,f546d0b153da0143074eb178238a891d0d8d392196329560c3f64d76e2f148fa,False
1,4026,0,4026,PASS,0.0497572558014174,selected,3,059c924a192eab6f50820f2989f802719b50a5a8129bc46d2639fe440c78215b,validation,encoder_stage_1,7,10112,0.6545666498979006,0.5701941929205812,0.0,0.0,0.0,0.02995821417149115,0.03798711724478368,1.0165885277865727,1.0230533460908686,0.0,17.971886216411082,24.82672640069292,8,0,36166871cf24803cb6d13774a0e74515c1692c7849f5d725e98829284e4bb486,f546d0b153da0143074eb178238a891d0d8d392196329560c3f64d76e2f148fa,False
1,4026,0,4026,PASS,0.0497572558014174,selected,3,059c924a192eab6f50820f2989f802719b50a5a8129bc46d2639fe440c78215b,validation,encoder_stage_2,7,42112,0.4448753514656751,0.26260241668357426,0.375,0.25,0.0,0.0304986278334932,0.035475834465566736,1.010260160795992,1.0113150279422536,0.0,8.615842658032028,10.460398705955873,8,0,36166871cf24803cb6d13774a0e74515c1692c7849f5d725e98829284e4bb486,f546d0b153da0143074eb178238a891d0d8d392196329560c3f64d76e2f148fa,False
1,4026,0,4026,PASS,0.0497572558014174,selected,3,059c924a192eab6f50820f2989f802719b50a5a8129bc46d2639fe440c78215b,validation,encoder_stage_3,7,168192,0.13970594623154114,0.1056367678580617,0.375,0.125,0.0,0.05518638493049935,0.06604196681264912,1.0072976761611532,1.00843861028186,0.0,2.859083338039836,3.6297936603222594,8,0,36166871cf24803cb6d13774a0e74515c1692c7849f5d725e98829284e4bb486,f546d0b153da0143074eb178238a891d0d8d392196329560c3f64d76e2f148fa,False
1,4026,0,4026,PASS,0.0497572558014174,selected,3,059c924a192eab6f50820f2989f802719b50a5a8129bc46d2639fe440c78215b,validation,encoder_stage_4,7,672256,0.10989558071325176,0.06351978471495794,0.375,0.125,0.0,0.16142840695585592,0.2063843278381889,1.017578886452158,1.0175106843579043,0.0,1.4237323110709308,1.273444874813488,8,0,36166871cf24803cb6d13774a0e74515c1692c7849f5d725e98829284e4bb486,f546d0b153da0143074eb178238a891d0d8d392196329560c3f64d76e2f148fa,False
1,4026,0,4026,PASS,0.0497572558014174,selected,3,059c924a192eab6f50820f2989f802719b50a5a8129bc46d2639fe440c78215b,validation,response_projection,4,25152,0.0276871514209885,0.0126733053941412,0.25,0.0,0.0,0.27184291586081843,0.4037230574928822,1.0068542583332807,1.0107966041013317,0.0,1.043656493273622,0.9499375429233101,8,0,36166871cf24803cb6d13774a0e74515c1692c7849f5d725e98829284e4bb486,f546d0b153da0143074eb178238a891d0d8d392196329560c3f64d76e2f148fa,False
1,5026,1,5027,FAIL,0.082763053935025,last,6,58c3a5510e2b03c1e287961d7e08dde7d87444fe4d628519cdc0244e2801e440,train,all_shared,32,917824,0.4861104181512843,0.45029587269282967,0.0,0.0,0.0,0.20775601869623567,0.22237491728647368,1.1050156352977352,1.0986707747867588,0.0,3.4102469057857485,3.2093477881092793,8,0,36166871cf24803cb6d13774a0e74515c1692c7849f5d725e98829284e4bb486,f546d0b153da0143074eb178238a891d0d8d392196329560c3f64d76e2f148fa,False
1,5026,1,5027,FAIL,0.082763053935025,last,6,58c3a5510e2b03c1e287961d7e08dde7d87444fe4d628519cdc0244e2801e440,train,encoder_overall,28,892672,0.5070808798464432,0.4671867993253863,0.0,0.0,0.0,0.2019497838103858,0.21373398539264088,1.1055487233345458,1.099014854651695,0.0,3.552851164128409,3.372921676464712,8,0,36166871cf24803cb6d13774a0e74515c1692c7849f5d725e98829284e4bb486,f546d0b153da0143074eb178238a891d0d8d392196329560c3f64d76e2f148fa,False
1,5026,1,5027,FAIL,0.082763053935025,last,6,58c3a5510e2b03c1e287961d7e08dde7d87444fe4d628519cdc0244e2801e440,train,encoder_stage_1,7,10112,0.6761448659108487,0.6554001781363128,0.0,0.0,0.0,0.13455637501512202,0.13829298974653811,1.1023683377034579,1.0901401489334006,0.0,6.343289557263737,6.522176503265243,8,0,36166871cf24803cb6d13774a0e74515c1692c7849f5d725e98829284e4bb486,f546d0b153da0143074eb178238a891d0d8d392196329560c3f64d76e2f148fa,False
1,5026,1,5027,FAIL,0.082763053935025,last,6,58c3a5510e2b03c1e287961d7e08dde7d87444fe4d628519cdc0244e2801e440,train,encoder_stage_2,7,42112,0.7087938600946666,0.6762413395201408,0.0,0.0,0.0,0.14814644161095858,0.1559972456233082,1.1093689237176432,1.108273025158847,0.0,5.598432722326866,5.526745129072832,8,0,36166871cf24803cb6d13774a0e74515c1692c7849f5d725e98829284e4bb486,f546d0b153da0143074eb178238a891d0d8d392196329560c3f64d76e2f148fa,False
1,5026,1,5027,FAIL,0.082763053935025,last,6,58c3a5510e2b03c1e287961d7e08dde7d87444fe4d628519cdc0244e2801e440,train,encoder_stage_3,7,168192,0.48150388396956245,0.435817667466583,0.0,0.0,0.0,0.1966103781651291,0.21055969095124066,1.0997800610019697,1.0918454321559286,0.0,3.432307127582151,3.236173396898263,8,0,36166871cf24803cb6d13774a0e74515c1692c7849f5d725e98829284e4bb486,f546d0b153da0143074eb178238a891d0d8d392196329560c3f64d76e2f148fa,False
1,5026,1,5027,FAIL,0.082763053935025,last,6,58c3a5510e2b03c1e287961d7e08dde7d87444fe4d628519cdc0244e2801e440,train,encoder_stage_4,7,672256,0.21403259438275735,0.19897460276738027,0.125,0.0,0.0,0.43265679295040327,0.45653892072291113,1.0943404615379952,1.0900240723804595,0.0,1.5715663040378969,1.4675638495075867,8,0,36166871cf24803cb6d13774a0e74515c1692c7849f5d725e98829284e4bb486,f546d0b153da0143074eb178238a891d0d8d392196329560c3f64d76e2f148fa,False
1,5026,1,5027,FAIL,0.082763053935025,last,6,58c3a5510e2b03c1e287961d7e08dde7d87444fe4d628519cdc0244e2801e440,train,response_projection,4,25152,0.0862899288214556,0.0903840731123032,0.0,0.0,0.0,0.696893453013389,0.7310887843509006,1.0708013781717063,1.0653555499113425,0.0,1.100410562126561,1.1299470317942442,8,0,36166871cf24803cb6d13774a0e74515c1692c7849f5d725e98829284e4bb486,f546d0b153da0143074eb178238a891d0d8d392196329560c3f64d76e2f148fa,False
1,5026,1,5027,FAIL,0.082763053935025,last,6,58c3a5510e2b03c1e287961d7e08dde7d87444fe4d628519cdc0244e2801e440,validation,all_shared,32,917824,0.4696032319931634,0.44153730523386403,0.0,0.0,0.0,0.1256169329817572,0.11533370514049321,1.0568023776347326,1.0519643216322199,0.0,4.943203412624782,5.084939440378753,8,0,36166871cf24803cb6d13774a0e74515c1692c7849f5d725e98829284e4bb486,f546d0b153da0143074eb178238a891d0d8d392196329560c3f64d76e2f148fa,False
1,5026,1,5027,FAIL,0.082763053935025,last,6,58c3a5510e2b03c1e287961d7e08dde7d87444fe4d628519cdc0244e2801e440,validation,encoder_overall,28,892672,0.48962721929124825,0.4605218499968866,0.0,0.0,0.0,0.12087557028099069,0.11048109379751317,1.056618732827452,1.0518648398938097,0.0,5.308524075041613,5.468107182871618,8,0,36166871cf24803cb6d13774a0e74515c1692c7849f5d725e98829284e4bb486,f546d0b153da0143074eb178238a891d0d8d392196329560c3f64d76e2f148fa,False
1,5026,1,5027,FAIL,0.082763053935025,last,6,58c3a5510e2b03c1e287961d7e08dde7d87444fe4d628519cdc0244e2801e440,validation,encoder_stage_1,7,10112,0.6435828708837862,0.5848634714031153,0.0,0.0,0.0,0.07771136662771255,0.06844595296767655,1.043515090576042,1.0424949136113453,0.0,9.756537906190218,9.76762157799147,8,0,36166871cf24803cb6d13774a0e74515c1692c7849f5d725e98829284e4bb486,f546d0b153da0143074eb178238a891d0d8d392196329560c3f64d76e2f148fa,False
1,5026,1,5027,FAIL,0.082763053935025,last,6,58c3a5510e2b03c1e287961d7e08dde7d87444fe4d628519cdc0244e2801e440,validation,encoder_stage_2,7,42112,0.7556108333097422,0.6999367280300917,0.0,0.0,0.0,0.0863474290154051,0.07744280112311468,1.0573310824298474,1.0550115536834785,0.0,10.017416786820935,10.915312076118575,8,0,36166871cf24803cb6d13774a0e74515c1692c7849f5d725e98829284e4bb486,f546d0b153da0143074eb178238a891d0d8d392196329560c3f64d76e2f148fa,False
1,5026,1,5027,FAIL,0.082763053935025,last,6,58c3a5510e2b03c1e287961d7e08dde7d87444fe4d628519cdc0244e2801e440,validation,encoder_stage_3,7,168192,0.4843794320860612,0.4535641610131116,0.0,0.0,0.0,0.11452365611833909,0.10572624647842238,1.0566372503368446,1.0484298072241973,0.0,5.490206077327368,5.751304813671741,8,0,36166871cf24803cb6d13774a0e74515c1692c7849f5d725e98829284e4bb486,f546d0b153da0143074eb178238a891d0d8d392196329560c3f64d76e2f148fa,False
1,5026,1,5027,FAIL,0.082763053935025,last,6,58c3a5510e2b03c1e287961d7e08dde7d87444fe4d628519cdc0244e2801e440,validation,encoder_stage_4,7,672256,0.2284807065936847,0.21322690018234508,0.0,0.0,0.0,0.3054302714222775,0.27646961151941807,1.0594565700795662,1.059705807079025,0.0,1.8259447886759923,1.8228899477372948,8,0,36166871cf24803cb6d13774a0e74515c1692c7849f5d725e98829284e4bb486,f546d0b153da0143074eb178238a891d0d8d392196329560c3f64d76e2f148fa,False
1,5026,1,5027,FAIL,0.082763053935025,last,6,58c3a5510e2b03c1e287961d7e08dde7d87444fe4d628519cdc0244e2801e440,validation,response_projection,4,25152,0.14738850896563005,0.14590868877428503,0.0,0.0,0.0,0.5064353785012592,0.49717541350102223,1.0727488464799602,1.0711830984089343,0.0,1.2841610292899994,1.3247921238318994,8,0,36166871cf24803cb6d13774a0e74515c1692c7849f5d725e98829284e4bb486,f546d0b153da0143074eb178238a891d0d8d392196329560c3f64d76e2f148fa,False
1,5026,1,5027,FAIL,0.082763053935025,selected,2,c0b6f3858562934de6f7621fa2224fd1a571dfe9009c5ebe3a0819b87a92f002,train,all_shared,32,917824,0.03267428620089255,0.04286241144421532,0.375,0.375,0.0,0.41464552223723855,0.4925348449446777,1.0237494638393985,1.0158158240060375,0.0,1.0387310234054214,1.1309860668440073,8,0,36166871cf24803cb6d13774a0e74515c1692c7849f5d725e98829284e4bb486,f546d0b153da0143074eb178238a891d0d8d392196329560c3f64d76e2f148fa,False
1,5026,1,5027,FAIL,0.082763053935025,selected,2,c0b6f3858562934de6f7621fa2224fd1a571dfe9009c5ebe3a0819b87a92f002,train,encoder_overall,28,892672,0.027046743543308698,0.03926979670904379,0.375,0.375,0.0,0.41973895525883487,0.5039136175811799,1.0235808060051454,1.0133949168031902,0.0,1.0305929210882403,1.1247655837744501,8,0,36166871cf24803cb6d13774a0e74515c1692c7849f5d725e98829284e4bb486,f546d0b153da0143074eb178238a891d0d8d392196329560c3f64d76e2f148fa,False
1,5026,1,5027,FAIL,0.082763053935025,selected,2,c0b6f3858562934de6f7621fa2224fd1a571dfe9009c5ebe3a0819b87a92f002,train,encoder_stage_1,7,10112,0.3784054288857589,0.2730145380700067,0.25,0.25,0.25,0.6594615834547655,0.6978978290015379,1.176197227575488,1.1815727291375908,0.0,1.343931953101241,1.5808303138560629,8,0,36166871cf24803cb6d13774a0e74515c1692c7849f5d725e98829284e4bb486,f546d0b153da0143074eb178238a891d0d8d392196329560c3f64d76e2f148fa,False
1,5026,1,5027,FAIL,0.082763053935025,selected,2,c0b6f3858562934de6f7621fa2224fd1a571dfe9009c5ebe3a0819b87a92f002,train,encoder_stage_2,7,42112,0.4431863585839864,0.3187756937586805,0.25,0.125,0.125,0.6855827149140428,0.6991535266947789,1.2223420668272327,1.1910262745536497,0.0,1.4237894850198827,1.6932806358013424,8,0,36166871cf24803cb6d13774a0e74515c1692c7849f5d725e98829284e4bb486,f546d0b153da0143074eb178238a891d0d8d392196329560c3f64d76e2f148fa,False
1,5026,1,5027,FAIL,0.082763053935025,selected,2,c0b6f3858562934de6f7621fa2224fd1a571dfe9009c5ebe3a0819b87a92f002,train,encoder_stage_3,7,168192,0.1383649893027891,0.09107008846266126,0.375,0.375,0.0,0.48718435471298527,0.5433981716046192,1.068131916897633,1.0430951725506803,0.0,1.1682262575494335,1.2415192033976878,8,0,36166871cf24803cb6d13774a0e74515c1692c7849f5d725e98829284e4bb486,f546d0b153da0143074eb178238a891d0d8d392196329560c3f64d76e2f148fa,False
1,5026,1,5027,FAIL,0.082763053935025,selected,2,c0b6f3858562934de6f7621fa2224fd1a571dfe9009c5ebe3a0819b87a92f002,train,encoder_stage_4,7,672256,-0.0996337045021405,-0.08338646755673843,0.875,0.5,0.0,0.3807883785391222,0.4501676803421071,0.9535365813884473,0.9585010746370856,0.0,0.8354005673443279,0.8030657845595754,8,0,36166871cf24803cb6d13774a0e74515c1692c7849f5d725e98829284e4bb486,f546d0b153da0143074eb178238a891d0d8d392196329560c3f64d76e2f148fa,False
1,5026,1,5027,FAIL,0.082763053935025,selected,2,c0b6f3858562934de6f7621fa2224fd1a571dfe9009c5ebe3a0819b87a92f002,train,response_projection,4,25152,0.0747337409017266,0.06926516413727463,0.125,0.0,0.0,0.3660364637982092,0.39688536997590224,1.029264821553249,1.028520527170016,0.0,1.211911769488212,1.2052397760971794,8,0,36166871cf24803cb6d13774a0e74515c1692c7849f5d725e98829284e4bb486,f546d0b153da0143074eb178238a891d0d8d392196329560c3f64d76e2f148fa,False
1,5026,1,5027,FAIL,0.082763053935025,selected,2,c0b6f3858562934de6f7621fa2224fd1a571dfe9009c5ebe3a0819b87a92f002,validation,all_shared,32,917824,0.092561304068959,0.08037943568213139,0.125,0.125,0.125,0.4495353307021433,0.5019127494540514,1.044075469963218,1.0565123187189303,0.0,1.1986861764138097,1.0614276382184458,8,0,36166871cf24803cb6d13774a0e74515c1692c7849f5d725e98829284e4bb486,f546d0b153da0143074eb178238a891d0d8d392196329560c3f64d76e2f148fa,False
1,5026,1,5027,FAIL,0.082763053935025,selected,2,c0b6f3858562934de6f7621fa2224fd1a571dfe9009c5ebe3a0819b87a92f002,validation,encoder_overall,28,892672,0.09914151401225625,0.08395339649925075,0.125,0.125,0.125,0.4588566045762964,0.513954745495763,1.0486685690442434,1.059942227963524,0.0,1.2066832010448372,1.0672264769920825,8,0,36166871cf24803cb6d13774a0e74515c1692c7849f5d725e98829284e4bb486,f546d0b153da0143074eb178238a891d0d8d392196329560c3f64d76e2f148fa,False
1,5026,1,5027,FAIL,0.082763053935025,selected,2,c0b6f3858562934de6f7621fa2224fd1a571dfe9009c5ebe3a0819b87a92f002,validation,encoder_stage_1,7,10112,0.4233840148803675,0.3334656655708431,0.125,0.125,0.125,0.6167159078209731,0.6638600331407499,1.3375563695419699,1.2689568548848746,0.0,1.7325540641907353,1.5211554036105923,8,0,36166871cf24803cb6d13774a0e74515c1692c7849f5d725e98829284e4bb486,f546d0b153da0143074eb178238a891d0d8d392196329560c3f64d76e2f148fa,False
1,5026,1,5027,FAIL,0.082763053935025,selected,2,c0b6f3858562934de6f7621fa2224fd1a571dfe9009c5ebe3a0819b87a92f002,validation,encoder_stage_2,7,42112,0.580148093393948,0.4420215658467455,0.125,0.125,0.125,0.5791444297129666,0.6707725537674245,1.368917419962652,1.3666451491258393,0.0,1.8049299771782037,1.6125394798791348,8,0,36166871cf24803cb6d13774a0e74515c1692c7849f5d725e98829284e4bb486,f546d0b153da0143074eb178238a891d0d8d392196329560c3f64d76e2f148fa,False
1,5026,1,5027,FAIL,0.082763053935025,selected,2,c0b6f3858562934de6f7621fa2224fd1a571dfe9009c5ebe3a0819b87a92f002,validation,encoder_stage_3,7,168192,0.13370842504683939,0.17623941855739672,0.125,0.125,0.125,0.481600101850468,0.5348756136959134,1.0821238353633416,1.1192956398053704,0.0,1.3124459426042527,1.2468120426111675,8,0,36166871cf24803cb6d13774a0e74515c1692c7849f5d725e98829284e4bb486,f546d0b153da0143074eb178238a891d0d8d392196329560c3f64d76e2f148fa,False
1,5026,1,5027,FAIL,0.082763053935025,selected,2,c0b6f3858562934de6f7621fa2224fd1a571dfe9009c5ebe3a0819b87a92f002,validation,encoder_stage_4,7,672256,-0.0629860915017964,-0.07055169248165338,0.875,0.375,0.0,0.4064302464515963,0.4570133964421437,0.9758027989963175,0.9667527667354151,0.0,0.8543094462021634,0.7711229370377928,8,0,36166871cf24803cb6d13774a0e74515c1692c7849f5d725e98829284e4bb486,f546d0b153da0143074eb178238a891d0d8d392196329560c3f64d76e2f148fa,False
1,5026,1,5027,FAIL,0.082763053935025,selected,2,c0b6f3858562934de6f7621fa2224fd1a571dfe9009c5ebe3a0819b87a92f002,validation,response_projection,4,25152,0.057750259155651254,0.04224102063716683,0.25,0.125,0.0,0.36010780668514875,0.3897304249576776,1.0167947387666378,1.0262806455192475,0.0,1.1300923159610066,0.9644285486745514,8,0,36166871cf24803cb6d13774a0e74515c1692c7849f5d725e98829284e4bb486,f546d0b153da0143074eb178238a891d0d8d392196329560c3f64d76e2f148fa,False
1,5026,2,5028,FAIL,0.0535321748615022,last,6,71c299da930569cca2a281686599df213b36fab62df959bc9f4ef11be6a1ceaa,train,all_shared,32,917824,-0.11693917539923235,-0.09257888929002735,0.75,0.5,0.0,0.34107710626816695,0.435443299732703,0.9541212474275673,0.9574609724138468,0.0,0.821354900236703,0.7709878256968886,8,0,36166871cf24803cb6d13774a0e74515c1692c7849f5d725e98829284e4bb486,f546d0b153da0143074eb178238a891d0d8d392196329560c3f64d76e2f148fa,False
1,5026,2,5028,FAIL,0.0535321748615022,last,6,71c299da930569cca2a281686599df213b36fab62df959bc9f4ef11be6a1ceaa,train,encoder_overall,28,892672,-0.12248768674166916,-0.09670165539764623,0.75,0.5,0.0,0.3315022550896287,0.4244091385309223,0.9537989703529621,0.9565019494616165,0.0,0.8082244780111341,0.755382831387791,8,0,36166871cf24803cb6d13774a0e74515c1692c7849f5d725e98829284e4bb486,f546d0b153da0143074eb178238a891d0d8d392196329560c3f64d76e2f148fa,False
1,5026,2,5028,FAIL,0.0535321748615022,last,6,71c299da930569cca2a281686599df213b36fab62df959bc9f4ef11be6a1ceaa,train,encoder_stage_1,7,10112,-0.2542663117803959,-0.22181535894787757,1.0,0.75,0.5,0.2206747683250844,0.316372723850482,0.9426076077738854,0.9218091555671315,0.0,0.18195933591608285,0.21356537261998312,8,0,36166871cf24803cb6d13774a0e74515c1692c7849f5d725e98829284e4bb486,f546d0b153da0143074eb178238a891d0d8d392196329560c3f64d76e2f148fa,False
1,5026,2,5028,FAIL,0.0535321748615022,last,6,71c299da930569cca2a281686599df213b36fab62df959bc9f4ef11be6a1ceaa,train,encoder_stage_2,7,42112,-0.17294826628035104,-0.13777198516715233,0.75,0.625,0.125,0.23904065213458475,0.31878719748043366,0.9587966427228215,0.9487512976342962,0.0,0.5701954573922879,0.5706007485705458,8,0,36166871cf24803cb6d13774a0e74515c1692c7849f5d725e98829284e4bb486,f546d0b153da0143074eb178238a891d0d8d392196329560c3f64d76e2f148fa,False
1,5026,2,5028,FAIL,0.0535321748615022,last,6,71c299da930569cca2a281686599df213b36fab62df959bc9f4ef11be6a1ceaa,train,encoder_stage_3,7,168192,-0.11096531863489209,-0.09136151284633162,0.75,0.5,0.0,0.3734654166277557,0.46610855963565084,0.9516726684623785,0.9543776628433779,0.0,0.7975618387063799,0.798309835643252,8,0,36166871cf24803cb6d13774a0e74515c1692c7849f5d725e98829284e4bb486,f546d0b153da0143074eb178238a891d0d8d392196329560c3f64d76e2f148fa,False
1,5026,2,5028,FAIL,0.0535321748615022,last,6,71c299da930569cca2a281686599df213b36fab62df959bc9f4ef11be6a1ceaa,train,encoder_stage_4,7,672256,0.049550681551833446,0.04068729136569847,0.375,0.0,0.0,0.7371876540028512,0.8459179234120495,1.030893096911506,1.0480789104071044,0.0,1.0595793709754298,1.0403366367119602,8,0,36166871cf24803cb6d13774a0e74515c1692c7849f5d725e98829284e4bb486,f546d0b153da0143074eb178238a891d0d8d392196329560c3f64d76e2f148fa,False
1,5026,2,5028,FAIL,0.0535321748615022,last,6,71c299da930569cca2a281686599df213b36fab62df959bc9f4ef11be6a1ceaa,train,response_projection,4,25152,0.05208383120728505,0.04772316570590415,0.125,0.0,0.0,0.9938146039135791,1.1603361836920334,1.0511858069496485,1.0594010648665082,0.0,1.0387824233713976,1.0448248421155366,8,0,36166871cf24803cb6d13774a0e74515c1692c7849f5d725e98829284e4bb486,f546d0b153da0143074eb178238a891d0d8d392196329560c3f64d76e2f148fa,False
1,5026,2,5028,FAIL,0.0535321748615022,last,6,71c299da930569cca2a281686599df213b36fab62df959bc9f4ef11be6a1ceaa,validation,all_shared,32,917824,-0.22545944515527389,-0.22930424005849903,1.0,0.875,0.25,0.1529686150586789,0.16523272608431144,0.9665401992249244,0.9641192118030819,0.0,-0.5438182848638135,-0.5263317150940315,8,0,36166871cf24803cb6d13774a0e74515c1692c7849f5d725e98829284e4bb486,f546d0b153da0143074eb178238a891d0d8d392196329560c3f64d76e2f148fa,False
1,5026,2,5028,FAIL,0.0535321748615022,last,6,71c299da930569cca2a281686599df213b36fab62df959bc9f4ef11be6a1ceaa,validation,encoder_overall,28,892672,-0.23478267714616757,-0.23780706477766245,1.0,0.875,0.25,0.14828351219083047,0.1594308691440921,0.9664108761972436,0.9640859926100604,0.0,-0.6664640478460768,-0.6404369263276564,8,0,36166871cf24803cb6d13774a0e74515c1692c7849f5d725e98829284e4bb486,f546d0b153da0143074eb178238a891d0d8d392196329560c3f64d76e2f148fa,False
1,5026,2,5028,FAIL,0.0535321748615022,last,6,71c299da930569cca2a281686599df213b36fab62df959bc9f4ef11be6a1ceaa,validation,encoder_stage_1,7,10112,-0.3701812972347504,-0.3757423081892996,1.0,1.0,0.875,0.0995110313342898,0.10305251268892077,0.9654684821135397,0.962767482403867,0.0,-2.758463988571855,-2.9637617299868815,8,0,36166871cf24803cb6d13774a0e74515c1692c7849f5d725e98829284e4bb486,f546d0b153da0143074eb178238a891d0d8d392196329560c3f64d76e2f148fa,False
1,5026,2,5028,FAIL,0.0535321748615022,last,6,71c299da930569cca2a281686599df213b36fab62df959bc9f4ef11be6a1ceaa,validation,encoder_stage_2,7,42112,-0.27522892127168164,-0.2759832991916669,1.0,0.875,0.625,0.11181142936003925,0.11660527387605399,0.970657044268876,0.9696737939514455,0.0,-1.6554440675351967,-1.6155780997214704,8,0,36166871cf24803cb6d13774a0e74515c1692c7849f5d725e98829284e4bb486,f546d0b153da0143074eb178238a891d0d8d392196329560c3f64d76e2f148fa,False
1,5026,2,5028,FAIL,0.0535321748615022,last,6,71c299da930569cca2a281686599df213b36fab62df959bc9f4ef11be6a1ceaa,validation,encoder_stage_3,7,168192,-0.2324522539775375,-0.23674982691853483,1.0,1.0,0.375,0.1679222692384842,0.18306861493533538,0.9603875946505167,0.9587778918801765,0.0,-0.4502206405626683,-0.4141048678400542,8,0,36166871cf24803cb6d13774a0e74515c1692c7849f5d725e98829284e4bb486,f546d0b153da0143074eb178238a891d0d8d392196329560c3f64d76e2f148fa,False
1,5026,2,5028,FAIL,0.0535321748615022,last,6,71c299da930569cca2a281686599df213b36fab62df959bc9f4ef11be6a1ceaa,validation,encoder_stage_4,7,672256,-0.16525717922268213,-0.16468154536056634,1.0,0.875,0.0,0.3642857445967558,0.3883174903208545,0.9409990072247811,0.9384360947523286,0.0,0.506216117586277,0.5445980475362281,8,0,36166871cf24803cb6d13774a0e74515c1692c7849f5d725e98829284e4bb486,f546d0b153da0143074eb178238a891d0d8d392196329560c3f64d76e2f148fa,False
1,5026,2,5028,FAIL,0.0535321748615022,last,6,71c299da930569cca2a281686599df213b36fab62df959bc9f4ef11be6a1ceaa,validation,response_projection,4,25152,-0.03646340996296085,-0.0394750967143172,0.875,0.125,0.0,0.6886989749833918,0.7375088995547754,0.9723102145515242,0.9719860962260707,0.0,0.9513774993252978,0.9429109583135318,8,0,36166871cf24803cb6d13774a0e74515c1692c7849f5d725e98829284e4bb486,f546d0b153da0143074eb178238a891d0d8d392196329560c3f64d76e2f148fa,False
1,5026,2,5028,FAIL,0.0535321748615022,selected,2,d724160ceb32a8eb51087e9968e33c90513ae716cacd8af51ba896ec7082e4de,train,all_shared,32,917824,0.3023213049969353,0.23967342163101463,0.25,0.25,0.125,0.2107070220740224,0.4252669922125948,1.0611310977166108,1.1014825582727563,0.0,2.3253738878672308,2.8200900855837663,8,0,36166871cf24803cb6d13774a0e74515c1692c7849f5d725e98829284e4bb486,f546d0b153da0143074eb178238a891d0d8d392196329560c3f64d76e2f148fa,False
1,5026,2,5028,FAIL,0.0535321748615022,selected,2,d724160ceb32a8eb51087e9968e33c90513ae716cacd8af51ba896ec7082e4de,train,encoder_overall,28,892672,0.3165488224028338,0.24653264563208288,0.25,0.25,0.125,0.203460087684872,0.42277750268981396,1.0619659850093837,1.1057721040303243,0.0,2.400497474649054,2.8860084553464564,8,0,36166871cf24803cb6d13774a0e74515c1692c7849f5d725e98829284e4bb486,f546d0b153da0143074eb178238a891d0d8d392196329560c3f64d76e2f148fa,False
1,5026,2,5028,FAIL,0.0535321748615022,selected,2,d724160ceb32a8eb51087e9968e33c90513ae716cacd8af51ba896ec7082e4de,train,encoder_stage_1,7,10112,0.5182124590910415,0.2490882087912933,0.25,0.25,0.25,0.1404724081700947,0.3449456839511972,1.0466347148595208,1.1192310212205825,0.0,3.0531857938233165,3.4282943938609654,8,0,36166871cf24803cb6d13774a0e74515c1692c7849f5d725e98829284e4bb486,f546d0b153da0143074eb178238a891d0d8d392196329560c3f64d76e2f148fa,False
1,5026,2,5028,FAIL,0.0535321748615022,selected,2,d724160ceb32a8eb51087e9968e33c90513ae716cacd8af51ba896ec7082e4de,train,encoder_stage_2,7,42112,0.6399731786964233,0.4044735446243901,0.25,0.25,0.25,0.12639255755158996,0.3874522108030014,1.0688547794906849,1.2139688137970401,0.0,4.610595933135524,4.437361851118639,8,0,36166871cf24803cb6d13774a0e74515c1692c7849f5d725e98829284e4bb486,f546d0b153da0143074eb178238a891d0d8d392196329560c3f64d76e2f148fa,False
1,5026,2,5028,FAIL,0.0535321748615022,selected,2,d724160ceb32a8eb51087e9968e33c90513ae716cacd8af51ba896ec7082e4de,train,encoder_stage_3,7,168192,0.3721100873665866,0.2557616535132309,0.25,0.25,0.125,0.1924253585332908,0.43944408639404775,1.0697904505245406,1.1062757986682898,0.0,2.5724562146468903,2.9430734455803336,8,0,36166871cf24803cb6d13774a0e74515c1692c7849f5d725e98829284e4bb486,f546d0b153da0143074eb178238a891d0d8d392196329560c3f64d76e2f148fa,False
1,5026,2,5028,FAIL,0.0535321748615022,selected,2,d724160ceb32a8eb51087e9968e33c90513ae716cacd8af51ba896ec7082e4de,train,encoder_stage_4,7,672256,0.1212192518033674,0.07867324325720992,0.25,0.125,0.0,0.38047008569951746,0.5110497903918882,1.0475880330769933,1.0346417698802486,0.0,1.3099581294813067,1.3985432349910392,8,0,36166871cf24803cb6d13774a0e74515c1692c7849f5d725e98829284e4bb486,f546d0b153da0143074eb178238a891d0d8d392196329560c3f64d76e2f148fa,False
1,5026,2,5028,FAIL,0.0535321748615022,selected,2,d724160ceb32a8eb51087e9968e33c90513ae716cacd8af51ba896ec7082e4de,train,response_projection,4,25152,0.08607086309170994,0.05648715483273679,0.25,0.125,0.0,0.40179677008302256,0.5394642158791952,1.0240421383508356,1.0354266255396847,0.0,1.1431971990558085,1.2161851005981446,8,0,36166871cf24803cb6d13774a0e74515c1692c7849f5d725e98829284e4bb486,f546d0b153da0143074eb178238a891d0d8d392196329560c3f64d76e2f148fa,False
1,5026,2,5028,FAIL,0.0535321748615022,selected,2,d724160ceb32a8eb51087e9968e33c90513ae716cacd8af51ba896ec7082e4de,validation,all_shared,32,917824,-0.3346463364026114,-0.32030949504546036,1.0,0.875,0.625,0.38874469431423514,0.4532753705194463,0.8589349410589626,0.8452605310138259,0.0,0.3276784483203383,0.18144968757237098,8,0,36166871cf24803cb6d13774a0e74515c1692c7849f5d725e98829284e4bb486,f546d0b153da0143074eb178238a891d0d8d392196329560c3f64d76e2f148fa,False
1,5026,2,5028,FAIL,0.0535321748615022,selected,2,d724160ceb32a8eb51087e9968e33c90513ae716cacd8af51ba896ec7082e4de,validation,encoder_overall,28,892672,-0.36365507033250866,-0.3443542454693672,1.0,0.875,0.625,0.382811098920735,0.4494981104507193,0.8475193698282266,0.8353916241503563,0.0,0.26503281945437746,0.10925946210165505,8,0,36166871cf24803cb6d13774a0e74515c1692c7849f5d725e98829284e4bb486,f546d0b153da0143074eb178238a891d0d8d392196329560c3f64d76e2f148fa,False
1,5026,2,5028,FAIL,0.0535321748615022,selected,2,d724160ceb32a8eb51087e9968e33c90513ae716cacd8af51ba896ec7082e4de,validation,encoder_stage_1,7,10112,-0.5243138434179855,-0.45919912324005563,0.875,0.875,0.75,0.3495777810239048,0.3673554142802208,0.7692084483376086,0.8157256764602137,0.0,-0.3326871668747886,-0.3847537901356257,8,0,36166871cf24803cb6d13774a0e74515c1692c7849f5d725e98829284e4bb486,f546d0b153da0143074eb178238a891d0d8d392196329560c3f64d76e2f148fa,False
1,5026,2,5028,FAIL,0.0535321748615022,selected,2,d724160ceb32a8eb51087e9968e33c90513ae716cacd8af51ba896ec7082e4de,validation,encoder_stage_2,7,42112,-0.5586720498939087,-0.509227703888832,1.0,1.0,0.75,0.31433619114577005,0.38602834861484736,0.7706201621690927,0.7869851511607355,0.0,-0.21259083346520458,-0.6272637314631377,8,0,36166871cf24803cb6d13774a0e74515c1692c7849f5d725e98829284e4bb486,f546d0b153da0143074eb178238a891d0d8d392196329560c3f64d76e2f148fa,False
1,5026,2,5028,FAIL,0.0535321748615022,selected,2,d724160ceb32a8eb51087e9968e33c90513ae716cacd8af51ba896ec7082e4de,validation,encoder_stage_3,7,168192,-0.4152809154654523,-0.4203879129120082,1.0,1.0,0.875,0.4031242600605257,0.4690647284799028,0.8023988325655484,0.7915856843176431,0.0,-0.0377478825808484,-0.04073784385489369,8,0,36166871cf24803cb6d13774a0e74515c1692c7849f5d725e98829284e4bb486,f546d0b153da0143074eb178238a891d0d8d392196329560c3f64d76e2f148fa,False
1,5026,2,5028,FAIL,0.0535321748615022,selected,2,d724160ceb32a8eb51087e9968e33c90513ae716cacd8af51ba896ec7082e4de,validation,encoder_stage_4,7,672256,-0.15141558219304974,-0.12898217525517747,1.0,0.75,0.0,0.48323409452564964,0.5292200054876953,0.9384168815634553,0.9288453272410173,0.0,0.7497913411594627,0.6953309426040015,8,0,36166871cf24803cb6d13774a0e74515c1692c7849f5d725e98829284e4bb486,f546d0b153da0143074eb178238a891d0d8d392196329560c3f64d76e2f148fa,False
1,5026,2,5028,FAIL,0.0535321748615022,selected,2,d724160ceb32a8eb51087e9968e33c90513ae716cacd8af51ba896ec7082e4de,validation,response_projection,4,25152,0.06557004064577465,0.0618161127161231,0.0,0.0,0.0,0.49094012763537165,0.5308207195811643,1.020222633430333,1.032432544428692,0.0,1.1242788202512362,1.1566906888808393,8,0,36166871cf24803cb6d13774a0e74515c1692c7849f5d725e98829284e4bb486,f546d0b153da0143074eb178238a891d0d8d392196329560c3f64d76e2f148fa,False
1,5026,3,5029,PASS,-0.042740816661896,last,6,89c75e3aa90e4733853b5987cbc22270916ad5219ab8c6f1fde07e07e024f3b2,train,all_shared,32,917824,-0.1516022674849617,-0.07965022455327904,0.625,0.5,0.375,0.1942807004075972,0.35326914660784015,0.9789290841796442,0.9442426778603616,0.0,0.42186746300784406,0.6447839131592153,8,0,36166871cf24803cb6d13774a0e74515c1692c7849f5d725e98829284e4bb486,f546d0b153da0143074eb178238a891d0d8d392196329560c3f64d76e2f148fa,False
1,5026,3,5029,PASS,-0.042740816661896,last,6,89c75e3aa90e4733853b5987cbc22270916ad5219ab8c6f1fde07e07e024f3b2,train,encoder_overall,28,892672,-0.16364355024228233,-0.08388266373848942,0.625,0.5,0.375,0.1888483729109616,0.3493403740748815,0.9785524458743486,0.9414488995014666,0.0,0.37532726276472755,0.6015307981480356,8,0,36166871cf24803cb6d13774a0e74515c1692c7849f5d725e98829284e4bb486,f546d0b153da0143074eb178238a891d0d8d392196329560c3f64d76e2f148fa,False
1,5026,3,5029,PASS,-0.042740816661896,last,6,89c75e3aa90e4733853b5987cbc22270916ad5219ab8c6f1fde07e07e024f3b2,train,encoder_stage_1,7,10112,-0.24554575254830205,-0.08275490000204758,0.625,0.625,0.5,0.15213067759094107,0.35959714847717283,0.9811876127232644,0.94973758817578,0.0,-0.5137954861466113,0.11626859632585787,8,0,36166871cf24803cb6d13774a0e74515c1692c7849f5d725e98829284e4bb486,f546d0b153da0143074eb178238a891d0d8d392196329560c3f64d76e2f148fa,False
1,5026,3,5029,PASS,-0.042740816661896,last,6,89c75e3aa90e4733853b5987cbc22270916ad5219ab8c6f1fde07e07e024f3b2,train,encoder_stage_2,7,42112,-0.2616401495894831,-0.11374485618713687,0.625,0.625,0.5,0.15039410232070274,0.34312210241940877,0.9764581696785891,0.9217272109686976,0.0,-0.06933054147131842,0.25099142000032676,8,0,36166871cf24803cb6d13774a0e74515c1692c7849f5d725e98829284e4bb486,f546d0b153da0143074eb178238a891d0d8d392196329560c3f64d76e2f148fa,False
1,5026,3,5029,PASS,-0.042740816661896,last,6,89c75e3aa90e4733853b5987cbc22270916ad5219ab8c6f1fde07e07e024f3b2,train,encoder_stage_3,7,168192,-0.11694902859040826,-0.10072819781993927,0.5,0.5,0.375,0.20631431623720975,0.34140635071880354,0.9828554649859123,0.9383273073345438,0.0,0.7662449670832767,0.5819611076326491,8,0,36166871cf24803cb6d13774a0e74515c1692c7849f5d725e98829284e4bb486,f546d0b153da0143074eb178238a891d0d8d392196329560c3f64d76e2f148fa,False
1,5026,3,5029,PASS,-0.042740816661896,last,6,89c75e3aa90e4733853b5987cbc22270916ad5219ab8c6f1fde07e07e024f3b2,train,encoder_stage_4,7,672256,-0.09243064605181936,-0.03991502529722958,0.625,0.5,0.0,0.3286081776571846,0.42495977554926506,0.9761392157713079,0.9820772091143714,0.0,0.7923657757594149,0.8337143082640437,8,0,36166871cf24803cb6d13774a0e74515c1692c7849f5d725e98829284e4bb486,f546d0b153da0143074eb178238a891d0d8d392196329560c3f64d76e2f148fa,False
1,5026,3,5029,PASS,-0.042740816661896,last,6,89c75e3aa90e4733853b5987cbc22270916ad5219ab8c6f1fde07e07e024f3b2,train,response_projection,4,25152,-0.0165807492156652,-0.024914123133290878,0.75,0.0,0.0,0.46926058811680116,0.5125587139090235,0.9934351995801082,0.9868392888052517,0.0,0.9717259534726415,0.9435861493577635,8,0,36166871cf24803cb6d13774a0e74515c1692c7849f5d725e98829284e4bb486,f546d0b153da0143074eb178238a891d0d8d392196329560c3f64d76e2f148fa,False
1,5026,3,5029,PASS,-0.042740816661896,last,6,89c75e3aa90e4733853b5987cbc22270916ad5219ab8c6f1fde07e07e024f3b2,validation,all_shared,32,917824,0.2078068864554009,0.26942712364811455,0.125,0.125,0.0,0.12087234772823915,0.20893989786843986,1.0250078617836713,1.090033204095212,0.0,2.4718718466858993,2.234645452871595,8,0,36166871cf24803cb6d13774a0e74515c1692c7849f5d725e98829284e4bb486,f546d0b153da0143074eb178238a891d0d8d392196329560c3f64d76e2f148fa,False
1,5026,3,5029,PASS,-0.042740816661896,last,6,89c75e3aa90e4733853b5987cbc22270916ad5219ab8c6f1fde07e07e024f3b2,validation,encoder_overall,28,892672,0.2125309289678909,0.275491860799402,0.125,0.125,0.0,0.11854396841279466,0.2046692218501035,1.0250924896735367,1.0908172813921517,0.0,2.5513983743631297,2.2677429812226597,8,0,36166871cf24803cb6d13774a0e74515c1692c7849f5d725e98829284e4bb486,f546d0b153da0143074eb178238a891d0d8d392196329560c3f64d76e2f148fa,False
1,5026,3,5029,PASS,-0.042740816661896,last,6,89c75e3aa90e4733853b5987cbc22270916ad5219ab8c6f1fde07e07e024f3b2,validation,encoder_stage_1,7,10112,0.35148835587570454,0.42153146887661264,0.125,0.125,0.0,0.12824538044221206,0.18170620913450652,1.0430169651822925,1.1146394903244536,0.0,3.5447622792595705,3.1172551258524837,8,0,36166871cf24803cb6d13774a0e74515c1692c7849f5d725e98829284e4bb486,f546d0b153da0143074eb178238a891d0d8d392196329560c3f64d76e2f148fa,False
1,5026,3,5029,PASS,-0.042740816661896,last,6,89c75e3aa90e4733853b5987cbc22270916ad5219ab8c6f1fde07e07e024f3b2,validation,encoder_stage_2,7,42112,0.2496620380729646,0.31370918047905205,0.125,0.125,0.0,0.09306596993664959,0.17369522866565654,1.0206099333741678,1.091927327994536,0.0,3.1674034038170307,2.6586288591173672,8,0,36166871cf24803cb6d13774a0e74515c1692c7849f5d725e98829284e4bb486,f546d0b153da0143074eb178238a891d0d8d392196329560c3f64d76e2f148fa,False
1,5026,3,5029,PASS,-0.042740816661896,last,6,89c75e3aa90e4733853b5987cbc22270916ad5219ab8c6f1fde07e07e024f3b2,validation,encoder_stage_3,7,168192,0.0858342275495318,0.16927124639644198,0.375,0.125,0.0,0.12068762473004606,0.2148023986974117,1.010229450353227,1.0759589348137288,0.0,1.7261676978937228,1.3408936374604807,8,0,36166871cf24803cb6d13774a0e74515c1692c7849f5d725e98829284e4bb486,f546d0b153da0143074eb178238a891d0d8d392196329560c3f64d76e2f148fa,False
1,5026,3,5029,PASS,-0.042740816661896,last,6,89c75e3aa90e4733853b5987cbc22270916ad5219ab8c6f1fde07e07e024f3b2,validation,encoder_stage_4,7,672256,0.1645108375699761,0.13408555033653644,0.125,0.125,0.0,0.22350353022180314,0.3499960660110448,1.0375538566408005,1.064188773788219,0.0,1.3882519583120885,1.4002506573301121,8,0,36166871cf24803cb6d13774a0e74515c1692c7849f5d725e98829284e4bb486,f546d0b153da0143074eb178238a891d0d8d392196329560c3f64d76e2f148fa,False
1,5026,3,5029,PASS,-0.042740816661896,last,6,89c75e3aa90e4733853b5987cbc22270916ad5219ab8c6f1fde07e07e024f3b2,validation,response_projection,4,25152,0.045236269086703,0.04602826158698293,0.0,0.0,0.0,0.33131612876989047,0.49861831235852916,1.017188561343917,1.0260117759376681,0.0,1.076658570973619,1.1184356602090664,8,0,36166871cf24803cb6d13774a0e74515c1692c7849f5d725e98829284e4bb486,f546d0b153da0143074eb178238a891d0d8d392196329560c3f64d76e2f148fa,False
1,5026,3,5029,PASS,-0.042740816661896,selected,2,5d567e15c783e2b21996f8ebf46d83986bb8ed30f7459b3326c122ae1997fddd,train,all_shared,32,917824,0.0876089334308866,0.02858512996188698,0.375,0.25,0.125,0.3417282858877605,0.3799811621715831,1.0257613500314018,1.0330226080414395,0.0,1.2213429381244802,0.777939307035607,8,0,36166871cf24803cb6d13774a0e74515c1692c7849f5d725e98829284e4bb486,f546d0b153da0143074eb178238a891d0d8d392196329560c3f64d76e2f148fa,False
1,5026,3,5029,PASS,-0.042740816661896,selected,2,5d567e15c783e2b21996f8ebf46d83986bb8ed30f7459b3326c122ae1997fddd,train,encoder_overall,28,892672,0.0963396288659273,0.03236984498828032,0.375,0.25,0.125,0.3330364591145859,0.3801948631986871,1.0285660768360847,1.0366573936277421,0.0,1.2343915029082884,0.769639111312405,8,0,36166871cf24803cb6d13774a0e74515c1692c7849f5d725e98829284e4bb486,f546d0b153da0143074eb178238a891d0d8d392196329560c3f64d76e2f148fa,False
1,5026,3,5029,PASS,-0.042740816661896,selected,2,5d567e15c783e2b21996f8ebf46d83986bb8ed30f7459b3326c122ae1997fddd,train,encoder_stage_1,7,10112,0.1548714501539975,0.14234856277512437,0.25,0.25,0.25,0.25336943892414454,0.35583256139676894,1.03586159543117,1.1267062745476784,0.0,1.4222662237639174,0.7498302928577333,8,0,36166871cf24803cb6d13774a0e74515c1692c7849f5d725e98829284e4bb486,f546d0b153da0143074eb178238a891d0d8d392196329560c3f64d76e2f148fa,False
1,5026,3,5029,PASS,-0.042740816661896,selected,2,5d567e15c783e2b21996f8ebf46d83986bb8ed30f7459b3326c122ae1997fddd,train,encoder_stage_2,7,42112,0.06141126826611575,0.006302215088791738,0.5,0.375,0.125,0.2559466195010915,0.3473623460792392,1.0061575445148945,1.0341962578325974,0.0,1.1501301469954106,0.4228977492061238,8,0,36166871cf24803cb6d13774a0e74515c1692c7849f5d725e98829284e4bb486,f546d0b153da0143074eb178238a891d0d8d392196329560c3f64d76e2f148fa,False
1,5026,3,5029,PASS,-0.042740816661896,selected,2,5d567e15c783e2b21996f8ebf46d83986bb8ed30f7459b3326c122ae1997fddd,train,encoder_stage_3,7,168192,-0.006437275064913898,0.008598403994272604,0.5,0.25,0.0,0.3588493546503103,0.4072191215672889,0.9905722887437194,1.022610148469218,0.0,1.0629202318364466,0.7478104594918633,8,0,36166871cf24803cb6d13774a0e74515c1692c7849f5d725e98829284e4bb486,f546d0b153da0143074eb178238a891d0d8d392196329560c3f64d76e2f148fa,False
1,5026,3,5029,PASS,-0.042740816661896,selected,2,5d567e15c783e2b21996f8ebf46d83986bb8ed30f7459b3326c122ae1997fddd,train,encoder_stage_4,7,672256,0.02856199995139,0.03314619007508776,0.375,0.125,0.0,0.3581675144548646,0.41675274714902244,1.0157271824513237,1.0167266019115786,0.0,1.0822490621326613,1.06043138406105,8,0,36166871cf24803cb6d13774a0e74515c1692c7849f5d725e98829284e4bb486,f546d0b153da0143074eb178238a891d0d8d392196329560c3f64d76e2f148fa,False
1,5026,3,5029,PASS,-0.042740816661896,selected,2,5d567e15c783e2b21996f8ebf46d83986bb8ed30f7459b3326c122ae1997fddd,train,response_projection,4,25152,0.02565614935475185,0.018681643949375985,0.25,0.0,0.0,0.33657067642940663,0.40347090422799003,1.0101715230045796,1.00340932487993,0.0,1.057431142431013,1.1164031279648357,8,0,36166871cf24803cb6d13774a0e74515c1692c7849f5d725e98829284e4bb486,f546d0b153da0143074eb178238a891d0d8d392196329560c3f64d76e2f148fa,False
1,5026,3,5029,PASS,-0.042740816661896,selected,2,5d567e15c783e2b21996f8ebf46d83986bb8ed30f7459b3326c122ae1997fddd,validation,all_shared,32,917824,0.29063664328354655,0.1912793716024669,0.125,0.125,0.125,0.09713374665911176,0.1529862232273425,1.0282485186432488,1.0383732910924333,0.0,2.8163445902659365,2.788772060436954,8,0,36166871cf24803cb6d13774a0e74515c1692c7849f5d725e98829284e4bb486,f546d0b153da0143074eb178238a891d0d8d392196329560c3f64d76e2f148fa,False
1,5026,3,5029,PASS,-0.042740816661896,selected,2,5d567e15c783e2b21996f8ebf46d83986bb8ed30f7459b3326c122ae1997fddd,validation,encoder_overall,28,892672,0.29926036101062214,0.19854630720062422,0.125,0.125,0.125,0.0950949786780847,0.14944002892364622,1.028397699965014,1.0390082231043882,0.0,2.8865714210264746,2.883180704255154,8,0,36166871cf24803cb6d13774a0e74515c1692c7849f5d725e98829284e4bb486,f546d0b153da0143074eb178238a891d0d8d392196329560c3f64d76e2f148fa,False
1,5026,3,5029,PASS,-0.042740816661896,selected,2,5d567e15c783e2b21996f8ebf46d83986bb8ed30f7459b3326c122ae1997fddd,validation,encoder_stage_1,7,10112,0.6213957510680789,0.4817422786687129,0.125,0.125,0.125,0.08341060239685161,0.12235710918912965,1.0524292341146386,1.0738400531574195,0.0,7.000529226299438,6.247301628322655,8,0,36166871cf24803cb6d13774a0e74515c1692c7849f5d725e98829284e4bb486,f546d0b153da0143074eb178238a891d0d8d392196329560c3f64d76e2f148fa,False
1,5026,3,5029,PASS,-0.042740816661896,selected,2,5d567e15c783e2b21996f8ebf46d83986bb8ed30f7459b3326c122ae1997fddd,validation,encoder_stage_2,7,42112,0.36509573946159435,0.25693709442635604,0.125,0.125,0.125,0.0684289468659191,0.10784328811732785,1.026136289479203,1.0367708429897005,0.0,3.5578462081073194,3.978326510472445,8,0,36166871cf24803cb6d13774a0e74515c1692c7849f5d725e98829284e4bb486,f546d0b153da0143074eb178238a891d0d8d392196329560c3f64d76e2f148fa,False
1,5026,3,5029,PASS,-0.042740816661896,selected,2,5d567e15c783e2b21996f8ebf46d83986bb8ed30f7459b3326c122ae1997fddd,validation,encoder_stage_3,7,168192,0.16875716459796442,0.08334448935893826,0.25,0.125,0.125,0.09688085571185384,0.15435359828796985,1.0146885504155967,1.0226951135251456,0.0,1.835748949300632,1.2887128339061862,8,0,36166871cf24803cb6d13774a0e74515c1692c7849f5d725e98829284e4bb486,f546d0b153da0143074eb178238a891d0d8d392196329560c3f64d76e2f148fa,False
1,5026,3,5029,PASS,-0.042740816661896,selected,2,5d567e15c783e2b21996f8ebf46d83986bb8ed30f7459b3326c122ae1997fddd,validation,encoder_stage_4,7,672256,0.12852816101350475,0.08134611638591707,0.25,0.125,0.125,0.1680542194943955,0.23233576118342528,1.0274173085883083,1.030952983057023,0.0,1.480689520336723,1.246037829731784,8,0,36166871cf24803cb6d13774a0e74515c1692c7849f5d725e98829284e4bb486,f546d0b153da0143074eb178238a891d0d8d392196329560c3f64d76e2f148fa,False
1,5026,3,5029,PASS,-0.042740816661896,selected,2,5d567e15c783e2b21996f8ebf46d83986bb8ed30f7459b3326c122ae1997fddd,validation,response_projection,4,25152,0.059381434047954804,0.05601635657069105,0.125,0.0,0.0,0.22999001050296003,0.27201646889322917,1.0151384430986576,1.0165713128459468,0.0,1.2563414090693112,1.423375522557689,8,0,36166871cf24803cb6d13774a0e74515c1692c7849f5d725e98829284e4bb486,f546d0b153da0143074eb178238a891d0d8d392196329560c3f64d76e2f148fa,False
