target,model,spatial,timing,analysis_population,split_seed,fold_manifest_sha256,aggregation,n,positive,n_folds,ece_bin_contract,auroc,auprc,brier,calibration_slope,calibration_intercept,ece_10bin
pCR,GAP0_mri_clinical,GLOBAL,T0,full_808,2026,143e482d711225c0611006d99bd7345d2fa1a5c16c65fbaf8399341a0d26aa38,pooled_oof,808,275,5,"10_equal_width_bins_[0,1]",0.7201978509295582,0.5658561014786719,0.21827775992754025,1.23617604350136,-0.7175254101435826,0.15085591416905333
pCR,GAP0_mri_clinical,GLOBAL,T0,full_808,2026,143e482d711225c0611006d99bd7345d2fa1a5c16c65fbaf8399341a0d26aa38,outer_fold_macro,808,275,5,"10_equal_width_bins_[0,1]",0.7293403440150046,0.5973270038009229,0.2182890674749533,2.0845962439569248,-0.7394659244038326,0.15632239067791004
pCR,GAP0_mri_clinical,GLOBAL,T0-T1,full_808,2026,143e482d711225c0611006d99bd7345d2fa1a5c16c65fbaf8399341a0d26aa38,pooled_oof,808,275,5,"10_equal_width_bins_[0,1]",0.7149718574108818,0.5608021496917153,0.2176691824502734,0.9749908059607363,-0.692265778053356,0.14718581941805592
pCR,GAP0_mri_clinical,GLOBAL,T0-T1,full_808,2026,143e482d711225c0611006d99bd7345d2fa1a5c16c65fbaf8399341a0d26aa38,outer_fold_macro,808,275,5,"10_equal_width_bins_[0,1]",0.7197242750196373,0.5791819931991513,0.21766606749530423,1.0785383525039243,-0.7126120533499456,0.16447967481958212
pCR,GAP0_mri_clinical,GLOBAL,T0-T2,full_808,2026,143e482d711225c0611006d99bd7345d2fa1a5c16c65fbaf8399341a0d26aa38,pooled_oof,808,275,5,"10_equal_width_bins_[0,1]",0.6964898516118028,0.5414664455813767,0.22271179322895546,0.6638561699183385,-0.6410584509232461,0.14528674235962982
pCR,GAP0_mri_clinical,GLOBAL,T0-T2,full_808,2026,143e482d711225c0611006d99bd7345d2fa1a5c16c65fbaf8399341a0d26aa38,outer_fold_macro,808,275,5,"10_equal_width_bins_[0,1]",0.7042554624004105,0.5625385964418521,0.2227119926374209,1.0764692422857352,-0.6665194575000605,0.15455566250322192
pCR,GAP0_mri_clinical_ftv,GLOBAL,T0,radiomics_complete_case_375,2026,143e482d711225c0611006d99bd7345d2fa1a5c16c65fbaf8399341a0d26aa38,pooled_oof,375,110,5,"10_equal_width_bins_[0,1]",0.6639451114922814,0.4787800916904664,0.23050239393441385,0.529963370378916,-0.8535080167014437,0.18742216881660353
pCR,GAP0_mri_clinical_ftv,GLOBAL,T0,radiomics_complete_case_375,2026,143e482d711225c0611006d99bd7345d2fa1a5c16c65fbaf8399341a0d26aa38,outer_fold_macro,375,110,5,"10_equal_width_bins_[0,1]",0.6686302170572549,0.5160555333798157,0.2299033496948894,0.7218709283082978,-0.8597723182221056,0.2029705952761543
pCR,GAP0_mri_clinical_ftv,GLOBAL,T0-T1,radiomics_complete_case_375,2026,143e482d711225c0611006d99bd7345d2fa1a5c16c65fbaf8399341a0d26aa38,pooled_oof,375,110,5,"10_equal_width_bins_[0,1]",0.6898456260720411,0.48431570738746543,0.22845372285697013,0.5141505497304065,-0.8767997538062418,0.19664479573794738
pCR,GAP0_mri_clinical_ftv,GLOBAL,T0-T1,radiomics_complete_case_375,2026,143e482d711225c0611006d99bd7345d2fa1a5c16c65fbaf8399341a0d26aa38,outer_fold_macro,375,110,5,"10_equal_width_bins_[0,1]",0.711417802435337,0.5460476876238723,0.22720166845315606,1.3248713183987366,-0.1554588523692395,0.21635604802577504
pCR,GAP0_mri_clinical_ftv,GLOBAL,T0-T2,radiomics_complete_case_375,2026,143e482d711225c0611006d99bd7345d2fa1a5c16c65fbaf8399341a0d26aa38,pooled_oof,375,110,5,"10_equal_width_bins_[0,1]",0.6966380789022297,0.5085070612394591,0.22214992328138572,3.080141666151998,0.27159310690314786,0.17360706821003044
pCR,GAP0_mri_clinical_ftv,GLOBAL,T0-T2,radiomics_complete_case_375,2026,143e482d711225c0611006d99bd7345d2fa1a5c16c65fbaf8399341a0d26aa38,outer_fold_macro,375,110,5,"10_equal_width_bins_[0,1]",0.7122003900995717,0.5407204813301986,0.22196848355186855,1.245433815053811,-0.9025896401907147,0.20299443281428395
pCR,GAP0_mri_clinical_paired,GLOBAL,T0,radiomics_complete_case_375,2026,143e482d711225c0611006d99bd7345d2fa1a5c16c65fbaf8399341a0d26aa38,pooled_oof,375,110,5,"10_equal_width_bins_[0,1]",0.6554373927958834,0.4644780097541826,0.23162395129739863,0.47224078435848044,-0.8389997754262991,0.18626379186199327
pCR,GAP0_mri_clinical_paired,GLOBAL,T0,radiomics_complete_case_375,2026,143e482d711225c0611006d99bd7345d2fa1a5c16c65fbaf8399341a0d26aa38,outer_fold_macro,375,110,5,"10_equal_width_bins_[0,1]",0.6605791060162368,0.5027222675139754,0.23073623921507372,0.6733154415058618,-0.8316516031707296,0.20572779226395257
pCR,GAP0_mri_clinical_paired,GLOBAL,T0-T1,radiomics_complete_case_375,2026,143e482d711225c0611006d99bd7345d2fa1a5c16c65fbaf8399341a0d26aa38,pooled_oof,375,110,5,"10_equal_width_bins_[0,1]",0.6508747855917666,0.46470542657589653,0.2413231366770669,0.3272214540471636,-0.826372688390467,0.2127405419600934
pCR,GAP0_mri_clinical_paired,GLOBAL,T0-T1,radiomics_complete_case_375,2026,143e482d711225c0611006d99bd7345d2fa1a5c16c65fbaf8399341a0d26aa38,outer_fold_macro,375,110,5,"10_equal_width_bins_[0,1]",0.6807187750074293,0.519363105955456,0.24088668640720626,1.4751293443450062,-1.7062971511989968,0.22652477283850292
pCR,GAP0_mri_clinical_paired,GLOBAL,T0-T2,radiomics_complete_case_375,2026,143e482d711225c0611006d99bd7345d2fa1a5c16c65fbaf8399341a0d26aa38,pooled_oof,375,110,5,"10_equal_width_bins_[0,1]",0.6432590051457978,0.45789038400750925,0.24820653118086564,3.4648976972998433,0.6149805411958962,0.21492884601189155
pCR,GAP0_mri_clinical_paired,GLOBAL,T0-T2,radiomics_complete_case_375,2026,143e482d711225c0611006d99bd7345d2fa1a5c16c65fbaf8399341a0d26aa38,outer_fold_macro,375,110,5,"10_equal_width_bins_[0,1]",0.6566951544979764,0.49780163417755763,0.24928365311601067,0.930390541921627,-0.06331029474281472,0.24569368888332366
pCR,GAP0_mri_ftv,GLOBAL,T0,radiomics_complete_case_375,2026,143e482d711225c0611006d99bd7345d2fa1a5c16c65fbaf8399341a0d26aa38,pooled_oof,375,110,5,"10_equal_width_bins_[0,1]",0.48535162950257293,0.28258863643594356,0.2612625336788661,0.04587451189282167,-0.8700139092166237,0.19384317104213275
pCR,GAP0_mri_ftv,GLOBAL,T0,radiomics_complete_case_375,2026,143e482d711225c0611006d99bd7345d2fa1a5c16c65fbaf8399341a0d26aa38,outer_fold_macro,375,110,5,"10_equal_width_bins_[0,1]",0.4830112668562645,0.31648382215107845,0.2615149459059457,-0.20109091644027108,-0.9582459204195871,0.22992670996893674
pCR,GAP0_mri_ftv,GLOBAL,T0-T1,radiomics_complete_case_375,2026,143e482d711225c0611006d99bd7345d2fa1a5c16c65fbaf8399341a0d26aa38,pooled_oof,375,110,5,"10_equal_width_bins_[0,1]",0.49588336192109783,0.29686319866257027,0.3051958735203956,3.3719101415496526,-1.2577150938829829,0.2611005041912346
pCR,GAP0_mri_ftv,GLOBAL,T0-T1,radiomics_complete_case_375,2026,143e482d711225c0611006d99bd7345d2fa1a5c16c65fbaf8399341a0d26aa38,outer_fold_macro,375,110,5,"10_equal_width_bins_[0,1]",0.4835939967179204,0.3132874871100857,0.30439971642070957,1.9091528517553613,-2.018325930902976,0.2640962544864484
pCR,GAP0_mri_ftv,GLOBAL,T0-T2,radiomics_complete_case_375,2026,143e482d711225c0611006d99bd7345d2fa1a5c16c65fbaf8399341a0d26aa38,pooled_oof,375,110,5,"10_equal_width_bins_[0,1]",0.567032590051458,0.3333082884714222,0.2892769828830714,2.377819846023555,-4.685704135358732,0.2428798385923585
pCR,GAP0_mri_ftv,GLOBAL,T0-T2,radiomics_complete_case_375,2026,143e482d711225c0611006d99bd7345d2fa1a5c16c65fbaf8399341a0d26aa38,outer_fold_macro,375,110,5,"10_equal_width_bins_[0,1]",0.5638776834284633,0.3475731560992351,0.28996766820179276,1.1535232481330298,0.2148307634176593,0.2608556581436456
pCR,GAP0_mri_only,GLOBAL,T0,full_808,2026,143e482d711225c0611006d99bd7345d2fa1a5c16c65fbaf8399341a0d26aa38,pooled_oof,808,275,5,"10_equal_width_bins_[0,1]",0.4948968105065666,0.3333011547850203,0.25936392493068267,-0.10927436646808063,-0.6677553490027595,0.16757249504806024
pCR,GAP0_mri_only,GLOBAL,T0,full_808,2026,143e482d711225c0611006d99bd7345d2fa1a5c16c65fbaf8399341a0d26aa38,outer_fold_macro,808,275,5,"10_equal_width_bins_[0,1]",0.4983164745675766,0.3587778865262379,0.2593364606397667,0.13232625601827983,-0.6596700612545199,0.16931294407913022
pCR,GAP0_mri_only,GLOBAL,T0-T1,full_808,2026,143e482d711225c0611006d99bd7345d2fa1a5c16c65fbaf8399341a0d26aa38,pooled_oof,808,275,5,"10_equal_width_bins_[0,1]",0.5136551253624424,0.3522822205007249,0.26624498225610116,2.272428412762567,2.0339907633746863,0.17887655514044148
pCR,GAP0_mri_only,GLOBAL,T0-T1,full_808,2026,143e482d711225c0611006d99bd7345d2fa1a5c16c65fbaf8399341a0d26aa38,outer_fold_macro,808,275,5,"10_equal_width_bins_[0,1]",0.523070806816178,0.36754125952723016,0.26627591857919086,0.7312364789964372,-0.0601098649518315,0.18400508492460554
pCR,GAP0_mri_only,GLOBAL,T0-T2,full_808,2026,143e482d711225c0611006d99bd7345d2fa1a5c16c65fbaf8399341a0d26aa38,pooled_oof,808,275,5,"10_equal_width_bins_[0,1]",0.5520245608050486,0.39425580631072243,0.27419972800995673,2.9239693417933204,3.0655321285095183,0.19502411516838367
pCR,GAP0_mri_only,GLOBAL,T0-T2,full_808,2026,143e482d711225c0611006d99bd7345d2fa1a5c16c65fbaf8399341a0d26aa38,outer_fold_macro,808,275,5,"10_equal_width_bins_[0,1]",0.551930876388644,0.41405354536965433,0.2741938077041969,0.7310543831467466,-0.04729911825140487,0.2014579732275598
pCR,GAP0_mri_only_paired,GLOBAL,T0,radiomics_complete_case_375,2026,143e482d711225c0611006d99bd7345d2fa1a5c16c65fbaf8399341a0d26aa38,pooled_oof,375,110,5,"10_equal_width_bins_[0,1]",0.4826758147512864,0.28118894339380285,0.2618279474060911,0.014908604258781287,-0.8759930005165654,0.20604102870070862
pCR,GAP0_mri_only_paired,GLOBAL,T0,radiomics_complete_case_375,2026,143e482d711225c0611006d99bd7345d2fa1a5c16c65fbaf8399341a0d26aa38,outer_fold_macro,375,110,5,"10_equal_width_bins_[0,1]",0.4756534746593529,0.30774710174159176,0.261958100074043,-0.30167495310825115,-0.9725253401891676,0.22276247297463767
pCR,GAP0_mri_only_paired,GLOBAL,T0-T1,radiomics_complete_case_375,2026,143e482d711225c0611006d99bd7345d2fa1a5c16c65fbaf8399341a0d26aa38,pooled_oof,375,110,5,"10_equal_width_bins_[0,1]",0.45550600343053177,0.2813974026596193,0.3213982870957275,2.673959816538013,-2.2082889327712154,0.2806309950605256
pCR,GAP0_mri_only_paired,GLOBAL,T0-T1,radiomics_complete_case_375,2026,143e482d711225c0611006d99bd7345d2fa1a5c16c65fbaf8399341a0d26aa38,outer_fold_macro,375,110,5,"10_equal_width_bins_[0,1]",0.4413088246521532,0.2995288361122198,0.322185731391787,1.2898216188465477,-2.0919989117315447,0.305854584024461
pCR,GAP0_mri_only_paired,GLOBAL,T0-T2,radiomics_complete_case_375,2026,143e482d711225c0611006d99bd7345d2fa1a5c16c65fbaf8399341a0d26aa38,pooled_oof,375,110,5,"10_equal_width_bins_[0,1]",0.49680960548885084,0.2915909121190875,0.30722842760694785,1.3865145023740162,-3.009851199465279,0.2695691190837752
pCR,GAP0_mri_only_paired,GLOBAL,T0-T2,radiomics_complete_case_375,2026,143e482d711225c0611006d99bd7345d2fa1a5c16c65fbaf8399341a0d26aa38,outer_fold_macro,375,110,5,"10_equal_width_bins_[0,1]",0.4848277696605098,0.3057006110855099,0.3078500134962458,1.2174679885268298,-0.1140748943079658,0.28308805626467964
pCR,LOCAL0_mri_clinical,LOCAL,T0,full_808,2026,143e482d711225c0611006d99bd7345d2fa1a5c16c65fbaf8399341a0d26aa38,pooled_oof,808,275,5,"10_equal_width_bins_[0,1]",0.6879617943032577,0.5286197850377259,0.22546691552300627,0.8032426256185712,-0.6692360804808238,0.14256880790217913
pCR,LOCAL0_mri_clinical,LOCAL,T0,full_808,2026,143e482d711225c0611006d99bd7345d2fa1a5c16c65fbaf8399341a0d26aa38,outer_fold_macro,808,275,5,"10_equal_width_bins_[0,1]",0.6951276831086388,0.558898880358017,0.2254478818294007,1.0819435113142872,-0.6754415818078601,0.15104791605006873
pCR,LOCAL0_mri_clinical,LOCAL,T0-T1,full_808,2026,143e482d711225c0611006d99bd7345d2fa1a5c16c65fbaf8399341a0d26aa38,pooled_oof,808,275,5,"10_equal_width_bins_[0,1]",0.6838956165785434,0.5223576094865131,0.22839508331562236,0.7293521709892754,-0.6681288423213232,0.14986910934966058
pCR,LOCAL0_mri_clinical,LOCAL,T0-T1,full_808,2026,143e482d711225c0611006d99bd7345d2fa1a5c16c65fbaf8399341a0d26aa38,outer_fold_macro,808,275,5,"10_equal_width_bins_[0,1]",0.6986893445119507,0.5611633863597888,0.22838635157698314,1.3691596168935782,-0.6964105045271896,0.1659306713170568
pCR,LOCAL0_mri_clinical,LOCAL,T0-T2,full_808,2026,143e482d711225c0611006d99bd7345d2fa1a5c16c65fbaf8399341a0d26aa38,pooled_oof,808,275,5,"10_equal_width_bins_[0,1]",0.6746580249019273,0.5076969907913054,0.23334170831767123,0.4099755418649235,-0.6211321506239371,0.15389735574515837
pCR,LOCAL0_mri_clinical,LOCAL,T0-T2,full_808,2026,143e482d711225c0611006d99bd7345d2fa1a5c16c65fbaf8399341a0d26aa38,outer_fold_macro,808,275,5,"10_equal_width_bins_[0,1]",0.6978336352414999,0.5503841850091405,0.23331846008095608,1.8124748512861886,-0.22303385918040158,0.16651924293573778
pCR,LOCAL0_mri_clinical_ftv,LOCAL,T0,radiomics_complete_case_375,2026,143e482d711225c0611006d99bd7345d2fa1a5c16c65fbaf8399341a0d26aa38,pooled_oof,375,110,5,"10_equal_width_bins_[0,1]",0.6702915951972557,0.4631598904163809,0.23706076781237814,1.1525744655457668,-0.9907496446891157,0.21346525065721728
pCR,LOCAL0_mri_clinical_ftv,LOCAL,T0,radiomics_complete_case_375,2026,143e482d711225c0611006d99bd7345d2fa1a5c16c65fbaf8399341a0d26aa38,outer_fold_macro,375,110,5,"10_equal_width_bins_[0,1]",0.6657507034810684,0.49620497843822864,0.23704882291932136,1.2935847289755305,-1.0140748525071737,0.21787965384081337
pCR,LOCAL0_mri_clinical_ftv,LOCAL,T0-T1,radiomics_complete_case_375,2026,143e482d711225c0611006d99bd7345d2fa1a5c16c65fbaf8399341a0d26aa38,pooled_oof,375,110,5,"10_equal_width_bins_[0,1]",0.6436020583190395,0.42709843751421633,0.2508627961321385,2.4288984920406933,4.63278752084787,0.1913026713969696
pCR,LOCAL0_mri_clinical_ftv,LOCAL,T0-T1,radiomics_complete_case_375,2026,143e482d711225c0611006d99bd7345d2fa1a5c16c65fbaf8399341a0d26aa38,outer_fold_macro,375,110,5,"10_equal_width_bins_[0,1]",0.6508350513376848,0.46458732513351925,0.24939532446909016,0.5829253548383754,-0.8719757723356836,0.21005911045069875
pCR,LOCAL0_mri_clinical_ftv,LOCAL,T0-T2,radiomics_complete_case_375,2026,143e482d711225c0611006d99bd7345d2fa1a5c16c65fbaf8399341a0d26aa38,pooled_oof,375,110,5,"10_equal_width_bins_[0,1]",0.6340994854202401,0.42949711607059304,0.29702625600095706,1.0,-2.423272406372641,0.2792976320520231
pCR,LOCAL0_mri_clinical_ftv,LOCAL,T0-T2,radiomics_complete_case_375,2026,143e482d711225c0611006d99bd7345d2fa1a5c16c65fbaf8399341a0d26aa38,outer_fold_macro,375,110,5,"10_equal_width_bins_[0,1]",0.6331632151580469,0.44994864281877084,0.29733430485170653,1.3443123935140788,-0.48310079986428905,0.3038527848720327
pCR,LOCAL0_mri_clinical_paired,LOCAL,T0,radiomics_complete_case_375,2026,143e482d711225c0611006d99bd7345d2fa1a5c16c65fbaf8399341a0d26aa38,pooled_oof,375,110,5,"10_equal_width_bins_[0,1]",0.6702572898799314,0.4632352912412934,0.23702598373576828,1.1527792754245276,-0.9904880570837776,0.21340410022934542
pCR,LOCAL0_mri_clinical_paired,LOCAL,T0,radiomics_complete_case_375,2026,143e482d711225c0611006d99bd7345d2fa1a5c16c65fbaf8399341a0d26aa38,outer_fold_macro,375,110,5,"10_equal_width_bins_[0,1]",0.665112405608728,0.49600016683320225,0.2370098850513691,1.295138114227602,-1.0136988102246114,0.21781120228068213
pCR,LOCAL0_mri_clinical_paired,LOCAL,T0-T1,radiomics_complete_case_375,2026,143e482d711225c0611006d99bd7345d2fa1a5c16c65fbaf8399341a0d26aa38,pooled_oof,375,110,5,"10_equal_width_bins_[0,1]",0.6389365351629502,0.4432097004780435,0.24739920025295592,3.363336028718651,0.9788810116525513,0.21089420295147676
pCR,LOCAL0_mri_clinical_paired,LOCAL,T0-T1,radiomics_complete_case_375,2026,143e482d711225c0611006d99bd7345d2fa1a5c16c65fbaf8399341a0d26aa38,outer_fold_macro,375,110,5,"10_equal_width_bins_[0,1]",0.653270923860948,0.5020077515244067,0.24593011248415703,0.9641642570304919,-1.6366963630484144,0.21917964457727196
pCR,LOCAL0_mri_clinical_paired,LOCAL,T0-T2,radiomics_complete_case_375,2026,143e482d711225c0611006d99bd7345d2fa1a5c16c65fbaf8399341a0d26aa38,pooled_oof,375,110,5,"10_equal_width_bins_[0,1]",0.606861063464837,0.40085243449341046,0.2777260958408237,2.2164746165039277,-4.831996009538955,0.24071833213380694
pCR,LOCAL0_mri_clinical_paired,LOCAL,T0-T2,radiomics_complete_case_375,2026,143e482d711225c0611006d99bd7345d2fa1a5c16c65fbaf8399341a0d26aa38,outer_fold_macro,375,110,5,"10_equal_width_bins_[0,1]",0.6157916258319611,0.42233573702362825,0.27817389870693393,1.1778416125924216,-1.9675743527198644,0.24908378231752387
pCR,LOCAL0_mri_ftv,LOCAL,T0,radiomics_complete_case_375,2026,143e482d711225c0611006d99bd7345d2fa1a5c16c65fbaf8399341a0d26aa38,pooled_oof,375,110,5,"10_equal_width_bins_[0,1]",0.49777015437392796,0.30318022032112085,0.2964075027341451,2.7116847364492345,3.1382152545475477,0.2542885089920191
pCR,LOCAL0_mri_ftv,LOCAL,T0,radiomics_complete_case_375,2026,143e482d711225c0611006d99bd7345d2fa1a5c16c65fbaf8399341a0d26aa38,outer_fold_macro,375,110,5,"10_equal_width_bins_[0,1]",0.5040375521449281,0.32836366029595504,0.2916323955623707,0.8333271168814878,-1.4992019407203698,0.25409177308703434
pCR,LOCAL0_mri_ftv,LOCAL,T0-T1,radiomics_complete_case_375,2026,143e482d711225c0611006d99bd7345d2fa1a5c16c65fbaf8399341a0d26aa38,pooled_oof,375,110,5,"10_equal_width_bins_[0,1]",0.5191595197255575,0.3237451654798514,0.27715167021768455,1.2931654914491837,1.9385616433015276,0.23662352648045762
pCR,LOCAL0_mri_ftv,LOCAL,T0-T1,radiomics_complete_case_375,2026,143e482d711225c0611006d99bd7345d2fa1a5c16c65fbaf8399341a0d26aa38,outer_fold_macro,375,110,5,"10_equal_width_bins_[0,1]",0.5208727463766516,0.35511706995524517,0.2788899230632051,0.39609610428057007,0.6347695256581913,0.2534024572948515
pCR,LOCAL0_mri_ftv,LOCAL,T0-T2,radiomics_complete_case_375,2026,143e482d711225c0611006d99bd7345d2fa1a5c16c65fbaf8399341a0d26aa38,pooled_oof,375,110,5,"10_equal_width_bins_[0,1]",0.5445969125214408,0.3114871839821648,0.3513944424097705,1.0,-0.8792494601938063,0.3285415509908184
pCR,LOCAL0_mri_ftv,LOCAL,T0-T2,radiomics_complete_case_375,2026,143e482d711225c0611006d99bd7345d2fa1a5c16c65fbaf8399341a0d26aa38,outer_fold_macro,375,110,5,"10_equal_width_bins_[0,1]",0.5681353075179398,0.35774111126541885,0.35103099454570386,1.9813990458805528,-1.1654433836346911,0.33762153855872057
pCR,LOCAL0_mri_only,LOCAL,T0,full_808,2026,143e482d711225c0611006d99bd7345d2fa1a5c16c65fbaf8399341a0d26aa38,pooled_oof,808,275,5,"10_equal_width_bins_[0,1]",0.5096912843254306,0.35796719812789596,0.28899231245282836,0.04083693151652798,-0.6577274253629979,0.213335458959677
pCR,LOCAL0_mri_only,LOCAL,T0,full_808,2026,143e482d711225c0611006d99bd7345d2fa1a5c16c65fbaf8399341a0d26aa38,outer_fold_macro,808,275,5,"10_equal_width_bins_[0,1]",0.5149821259678429,0.3685098072031478,0.28898065157531,0.3637413941338439,0.25100243010591095,0.2198832029108894
pCR,LOCAL0_mri_only,LOCAL,T0-T1,full_808,2026,143e482d711225c0611006d99bd7345d2fa1a5c16c65fbaf8399341a0d26aa38,pooled_oof,808,275,5,"10_equal_width_bins_[0,1]",0.5601228040252431,0.39551764185779326,0.2646201012031796,0.13631959078690875,-0.6470115124419903,0.18130069387492542
pCR,LOCAL0_mri_only,LOCAL,T0-T1,full_808,2026,143e482d711225c0611006d99bd7345d2fa1a5c16c65fbaf8399341a0d26aa38,outer_fold_macro,808,275,5,"10_equal_width_bins_[0,1]",0.5595155576217118,0.40291125852205506,0.26458874574184327,0.938455163552368,-0.7933553046784843,0.18561628574648104
pCR,LOCAL0_mri_only,LOCAL,T0-T2,full_808,2026,143e482d711225c0611006d99bd7345d2fa1a5c16c65fbaf8399341a0d26aa38,pooled_oof,808,275,5,"10_equal_width_bins_[0,1]",0.5469827733242367,0.3716478189876023,0.2721140626243735,0.09408562593411553,-0.6424789952786432,0.1863096439477219
pCR,LOCAL0_mri_only,LOCAL,T0-T2,full_808,2026,143e482d711225c0611006d99bd7345d2fa1a5c16c65fbaf8399341a0d26aa38,outer_fold_macro,808,275,5,"10_equal_width_bins_[0,1]",0.5522473188951764,0.3980767356650153,0.2721479819271539,0.9490331834295045,-0.6480049770034819,0.18847449596945987
pCR,LOCAL0_mri_only_paired,LOCAL,T0,radiomics_complete_case_375,2026,143e482d711225c0611006d99bd7345d2fa1a5c16c65fbaf8399341a0d26aa38,pooled_oof,375,110,5,"10_equal_width_bins_[0,1]",0.5024356775300172,0.3044507774010945,0.2960296858018034,2.697693123350435,2.9967787134478177,0.2571970539871559
pCR,LOCAL0_mri_only_paired,LOCAL,T0,radiomics_complete_case_375,2026,143e482d711225c0611006d99bd7345d2fa1a5c16c65fbaf8399341a0d26aa38,outer_fold_macro,375,110,5,"10_equal_width_bins_[0,1]",0.5028302549994846,0.32662952369854714,0.29131673868679275,0.8487323713731996,-1.3485704655349418,0.25205372171785145
pCR,LOCAL0_mri_only_paired,LOCAL,T0-T1,radiomics_complete_case_375,2026,143e482d711225c0611006d99bd7345d2fa1a5c16c65fbaf8399341a0d26aa38,pooled_oof,375,110,5,"10_equal_width_bins_[0,1]",0.49710120068610636,0.3120527038899898,0.271378766293703,-0.06925756163846189,-0.8821771405241519,0.23507976966891372
pCR,LOCAL0_mri_only_paired,LOCAL,T0-T1,radiomics_complete_case_375,2026,143e482d711225c0611006d99bd7345d2fa1a5c16c65fbaf8399341a0d26aa38,outer_fold_macro,375,110,5,"10_equal_width_bins_[0,1]",0.5011347683054783,0.362637131255685,0.2725064697924745,0.017285775882495164,-0.8575982656660288,0.26319825717819895
pCR,LOCAL0_mri_only_paired,LOCAL,T0-T2,radiomics_complete_case_375,2026,143e482d711225c0611006d99bd7345d2fa1a5c16c65fbaf8399341a0d26aa38,pooled_oof,375,110,5,"10_equal_width_bins_[0,1]",0.5300514579759863,0.3168057332972809,0.33745252681028926,1.497830113710668,-3.7477700199327573,0.31280236436283154
pCR,LOCAL0_mri_only_paired,LOCAL,T0-T2,radiomics_complete_case_375,2026,143e482d711225c0611006d99bd7345d2fa1a5c16c65fbaf8399341a0d26aa38,outer_fold_macro,375,110,5,"10_equal_width_bins_[0,1]",0.5340871870682494,0.34612650347743973,0.33619243211940797,2.334457444125742,-2.12001945913216,0.32514915290129154
pCR,clinical_ftv,TABULAR,T0,radiomics_complete_case_375,2026,143e482d711225c0611006d99bd7345d2fa1a5c16c65fbaf8399341a0d26aa38,pooled_oof,375,110,5,"10_equal_width_bins_[0,1]",0.6796397941680961,0.48453658821068,0.23420306813845543,0.6741355180273685,-0.8996990684170767,0.1988427739598877
pCR,clinical_ftv,TABULAR,T0,radiomics_complete_case_375,2026,143e482d711225c0611006d99bd7345d2fa1a5c16c65fbaf8399341a0d26aa38,outer_fold_macro,375,110,5,"10_equal_width_bins_[0,1]",0.7178215140482814,0.5784175275319309,0.23402303424555315,6.7344448473012335,-0.9931130824359347,0.2030170047654436
pCR,clinical_ftv,TABULAR,T0-T1,radiomics_complete_case_375,2026,143e482d711225c0611006d99bd7345d2fa1a5c16c65fbaf8399341a0d26aa38,pooled_oof,375,110,5,"10_equal_width_bins_[0,1]",0.7247341337907376,0.5506750319989909,0.21502450481039986,0.5237909058989095,-0.8519584736885367,0.18173562703075097
pCR,clinical_ftv,TABULAR,T0-T1,radiomics_complete_case_375,2026,143e482d711225c0611006d99bd7345d2fa1a5c16c65fbaf8399341a0d26aa38,outer_fold_macro,375,110,5,"10_equal_width_bins_[0,1]",0.7349661670535246,0.6043630866380539,0.2155576216596935,1.5072534024459021,-0.8391430418731287,0.1950739875973157
pCR,clinical_ftv,TABULAR,T0-T2,radiomics_complete_case_375,2026,143e482d711225c0611006d99bd7345d2fa1a5c16c65fbaf8399341a0d26aa38,pooled_oof,375,110,5,"10_equal_width_bins_[0,1]",0.772967409948542,0.5781705841259126,0.194945476386185,0.5275523341874083,-0.8051410462992563,0.1533321398115709
pCR,clinical_ftv,TABULAR,T0-T2,radiomics_complete_case_375,2026,143e482d711225c0611006d99bd7345d2fa1a5c16c65fbaf8399341a0d26aa38,outer_fold_macro,375,110,5,"10_equal_width_bins_[0,1]",0.7743277239738294,0.6196005301800692,0.19491493222464554,0.5621747197666205,-0.7816739118122152,0.18400832569423464
pCR,clinical_only,NONE,T0,full_808,2026,143e482d711225c0611006d99bd7345d2fa1a5c16c65fbaf8399341a0d26aa38,pooled_oof,808,275,5,"10_equal_width_bins_[0,1]",0.709155722326454,0.5575141168308745,0.22379953897415064,1.0713067537795604,-0.6813085533981919,0.14774835200551747
pCR,clinical_only,NONE,T0,full_808,2026,143e482d711225c0611006d99bd7345d2fa1a5c16c65fbaf8399341a0d26aa38,outer_fold_macro,808,275,5,"10_equal_width_bins_[0,1]",0.727695131530434,0.5958435474091536,0.2238022162007272,3.436084514541623,-0.7241778129963852,0.15303448353540647
pCR,clinical_only,NONE,T0-T1,full_808,2026,143e482d711225c0611006d99bd7345d2fa1a5c16c65fbaf8399341a0d26aa38,pooled_oof,808,275,5,"10_equal_width_bins_[0,1]",0.709155722326454,0.5575141168308745,0.22379953897415064,1.0713067537795604,-0.6813085533981919,0.14774835200551747
pCR,clinical_only,NONE,T0-T1,full_808,2026,143e482d711225c0611006d99bd7345d2fa1a5c16c65fbaf8399341a0d26aa38,outer_fold_macro,808,275,5,"10_equal_width_bins_[0,1]",0.727695131530434,0.5958435474091536,0.2238022162007272,3.436084514541623,-0.7241778129963852,0.15303448353540647
pCR,clinical_only,NONE,T0-T2,full_808,2026,143e482d711225c0611006d99bd7345d2fa1a5c16c65fbaf8399341a0d26aa38,pooled_oof,808,275,5,"10_equal_width_bins_[0,1]",0.709155722326454,0.5575141168308745,0.22379953897415064,1.0713067537795604,-0.6813085533981919,0.14774835200551747
pCR,clinical_only,NONE,T0-T2,full_808,2026,143e482d711225c0611006d99bd7345d2fa1a5c16c65fbaf8399341a0d26aa38,outer_fold_macro,808,275,5,"10_equal_width_bins_[0,1]",0.727695131530434,0.5958435474091536,0.2238022162007272,3.436084514541623,-0.7241778129963852,0.15303448353540647
pCR,clinical_only_paired,NONE,T0,radiomics_complete_case_375,2026,143e482d711225c0611006d99bd7345d2fa1a5c16c65fbaf8399341a0d26aa38,pooled_oof,375,110,5,"10_equal_width_bins_[0,1]",0.689056603773585,0.48551519696875844,0.2375168924334248,0.5772425820622425,-0.8984162213090435,0.2088643050141577
pCR,clinical_only_paired,NONE,T0,radiomics_complete_case_375,2026,143e482d711225c0611006d99bd7345d2fa1a5c16c65fbaf8399341a0d26aa38,outer_fold_macro,375,110,5,"10_equal_width_bins_[0,1]",0.7239262725073738,0.5747696497670384,0.23750608383449262,8.916846750548896,-0.974330441261781,0.20876530073604282
pCR,clinical_only_paired,NONE,T0-T1,radiomics_complete_case_375,2026,143e482d711225c0611006d99bd7345d2fa1a5c16c65fbaf8399341a0d26aa38,pooled_oof,375,110,5,"10_equal_width_bins_[0,1]",0.689056603773585,0.48551519696875844,0.2375168924334248,0.5772425820622425,-0.8984162213090435,0.2088643050141577
pCR,clinical_only_paired,NONE,T0-T1,radiomics_complete_case_375,2026,143e482d711225c0611006d99bd7345d2fa1a5c16c65fbaf8399341a0d26aa38,outer_fold_macro,375,110,5,"10_equal_width_bins_[0,1]",0.7239262725073738,0.5747696497670384,0.23750608383449262,8.916846750548896,-0.974330441261781,0.20876530073604282
pCR,clinical_only_paired,NONE,T0-T2,radiomics_complete_case_375,2026,143e482d711225c0611006d99bd7345d2fa1a5c16c65fbaf8399341a0d26aa38,pooled_oof,375,110,5,"10_equal_width_bins_[0,1]",0.689056603773585,0.48551519696875844,0.2375168924334248,0.5772425820622425,-0.8984162213090435,0.2088643050141577
pCR,clinical_only_paired,NONE,T0-T2,radiomics_complete_case_375,2026,143e482d711225c0611006d99bd7345d2fa1a5c16c65fbaf8399341a0d26aa38,outer_fold_macro,375,110,5,"10_equal_width_bins_[0,1]",0.7239262725073738,0.5747696497670384,0.23750608383449262,8.916846750548896,-0.974330441261781,0.20876530073604282
pCR,clinical_radiomics,TABULAR,T0,radiomics_complete_case_375,2026,143e482d711225c0611006d99bd7345d2fa1a5c16c65fbaf8399341a0d26aa38,pooled_oof,375,110,5,"10_equal_width_bins_[0,1]",0.7212692967409949,0.5079292513736535,0.22202706535085878,1.1169920540185136,-0.8783869111924967,0.1948910124947726
pCR,clinical_radiomics,TABULAR,T0,radiomics_complete_case_375,2026,143e482d711225c0611006d99bd7345d2fa1a5c16c65fbaf8399341a0d26aa38,outer_fold_macro,375,110,5,"10_equal_width_bins_[0,1]",0.7367825059148283,0.5811459037917646,0.2220719954341525,3.514162124911531,-1.0058539276944585,0.1999638934471031
pCR,clinical_radiomics,TABULAR,T0-T1,radiomics_complete_case_375,2026,143e482d711225c0611006d99bd7345d2fa1a5c16c65fbaf8399341a0d26aa38,pooled_oof,375,110,5,"10_equal_width_bins_[0,1]",0.731835334476844,0.5399533763884776,0.2135472050297021,0.7070966438789501,-0.8274765156809346,0.17555520395460628
pCR,clinical_radiomics,TABULAR,T0-T1,radiomics_complete_case_375,2026,143e482d711225c0611006d99bd7345d2fa1a5c16c65fbaf8399341a0d26aa38,outer_fold_macro,375,110,5,"10_equal_width_bins_[0,1]",0.7560562385523533,0.6030056455920735,0.21461080179362785,2.2038463667921797,-0.9668268051548772,0.19679332915814227
pCR,clinical_radiomics,TABULAR,T0-T2,radiomics_complete_case_375,2026,143e482d711225c0611006d99bd7345d2fa1a5c16c65fbaf8399341a0d26aa38,pooled_oof,375,110,5,"10_equal_width_bins_[0,1]",0.7562778730703259,0.5712148901690086,0.20349353129480013,0.6806941564584204,-0.8435792950563892,0.16508808655241508
pCR,clinical_radiomics,TABULAR,T0-T2,radiomics_complete_case_375,2026,143e482d711225c0611006d99bd7345d2fa1a5c16c65fbaf8399341a0d26aa38,outer_fold_macro,375,110,5,"10_equal_width_bins_[0,1]",0.779846107393681,0.6086091430460158,0.2030942819850599,3.1335725752428054,-0.9248924568226915,0.17600893897301234
pCR,dino_vitb16_imagenet1k_mri_clinical,GLOBAL,T0,full_808,2026,143e482d711225c0611006d99bd7345d2fa1a5c16c65fbaf8399341a0d26aa38,pooled_oof,808,275,5,"10_equal_width_bins_[0,1]",0.7028006140201263,0.5291140287552438,0.22759577541108159,1.4396489997204003,-0.7189219867880605,0.15978318932908997
pCR,dino_vitb16_imagenet1k_mri_clinical,GLOBAL,T0,full_808,2026,143e482d711225c0611006d99bd7345d2fa1a5c16c65fbaf8399341a0d26aa38,outer_fold_macro,808,275,5,"10_equal_width_bins_[0,1]",0.7117292124204486,0.5640475998228529,0.22759249336177706,2.0817152702336843,-0.7545555953759118,0.16534073257171894
pCR,dino_vitb16_imagenet1k_mri_clinical,GLOBAL,T0-T1,full_808,2026,143e482d711225c0611006d99bd7345d2fa1a5c16c65fbaf8399341a0d26aa38,pooled_oof,808,275,5,"10_equal_width_bins_[0,1]",0.7110830632781853,0.5441393846430364,0.2284750185126035,2.1970605819004203,-0.7640707851970838,0.16002079485834822
pCR,dino_vitb16_imagenet1k_mri_clinical,GLOBAL,T0-T1,full_808,2026,143e482d711225c0611006d99bd7345d2fa1a5c16c65fbaf8399341a0d26aa38,outer_fold_macro,808,275,5,"10_equal_width_bins_[0,1]",0.709444221798304,0.5512339975936307,0.22846989259606673,2.222878525649495,-0.7653808508527173,0.16145123740850784
pCR,dino_vitb16_imagenet1k_mri_clinical,GLOBAL,T0-T2,full_808,2026,143e482d711225c0611006d99bd7345d2fa1a5c16c65fbaf8399341a0d26aa38,pooled_oof,808,275,5,"10_equal_width_bins_[0,1]",0.707010063107624,0.5419116629217062,0.22875808879652854,2.1573265861841087,-0.7504816019005868,0.1604179672719671
pCR,dino_vitb16_imagenet1k_mri_clinical,GLOBAL,T0-T2,full_808,2026,143e482d711225c0611006d99bd7345d2fa1a5c16c65fbaf8399341a0d26aa38,outer_fold_macro,808,275,5,"10_equal_width_bins_[0,1]",0.7072393837867299,0.5490090905024136,0.2287521614193151,2.1902131623332037,-0.7533929622209803,0.1604131974586544
pCR,dino_vitb16_imagenet1k_mri_clinical,LOCAL,T0,full_808,2026,143e482d711225c0611006d99bd7345d2fa1a5c16c65fbaf8399341a0d26aa38,pooled_oof,808,275,5,"10_equal_width_bins_[0,1]",0.6685724032065496,0.4980088051221554,0.23686096139464138,0.41375541901144103,-0.6295751532626097,0.16375072910327004
pCR,dino_vitb16_imagenet1k_mri_clinical,LOCAL,T0,full_808,2026,143e482d711225c0611006d99bd7345d2fa1a5c16c65fbaf8399341a0d26aa38,outer_fold_macro,808,275,5,"10_equal_width_bins_[0,1]",0.6803651752937594,0.5325096299298812,0.23687316532290908,1.7842624445763036,-0.8639790997660542,0.1705930308624235
pCR,dino_vitb16_imagenet1k_mri_clinical,LOCAL,T0-T1,full_808,2026,143e482d711225c0611006d99bd7345d2fa1a5c16c65fbaf8399341a0d26aa38,pooled_oof,808,275,5,"10_equal_width_bins_[0,1]",0.6798157939621354,0.4878237394702088,0.2316178137833868,0.7015284914986614,-0.6591560832088956,0.14849506271819152
pCR,dino_vitb16_imagenet1k_mri_clinical,LOCAL,T0-T1,full_808,2026,143e482d711225c0611006d99bd7345d2fa1a5c16c65fbaf8399341a0d26aa38,outer_fold_macro,808,275,5,"10_equal_width_bins_[0,1]",0.6922447540116382,0.5245654921715575,0.2316120839238356,1.4313959957263391,-0.6891274858345376,0.15679017106115786
pCR,dino_vitb16_imagenet1k_mri_clinical,LOCAL,T0-T2,full_808,2026,143e482d711225c0611006d99bd7345d2fa1a5c16c65fbaf8399341a0d26aa38,pooled_oof,808,275,5,"10_equal_width_bins_[0,1]",0.6721610097219852,0.4984631723732943,0.23121481239320907,0.6417241644988736,-0.6372012316330673,0.14997675122160395
pCR,dino_vitb16_imagenet1k_mri_clinical,LOCAL,T0-T2,full_808,2026,143e482d711225c0611006d99bd7345d2fa1a5c16c65fbaf8399341a0d26aa38,outer_fold_macro,808,275,5,"10_equal_width_bins_[0,1]",0.6865333995928247,0.5278633272172245,0.23120762836636058,1.3085777565485726,-0.6698087017000336,0.16156645282053878
pCR,dino_vitb16_imagenet1k_mri_clinical_ftv,GLOBAL,T0,radiomics_complete_case_375,2026,143e482d711225c0611006d99bd7345d2fa1a5c16c65fbaf8399341a0d26aa38,pooled_oof,375,110,5,"10_equal_width_bins_[0,1]",0.5878216123499144,0.39608436523201923,0.2683591178695939,1.3108518774529543,-4.7831762929029855,0.2372094846972161
pCR,dino_vitb16_imagenet1k_mri_clinical_ftv,GLOBAL,T0,radiomics_complete_case_375,2026,143e482d711225c0611006d99bd7345d2fa1a5c16c65fbaf8399341a0d26aa38,outer_fold_macro,375,110,5,"10_equal_width_bins_[0,1]",0.6122846634509755,0.4516706236887038,0.2681717756726682,0.9799249825144909,-1.2025779808228827,0.25295217045743823
pCR,dino_vitb16_imagenet1k_mri_clinical_ftv,GLOBAL,T0-T1,radiomics_complete_case_375,2026,143e482d711225c0611006d99bd7345d2fa1a5c16c65fbaf8399341a0d26aa38,pooled_oof,375,110,5,"10_equal_width_bins_[0,1]",0.5516295025728988,0.33326686328381094,0.30303641946147186,1.0632098229062725,-4.76355404267444,0.26040130531089556
pCR,dino_vitb16_imagenet1k_mri_clinical_ftv,GLOBAL,T0-T1,radiomics_complete_case_375,2026,143e482d711225c0611006d99bd7345d2fa1a5c16c65fbaf8399341a0d26aa38,outer_fold_macro,375,110,5,"10_equal_width_bins_[0,1]",0.5701622607604355,0.3906012505317048,0.2980930923604406,1.1814195642923573,-0.21161340710832094,0.2743267939331676
pCR,dino_vitb16_imagenet1k_mri_clinical_ftv,GLOBAL,T0-T2,radiomics_complete_case_375,2026,143e482d711225c0611006d99bd7345d2fa1a5c16c65fbaf8399341a0d26aa38,pooled_oof,375,110,5,"10_equal_width_bins_[0,1]",0.5132418524871355,0.35942693365251,0.3542834892960043,1.0,-3.0926775856852955,0.3546469595671137
pCR,dino_vitb16_imagenet1k_mri_clinical_ftv,GLOBAL,T0-T2,radiomics_complete_case_375,2026,143e482d711225c0611006d99bd7345d2fa1a5c16c65fbaf8399341a0d26aa38,outer_fold_macro,375,110,5,"10_equal_width_bins_[0,1]",0.5259335282484818,0.36884408166694993,0.34988397751211825,5.055658049300634,-0.29926816778701326,0.3499101342590417
pCR,dino_vitb16_imagenet1k_mri_clinical_ftv,LOCAL,T0,radiomics_complete_case_375,2026,143e482d711225c0611006d99bd7345d2fa1a5c16c65fbaf8399341a0d26aa38,pooled_oof,375,110,5,"10_equal_width_bins_[0,1]",0.6054545454545455,0.38791435318345635,0.26092390576233804,2.9150447844992886,-3.791648699437741,0.22991399386021394
pCR,dino_vitb16_imagenet1k_mri_clinical_ftv,LOCAL,T0,radiomics_complete_case_375,2026,143e482d711225c0611006d99bd7345d2fa1a5c16c65fbaf8399341a0d26aa38,outer_fold_macro,375,110,5,"10_equal_width_bins_[0,1]",0.6226067878746002,0.4507178360042645,0.26103613886528526,0.7606610043933102,-1.1921180115641552,0.25422981259583527
pCR,dino_vitb16_imagenet1k_mri_clinical_ftv,LOCAL,T0-T1,radiomics_complete_case_375,2026,143e482d711225c0611006d99bd7345d2fa1a5c16c65fbaf8399341a0d26aa38,pooled_oof,375,110,5,"10_equal_width_bins_[0,1]",0.6219554030874785,0.39762937828792877,0.2560864759044448,3.2534434431835164,-2.731183496101572,0.20499257705283017
pCR,dino_vitb16_imagenet1k_mri_clinical_ftv,LOCAL,T0-T1,radiomics_complete_case_375,2026,143e482d711225c0611006d99bd7345d2fa1a5c16c65fbaf8399341a0d26aa38,outer_fold_macro,375,110,5,"10_equal_width_bins_[0,1]",0.6423766587230052,0.44475600620973255,0.2555169179302478,1.8111994800138433,-0.8731063424555817,0.23055318741641062
pCR,dino_vitb16_imagenet1k_mri_clinical_ftv,LOCAL,T0-T2,radiomics_complete_case_375,2026,143e482d711225c0611006d99bd7345d2fa1a5c16c65fbaf8399341a0d26aa38,pooled_oof,375,110,5,"10_equal_width_bins_[0,1]",0.6232590051457976,0.42438532110326693,0.24844645065680546,3.4432634528136807,1.214885780983666,0.20766830593679056
pCR,dino_vitb16_imagenet1k_mri_clinical_ftv,LOCAL,T0-T2,radiomics_complete_case_375,2026,143e482d711225c0611006d99bd7345d2fa1a5c16c65fbaf8399341a0d26aa38,outer_fold_macro,375,110,5,"10_equal_width_bins_[0,1]",0.6096604312150837,0.43145626517727925,0.2489164374566511,1.4275615551249476,-1.99755981155024,0.22720061553103
pCR,dino_vitb16_imagenet1k_mri_clinical_paired,GLOBAL,T0,radiomics_complete_case_375,2026,143e482d711225c0611006d99bd7345d2fa1a5c16c65fbaf8399341a0d26aa38,pooled_oof,375,110,5,"10_equal_width_bins_[0,1]",0.5872727272727273,0.3958333278207355,0.2697061996127212,1.0,-4.629815792573206,0.24195159093769522
pCR,dino_vitb16_imagenet1k_mri_clinical_paired,GLOBAL,T0,radiomics_complete_case_375,2026,143e482d711225c0611006d99bd7345d2fa1a5c16c65fbaf8399341a0d26aa38,outer_fold_macro,375,110,5,"10_equal_width_bins_[0,1]",0.6131357272807628,0.4506046655484036,0.269679744810218,0.9799247213092738,-1.0073886083625525,0.25803531722456646
pCR,dino_vitb16_imagenet1k_mri_clinical_paired,GLOBAL,T0-T1,radiomics_complete_case_375,2026,143e482d711225c0611006d99bd7345d2fa1a5c16c65fbaf8399341a0d26aa38,pooled_oof,375,110,5,"10_equal_width_bins_[0,1]",0.5451457975986278,0.3276504375941919,0.3073935909249886,1.0,2.441005262166466,0.2668506642318099
pCR,dino_vitb16_imagenet1k_mri_clinical_paired,GLOBAL,T0-T1,radiomics_complete_case_375,2026,143e482d711225c0611006d99bd7345d2fa1a5c16c65fbaf8399341a0d26aa38,outer_fold_macro,375,110,5,"10_equal_width_bins_[0,1]",0.5701494944906997,0.38436498682008136,0.30195886736726985,5.342468184505239,-0.15650499941355295,0.2739759038168781
pCR,dino_vitb16_imagenet1k_mri_clinical_paired,GLOBAL,T0-T2,radiomics_complete_case_375,2026,143e482d711225c0611006d99bd7345d2fa1a5c16c65fbaf8399341a0d26aa38,pooled_oof,375,110,5,"10_equal_width_bins_[0,1]",0.5140308747855917,0.3657008616782032,0.35727146176288077,1.0,-2.694240038363539,0.3595543160235283
pCR,dino_vitb16_imagenet1k_mri_clinical_paired,GLOBAL,T0-T2,radiomics_complete_case_375,2026,143e482d711225c0611006d99bd7345d2fa1a5c16c65fbaf8399341a0d26aa38,outer_fold_macro,375,110,5,"10_equal_width_bins_[0,1]",0.5205976740668598,0.37024820077507165,0.35280320217674754,5.055658049300634,0.47465594768875635,0.3620752247209863
pCR,dino_vitb16_imagenet1k_mri_clinical_paired,LOCAL,T0,radiomics_complete_case_375,2026,143e482d711225c0611006d99bd7345d2fa1a5c16c65fbaf8399341a0d26aa38,pooled_oof,375,110,5,"10_equal_width_bins_[0,1]",0.6051114922813036,0.3879303977232129,0.2609388657660158,2.9101405158217184,-3.7947357315420196,0.2298779164824696
pCR,dino_vitb16_imagenet1k_mri_clinical_paired,LOCAL,T0,radiomics_complete_case_375,2026,143e482d711225c0611006d99bd7345d2fa1a5c16c65fbaf8399341a0d26aa38,outer_fold_macro,375,110,5,"10_equal_width_bins_[0,1]",0.6227480308124533,0.4507574975589974,0.26105101943701187,0.7605677717491759,-1.199371610428895,0.25420494516963626
pCR,dino_vitb16_imagenet1k_mri_clinical_paired,LOCAL,T0-T1,radiomics_complete_case_375,2026,143e482d711225c0611006d99bd7345d2fa1a5c16c65fbaf8399341a0d26aa38,pooled_oof,375,110,5,"10_equal_width_bins_[0,1]",0.6222641509433963,0.3977707551764841,0.25565090321566347,3.2483737666861394,-2.738980245238202,0.1945343547447622
pCR,dino_vitb16_imagenet1k_mri_clinical_paired,LOCAL,T0-T1,radiomics_complete_case_375,2026,143e482d711225c0611006d99bd7345d2fa1a5c16c65fbaf8399341a0d26aa38,outer_fold_macro,375,110,5,"10_equal_width_bins_[0,1]",0.6418442718552146,0.4434444241401397,0.2550631965732869,1.8148375097829277,-0.8715697158195302,0.22877118589968287
pCR,dino_vitb16_imagenet1k_mri_clinical_paired,LOCAL,T0-T2,radiomics_complete_case_375,2026,143e482d711225c0611006d99bd7345d2fa1a5c16c65fbaf8399341a0d26aa38,pooled_oof,375,110,5,"10_equal_width_bins_[0,1]",0.6229159519725558,0.42406751837361845,0.24841401977057886,3.442709805162858,1.204290646022519,0.20757190490691996
pCR,dino_vitb16_imagenet1k_mri_clinical_paired,LOCAL,T0-T2,radiomics_complete_case_375,2026,143e482d711225c0611006d99bd7345d2fa1a5c16c65fbaf8399341a0d26aa38,outer_fold_macro,375,110,5,"10_equal_width_bins_[0,1]",0.6090927406791098,0.43119881666261267,0.24888287274463558,1.4275771475820878,-1.9971972356467353,0.22800255410748008
pCR,dino_vitb16_imagenet1k_mri_ftv,GLOBAL,T0,radiomics_complete_case_375,2026,143e482d711225c0611006d99bd7345d2fa1a5c16c65fbaf8399341a0d26aa38,pooled_oof,375,110,5,"10_equal_width_bins_[0,1]",0.5157118353344768,0.3168948281168614,0.2739656347357397,1.0808643005442082,1.9864042299700415,0.23145042160173807
pCR,dino_vitb16_imagenet1k_mri_ftv,GLOBAL,T0,radiomics_complete_case_375,2026,143e482d711225c0611006d99bd7345d2fa1a5c16c65fbaf8399341a0d26aa38,outer_fold_macro,375,110,5,"10_equal_width_bins_[0,1]",0.5279077182317349,0.34208422773192526,0.27148114612619684,0.4650246457255566,-0.8740219862182365,0.23108130493800597
pCR,dino_vitb16_imagenet1k_mri_ftv,GLOBAL,T0-T1,radiomics_complete_case_375,2026,143e482d711225c0611006d99bd7345d2fa1a5c16c65fbaf8399341a0d26aa38,pooled_oof,375,110,5,"10_equal_width_bins_[0,1]",0.5116981132075472,0.30403025089611374,0.32762306520077733,1.0,-4.767263558893941,0.27786666048028413
pCR,dino_vitb16_imagenet1k_mri_ftv,GLOBAL,T0-T1,radiomics_complete_case_375,2026,143e482d711225c0611006d99bd7345d2fa1a5c16c65fbaf8399341a0d26aa38,outer_fold_macro,375,110,5,"10_equal_width_bins_[0,1]",0.5113440587285162,0.338800473385071,0.3206312070936127,0.5144631657418122,-0.872075284523633,0.29766613356942695
pCR,dino_vitb16_imagenet1k_mri_ftv,GLOBAL,T0-T2,radiomics_complete_case_375,2026,143e482d711225c0611006d99bd7345d2fa1a5c16c65fbaf8399341a0d26aa38,pooled_oof,375,110,5,"10_equal_width_bins_[0,1]",0.5113207547169811,0.35907835774207325,0.3689932343559451,1.0,-1.4020609056783484,0.359850285085592
pCR,dino_vitb16_imagenet1k_mri_ftv,GLOBAL,T0-T2,radiomics_complete_case_375,2026,143e482d711225c0611006d99bd7345d2fa1a5c16c65fbaf8399341a0d26aa38,outer_fold_macro,375,110,5,"10_equal_width_bins_[0,1]",0.49967543968780903,0.3703722091450516,0.36536961925427613,0.798183475096588,-1.080461854138337,0.3791859049314163
pCR,dino_vitb16_imagenet1k_mri_ftv,LOCAL,T0,radiomics_complete_case_375,2026,143e482d711225c0611006d99bd7345d2fa1a5c16c65fbaf8399341a0d26aa38,pooled_oof,375,110,5,"10_equal_width_bins_[0,1]",0.5402744425385935,0.3318620337869594,0.2718678845712677,3.54671552238989,-3.451529002750812,0.22101567531752914
pCR,dino_vitb16_imagenet1k_mri_ftv,LOCAL,T0,radiomics_complete_case_375,2026,143e482d711225c0611006d99bd7345d2fa1a5c16c65fbaf8399341a0d26aa38,outer_fold_macro,375,110,5,"10_equal_width_bins_[0,1]",0.5544252723583862,0.38310383860950853,0.2708728502119526,0.45681739048676545,-1.3870732644761854,0.2351481259754374
pCR,dino_vitb16_imagenet1k_mri_ftv,LOCAL,T0-T1,radiomics_complete_case_375,2026,143e482d711225c0611006d99bd7345d2fa1a5c16c65fbaf8399341a0d26aa38,pooled_oof,375,110,5,"10_equal_width_bins_[0,1]",0.5663121783876501,0.3540920821304989,0.2833576766795442,2.824360527626147,-1.4274800923202613,0.24722319418171168
pCR,dino_vitb16_imagenet1k_mri_ftv,LOCAL,T0-T1,radiomics_complete_case_375,2026,143e482d711225c0611006d99bd7345d2fa1a5c16c65fbaf8399341a0d26aa38,outer_fold_macro,375,110,5,"10_equal_width_bins_[0,1]",0.5717806300655621,0.3715344956075869,0.282277419468278,1.0784203503979684,-1.5766618846994775,0.2660081047076586
pCR,dino_vitb16_imagenet1k_mri_ftv,LOCAL,T0-T2,radiomics_complete_case_375,2026,143e482d711225c0611006d99bd7345d2fa1a5c16c65fbaf8399341a0d26aa38,pooled_oof,375,110,5,"10_equal_width_bins_[0,1]",0.5662778730703258,0.3712062018168537,0.26877471384964224,3.195950415804918,1.3371328333401702,0.21880106581970538
pCR,dino_vitb16_imagenet1k_mri_ftv,LOCAL,T0-T2,radiomics_complete_case_375,2026,143e482d711225c0611006d99bd7345d2fa1a5c16c65fbaf8399341a0d26aa38,outer_fold_macro,375,110,5,"10_equal_width_bins_[0,1]",0.5805094711556181,0.40109723488217053,0.26842158764390245,0.765178011263767,-1.1591290268183658,0.24825137183503418
pCR,dino_vitb16_imagenet1k_mri_only,GLOBAL,T0,full_808,2026,143e482d711225c0611006d99bd7345d2fa1a5c16c65fbaf8399341a0d26aa38,pooled_oof,808,275,5,"10_equal_width_bins_[0,1]",0.5356097560975609,0.38007135508895024,0.2800434273455948,2.5441283274564945,2.9176348788008695,0.20595443601225685
pCR,dino_vitb16_imagenet1k_mri_only,GLOBAL,T0,full_808,2026,143e482d711225c0611006d99bd7345d2fa1a5c16c65fbaf8399341a0d26aa38,outer_fold_macro,808,275,5,"10_equal_width_bins_[0,1]",0.5529443259966977,0.4111750673386213,0.2800266026707095,1.3440415586815933,-0.9718428570020539,0.20735899592883955
pCR,dino_vitb16_imagenet1k_mri_only,GLOBAL,T0-T1,full_808,2026,143e482d711225c0611006d99bd7345d2fa1a5c16c65fbaf8399341a0d26aa38,pooled_oof,808,275,5,"10_equal_width_bins_[0,1]",0.5502302575473307,0.3902472094926654,0.2884938020763877,2.214717791078038,3.0452431931269666,0.21264558445461013
pCR,dino_vitb16_imagenet1k_mri_only,GLOBAL,T0-T1,full_808,2026,143e482d711225c0611006d99bd7345d2fa1a5c16c65fbaf8399341a0d26aa38,outer_fold_macro,808,275,5,"10_equal_width_bins_[0,1]",0.5521258075375515,0.4120673037791895,0.2884733891111989,1.4024196945842848,-1.4558281879169286,0.23110349533791202
pCR,dino_vitb16_imagenet1k_mri_only,GLOBAL,T0-T2,full_808,2026,143e482d711225c0611006d99bd7345d2fa1a5c16c65fbaf8399341a0d26aa38,pooled_oof,808,275,5,"10_equal_width_bins_[0,1]",0.5391096708169878,0.39683301943453997,0.30897811115197604,1.0,-4.694977364336798,0.26511973036914077
pCR,dino_vitb16_imagenet1k_mri_only,GLOBAL,T0-T2,full_808,2026,143e482d711225c0611006d99bd7345d2fa1a5c16c65fbaf8399341a0d26aa38,outer_fold_macro,808,275,5,"10_equal_width_bins_[0,1]",0.5230150205992209,0.401511501223332,0.30905140749583243,1.0056874452211038,-2.25580566778538,0.2751464604586617
pCR,dino_vitb16_imagenet1k_mri_only,LOCAL,T0,full_808,2026,143e482d711225c0611006d99bd7345d2fa1a5c16c65fbaf8399341a0d26aa38,pooled_oof,808,275,5,"10_equal_width_bins_[0,1]",0.5275797373358349,0.3734633785332039,0.3039003406397735,1.4572710184606983,4.375979179298768,0.23698784166928658
pCR,dino_vitb16_imagenet1k_mri_only,LOCAL,T0,full_808,2026,143e482d711225c0611006d99bd7345d2fa1a5c16c65fbaf8399341a0d26aa38,outer_fold_macro,808,275,5,"10_equal_width_bins_[0,1]",0.5500601144579279,0.40845887174512335,0.3038542989001568,0.7187164537940017,0.1631419906512162,0.254477079371677
pCR,dino_vitb16_imagenet1k_mri_only,LOCAL,T0-T1,full_808,2026,143e482d711225c0611006d99bd7345d2fa1a5c16c65fbaf8399341a0d26aa38,pooled_oof,808,275,5,"10_equal_width_bins_[0,1]",0.5570254136107795,0.38655805212917227,0.26382056247114155,0.17198577857676578,-0.6455754347379663,0.17596740645869138
pCR,dino_vitb16_imagenet1k_mri_only,LOCAL,T0-T1,full_808,2026,143e482d711225c0611006d99bd7345d2fa1a5c16c65fbaf8399341a0d26aa38,outer_fold_macro,808,275,5,"10_equal_width_bins_[0,1]",0.5745560346900499,0.41839089988086886,0.2638658832970683,1.2618766999100788,-0.6762190774472219,0.19938112796958307
pCR,dino_vitb16_imagenet1k_mri_only,LOCAL,T0-T2,full_808,2026,143e482d711225c0611006d99bd7345d2fa1a5c16c65fbaf8399341a0d26aa38,pooled_oof,808,275,5,"10_equal_width_bins_[0,1]",0.5775882653931435,0.41757344760581305,0.26301202510369565,0.2615536928556703,-0.6663293156792025,0.18885603688206087
pCR,dino_vitb16_imagenet1k_mri_only,LOCAL,T0-T2,full_808,2026,143e482d711225c0611006d99bd7345d2fa1a5c16c65fbaf8399341a0d26aa38,outer_fold_macro,808,275,5,"10_equal_width_bins_[0,1]",0.5768955290873824,0.42916876401341836,0.26302154017146967,0.38189045627923573,-0.6705036479243451,0.19331816756920467
pCR,dino_vitb16_imagenet1k_mri_only_paired,GLOBAL,T0,radiomics_complete_case_375,2026,143e482d711225c0611006d99bd7345d2fa1a5c16c65fbaf8399341a0d26aa38,pooled_oof,375,110,5,"10_equal_width_bins_[0,1]",0.5159519725557462,0.31710121341222464,0.27393223569284497,1.094271986338069,1.96554280099717,0.23142465970450882
pCR,dino_vitb16_imagenet1k_mri_only_paired,GLOBAL,T0,radiomics_complete_case_375,2026,143e482d711225c0611006d99bd7345d2fa1a5c16c65fbaf8399341a0d26aa38,outer_fold_macro,375,110,5,"10_equal_width_bins_[0,1]",0.5274989885974205,0.3430580974993076,0.27144119524958554,0.46656776959040186,-0.8734192240526015,0.2311365486461578
pCR,dino_vitb16_imagenet1k_mri_only_paired,GLOBAL,T0-T1,radiomics_complete_case_375,2026,143e482d711225c0611006d99bd7345d2fa1a5c16c65fbaf8399341a0d26aa38,pooled_oof,375,110,5,"10_equal_width_bins_[0,1]",0.49903945111492276,0.29291625249918873,0.31441415501252407,1.0,-2.96994855842557,0.27014657628482946
pCR,dino_vitb16_imagenet1k_mri_only_paired,GLOBAL,T0-T1,radiomics_complete_case_375,2026,143e482d711225c0611006d99bd7345d2fa1a5c16c65fbaf8399341a0d26aa38,outer_fold_macro,375,110,5,"10_equal_width_bins_[0,1]",0.5022235801661304,0.3300029196201994,0.3087080666613219,0.510348652270665,-1.158758825994362,0.2891596814826937
pCR,dino_vitb16_imagenet1k_mri_only_paired,GLOBAL,T0-T2,radiomics_complete_case_375,2026,143e482d711225c0611006d99bd7345d2fa1a5c16c65fbaf8399341a0d26aa38,pooled_oof,375,110,5,"10_equal_width_bins_[0,1]",0.4953344768439108,0.3483683788583086,0.3597201542746522,1.0,-3.096016497421886,0.3354697017432229
pCR,dino_vitb16_imagenet1k_mri_only_paired,GLOBAL,T0-T2,radiomics_complete_case_375,2026,143e482d711225c0611006d99bd7345d2fa1a5c16c65fbaf8399341a0d26aa38,outer_fold_macro,375,110,5,"10_equal_width_bins_[0,1]",0.486868023665898,0.3534425121459632,0.35432613405224334,0.823831861878871,-1.809946246215479,0.3581314493566274
pCR,dino_vitb16_imagenet1k_mri_only_paired,LOCAL,T0,radiomics_complete_case_375,2026,143e482d711225c0611006d99bd7345d2fa1a5c16c65fbaf8399341a0d26aa38,pooled_oof,375,110,5,"10_equal_width_bins_[0,1]",0.5401715265866209,0.33175177748512497,0.27188005001122323,3.5463152794239217,-3.448177877760445,0.2210358330358169
pCR,dino_vitb16_imagenet1k_mri_only_paired,LOCAL,T0,radiomics_complete_case_375,2026,143e482d711225c0611006d99bd7345d2fa1a5c16c65fbaf8399341a0d26aa38,outer_fold_macro,375,110,5,"10_equal_width_bins_[0,1]",0.5544252723583862,0.38310003647668645,0.2708841156188975,0.45678966283100575,-1.3870594255193025,0.23516359881931237
pCR,dino_vitb16_imagenet1k_mri_only_paired,LOCAL,T0-T1,radiomics_complete_case_375,2026,143e482d711225c0611006d99bd7345d2fa1a5c16c65fbaf8399341a0d26aa38,pooled_oof,375,110,5,"10_equal_width_bins_[0,1]",0.5664493996569467,0.3541124368539642,0.2833234797605314,2.8256053006114623,-1.5511517007420723,0.24705159037934132
pCR,dino_vitb16_imagenet1k_mri_only_paired,LOCAL,T0-T1,radiomics_complete_case_375,2026,143e482d711225c0611006d99bd7345d2fa1a5c16c65fbaf8399341a0d26aa38,outer_fold_macro,375,110,5,"10_equal_width_bins_[0,1]",0.5719580923548258,0.3715172139592034,0.2822416394690895,1.0783957953153187,-1.5768702722351127,0.2658625584319324
pCR,dino_vitb16_imagenet1k_mri_only_paired,LOCAL,T0-T2,radiomics_complete_case_375,2026,143e482d711225c0611006d99bd7345d2fa1a5c16c65fbaf8399341a0d26aa38,pooled_oof,375,110,5,"10_equal_width_bins_[0,1]",0.5651114922813036,0.36981743240892717,0.26921058058864483,3.1650955858060894,1.3638312048695678,0.21492669873683956
pCR,dino_vitb16_imagenet1k_mri_only_paired,LOCAL,T0-T2,radiomics_complete_case_375,2026,143e482d711225c0611006d99bd7345d2fa1a5c16c65fbaf8399341a0d26aa38,outer_fold_macro,375,110,5,"10_equal_width_bins_[0,1]",0.5804223825877712,0.40082486698327696,0.26884567183100716,0.7640431071233161,-1.1825032917717253,0.24772729215176156
pCR,ftv_only,TABULAR,T0,radiomics_complete_case_375,2026,143e482d711225c0611006d99bd7345d2fa1a5c16c65fbaf8399341a0d26aa38,pooled_oof,375,110,5,"10_equal_width_bins_[0,1]",0.47704974271012,0.2842638671349027,0.2500660156542379,-17.569160040811962,-0.873355668943509,0.20676217136874753
pCR,ftv_only,TABULAR,T0,radiomics_complete_case_375,2026,143e482d711225c0611006d99bd7345d2fa1a5c16c65fbaf8399341a0d26aa38,outer_fold_macro,375,110,5,"10_equal_width_bins_[0,1]",0.4744642288452664,0.29896456991712467,0.2500753954138302,-0.9102047842652136,-0.8333185631367074,0.20595043167933155
pCR,ftv_only,TABULAR,T0-T1,radiomics_complete_case_375,2026,143e482d711225c0611006d99bd7345d2fa1a5c16c65fbaf8399341a0d26aa38,pooled_oof,375,110,5,"10_equal_width_bins_[0,1]",0.6619897084048028,0.41729865458730925,0.24255543718060976,0.7757772376933375,-0.8822122314486117,0.2022926222873023
pCR,ftv_only,TABULAR,T0-T1,radiomics_complete_case_375,2026,143e482d711225c0611006d99bd7345d2fa1a5c16c65fbaf8399341a0d26aa38,outer_fold_macro,375,110,5,"10_equal_width_bins_[0,1]",0.6849646764859083,0.48089420872552646,0.24304813451716187,26.080427087095206,-1.0518945893356875,0.20341453336662657
pCR,ftv_only,TABULAR,T0-T2,radiomics_complete_case_375,2026,143e482d711225c0611006d99bd7345d2fa1a5c16c65fbaf8399341a0d26aa38,pooled_oof,375,110,5,"10_equal_width_bins_[0,1]",0.6870668953687822,0.4365150887634019,0.2369922843979923,0.5445352607468497,-0.8749541956455739,0.20217489071487607
pCR,ftv_only,TABULAR,T0-T2,radiomics_complete_case_375,2026,143e482d711225c0611006d99bd7345d2fa1a5c16c65fbaf8399341a0d26aa38,outer_fold_macro,375,110,5,"10_equal_width_bins_[0,1]",0.6918133765927978,0.4714476470776073,0.2374887535610199,3.1930251132849428,-1.30252414111562,0.2096268943286832
pCR,medicalnet_resnet50_3dseg8_mri_clinical,GLOBAL,T0,full_808,2026,143e482d711225c0611006d99bd7345d2fa1a5c16c65fbaf8399341a0d26aa38,pooled_oof,808,275,5,"10_equal_width_bins_[0,1]",0.6631519699812382,0.4817645688492842,0.24817296697414085,1.0,2.086337906402589,0.18366351126971575
pCR,medicalnet_resnet50_3dseg8_mri_clinical,GLOBAL,T0,full_808,2026,143e482d711225c0611006d99bd7345d2fa1a5c16c65fbaf8399341a0d26aa38,outer_fold_macro,808,275,5,"10_equal_width_bins_[0,1]",0.6774977958032092,0.5195120278710238,0.2481254022209169,1.547481756649851,-0.7088803033093362,0.1909993858100161
pCR,medicalnet_resnet50_3dseg8_mri_clinical,GLOBAL,T0-T1,full_808,2026,143e482d711225c0611006d99bd7345d2fa1a5c16c65fbaf8399341a0d26aa38,pooled_oof,808,275,5,"10_equal_width_bins_[0,1]",0.7064949684461881,0.5187369612301395,0.22948559192453882,2.125603233142237,-0.7591382711987957,0.16038462758402472
pCR,medicalnet_resnet50_3dseg8_mri_clinical,GLOBAL,T0-T1,full_808,2026,143e482d711225c0611006d99bd7345d2fa1a5c16c65fbaf8399341a0d26aa38,outer_fold_macro,808,275,5,"10_equal_width_bins_[0,1]",0.7076162613616325,0.5331419673107121,0.22948619911152374,2.150339295105692,-0.7578917412459576,0.16348819245216983
pCR,medicalnet_resnet50_3dseg8_mri_clinical,GLOBAL,T0-T2,full_808,2026,143e482d711225c0611006d99bd7345d2fa1a5c16c65fbaf8399341a0d26aa38,pooled_oof,808,275,5,"10_equal_width_bins_[0,1]",0.6741190516800273,0.4884712065340868,0.2331992519888285,0.3404881122273864,-0.6556247946727257,0.15351232250429334
pCR,medicalnet_resnet50_3dseg8_mri_clinical,GLOBAL,T0-T2,full_808,2026,143e482d711225c0611006d99bd7345d2fa1a5c16c65fbaf8399341a0d26aa38,outer_fold_macro,808,275,5,"10_equal_width_bins_[0,1]",0.6777570093457944,0.5143116975566109,0.23318405847777682,2.01387714261411,-0.36508188324518576,0.16169393268777546
pCR,medicalnet_resnet50_3dseg8_mri_clinical,LOCAL,T0,full_808,2026,143e482d711225c0611006d99bd7345d2fa1a5c16c65fbaf8399341a0d26aa38,pooled_oof,808,275,5,"10_equal_width_bins_[0,1]",0.703141736312468,0.5085759444736089,0.23138820314343492,0.5883570023871012,-0.6804522317137724,0.16528304300490465
pCR,medicalnet_resnet50_3dseg8_mri_clinical,LOCAL,T0,full_808,2026,143e482d711225c0611006d99bd7345d2fa1a5c16c65fbaf8399341a0d26aa38,outer_fold_macro,808,275,5,"10_equal_width_bins_[0,1]",0.7060293999775572,0.539570488146797,0.2313999737454438,2.6266656633813596,-0.0762551190313546,0.171821704536369
pCR,medicalnet_resnet50_3dseg8_mri_clinical,LOCAL,T0-T1,full_808,2026,143e482d711225c0611006d99bd7345d2fa1a5c16c65fbaf8399341a0d26aa38,pooled_oof,808,275,5,"10_equal_width_bins_[0,1]",0.7104349309227358,0.5238668912654798,0.22915739223186118,2.0284190267657363,-0.7510063123505928,0.16037775924855183
pCR,medicalnet_resnet50_3dseg8_mri_clinical,LOCAL,T0-T1,full_808,2026,143e482d711225c0611006d99bd7345d2fa1a5c16c65fbaf8399341a0d26aa38,outer_fold_macro,808,275,5,"10_equal_width_bins_[0,1]",0.708244176912842,0.5347149051009106,0.2291596416252129,2.1120979609644968,-0.753474860381151,0.1650434305892751
pCR,medicalnet_resnet50_3dseg8_mri_clinical,LOCAL,T0-T2,full_808,2026,143e482d711225c0611006d99bd7345d2fa1a5c16c65fbaf8399341a0d26aa38,pooled_oof,808,275,5,"10_equal_width_bins_[0,1]",0.703394166808801,0.5182611415097298,0.22963977570779256,1.912661865135038,-0.7400469540716526,0.1596581335107239
pCR,medicalnet_resnet50_3dseg8_mri_clinical,LOCAL,T0-T2,full_808,2026,143e482d711225c0611006d99bd7345d2fa1a5c16c65fbaf8399341a0d26aa38,outer_fold_macro,808,275,5,"10_equal_width_bins_[0,1]",0.7009874801622289,0.5298807514894233,0.22963809614894407,1.9714996544885,-0.7421920962546061,0.15966054600966173
pCR,medicalnet_resnet50_3dseg8_mri_clinical_ftv,GLOBAL,T0,radiomics_complete_case_375,2026,143e482d711225c0611006d99bd7345d2fa1a5c16c65fbaf8399341a0d26aa38,pooled_oof,375,110,5,"10_equal_width_bins_[0,1]",0.621663807890223,0.4123215286585768,0.2443271544587083,0.30930879667243955,-0.8767215202413194,0.20181253428105722
pCR,medicalnet_resnet50_3dseg8_mri_clinical_ftv,GLOBAL,T0,radiomics_complete_case_375,2026,143e482d711225c0611006d99bd7345d2fa1a5c16c65fbaf8399341a0d26aa38,outer_fold_macro,375,110,5,"10_equal_width_bins_[0,1]",0.639904260972173,0.4430645889273358,0.2444444064318724,81.5264731137914,-0.5749463545314413,0.2110257635795299
pCR,medicalnet_resnet50_3dseg8_mri_clinical_ftv,GLOBAL,T0-T1,radiomics_complete_case_375,2026,143e482d711225c0611006d99bd7345d2fa1a5c16c65fbaf8399341a0d26aa38,pooled_oof,375,110,5,"10_equal_width_bins_[0,1]",0.5542024013722127,0.3756081639652038,0.2594356240749085,1.728527922308173,2.488224882023436,0.21316295565293852
pCR,medicalnet_resnet50_3dseg8_mri_clinical_ftv,GLOBAL,T0-T1,radiomics_complete_case_375,2026,143e482d711225c0611006d99bd7345d2fa1a5c16c65fbaf8399341a0d26aa38,outer_fold_macro,375,110,5,"10_equal_width_bins_[0,1]",0.5582803703735431,0.4023043582534174,0.2604390447410895,-15.691108083885473,-0.6615044830329679,0.23356372175578036
pCR,medicalnet_resnet50_3dseg8_mri_clinical_ftv,GLOBAL,T0-T2,radiomics_complete_case_375,2026,143e482d711225c0611006d99bd7345d2fa1a5c16c65fbaf8399341a0d26aa38,pooled_oof,375,110,5,"10_equal_width_bins_[0,1]",0.571869639794168,0.4089346112859673,0.2521746359555181,2.94349211202959,1.7615509007859593,0.210349402274082
pCR,medicalnet_resnet50_3dseg8_mri_clinical_ftv,GLOBAL,T0-T2,radiomics_complete_case_375,2026,143e482d711225c0611006d99bd7345d2fa1a5c16c65fbaf8399341a0d26aa38,outer_fold_macro,375,110,5,"10_equal_width_bins_[0,1]",0.553891561995804,0.4279894529777143,0.25176064792356717,-15.862497791035604,-0.19489648151591127,0.23500391073104437
pCR,medicalnet_resnet50_3dseg8_mri_clinical_ftv,LOCAL,T0,radiomics_complete_case_375,2026,143e482d711225c0611006d99bd7345d2fa1a5c16c65fbaf8399341a0d26aa38,pooled_oof,375,110,5,"10_equal_width_bins_[0,1]",0.6479245283018867,0.4249297488297642,0.24515752804529575,3.212119715855968,2.2893403626898228,0.21883981447739437
pCR,medicalnet_resnet50_3dseg8_mri_clinical_ftv,LOCAL,T0,radiomics_complete_case_375,2026,143e482d711225c0611006d99bd7345d2fa1a5c16c65fbaf8399341a0d26aa38,outer_fold_macro,375,110,5,"10_equal_width_bins_[0,1]",0.647806468480318,0.4547619580350104,0.24549894349908544,1.6482409840399666,0.31628196741019793,0.21914771595596422
pCR,medicalnet_resnet50_3dseg8_mri_clinical_ftv,LOCAL,T0-T1,radiomics_complete_case_375,2026,143e482d711225c0611006d99bd7345d2fa1a5c16c65fbaf8399341a0d26aa38,pooled_oof,375,110,5,"10_equal_width_bins_[0,1]",0.579639794168096,0.3666774131367827,0.26238251756017666,1.0,4.3716261974981325,0.23294414288812632
pCR,medicalnet_resnet50_3dseg8_mri_clinical_ftv,LOCAL,T0-T1,radiomics_complete_case_375,2026,143e482d711225c0611006d99bd7345d2fa1a5c16c65fbaf8399341a0d26aa38,outer_fold_macro,375,110,5,"10_equal_width_bins_[0,1]",0.5753496266345508,0.38709092859681826,0.26281826091159954,82.13800625743878,-0.06551593766217192,0.23722379308677208
pCR,medicalnet_resnet50_3dseg8_mri_clinical_ftv,LOCAL,T0-T2,radiomics_complete_case_375,2026,143e482d711225c0611006d99bd7345d2fa1a5c16c65fbaf8399341a0d26aa38,pooled_oof,375,110,5,"10_equal_width_bins_[0,1]",0.5690051457975985,0.35116663976839324,0.28137176310047696,1.0,4.643187415224223,0.2425219563600197
pCR,medicalnet_resnet50_3dseg8_mri_clinical_ftv,LOCAL,T0-T2,radiomics_complete_case_375,2026,143e482d711225c0611006d99bd7345d2fa1a5c16c65fbaf8399341a0d26aa38,outer_fold_macro,375,110,5,"10_equal_width_bins_[0,1]",0.563554805113851,0.38644926438247706,0.283650844760274,1.1266179637097535,-1.0433780533744925,0.26647150010252385
pCR,medicalnet_resnet50_3dseg8_mri_clinical_paired,GLOBAL,T0,radiomics_complete_case_375,2026,143e482d711225c0611006d99bd7345d2fa1a5c16c65fbaf8399341a0d26aa38,pooled_oof,375,110,5,"10_equal_width_bins_[0,1]",0.6213207547169812,0.40871576920467745,0.24492299139978038,0.3112317253500616,-0.8776668774651745,0.20095319529782127
pCR,medicalnet_resnet50_3dseg8_mri_clinical_paired,GLOBAL,T0,radiomics_complete_case_375,2026,143e482d711225c0611006d99bd7345d2fa1a5c16c65fbaf8399341a0d26aa38,outer_fold_macro,375,110,5,"10_equal_width_bins_[0,1]",0.6386797711762546,0.44171723904111787,0.24509204844161886,81.45490727527219,-0.5941688959093463,0.21065802728175806
pCR,medicalnet_resnet50_3dseg8_mri_clinical_paired,GLOBAL,T0-T1,radiomics_complete_case_375,2026,143e482d711225c0611006d99bd7345d2fa1a5c16c65fbaf8399341a0d26aa38,pooled_oof,375,110,5,"10_equal_width_bins_[0,1]",0.5490909090909091,0.37310460270157797,0.25967505284753845,2.7920283896651465,1.2485688978145024,0.21555973820895535
pCR,medicalnet_resnet50_3dseg8_mri_clinical_paired,GLOBAL,T0-T1,radiomics_complete_case_375,2026,143e482d711225c0611006d99bd7345d2fa1a5c16c65fbaf8399341a0d26aa38,outer_fold_macro,375,110,5,"10_equal_width_bins_[0,1]",0.5496941415453178,0.3995843893633335,0.26069032158572597,-15.660325866007208,-0.7241513969792059,0.2289830317573133
pCR,medicalnet_resnet50_3dseg8_mri_clinical_paired,GLOBAL,T0-T2,radiomics_complete_case_375,2026,143e482d711225c0611006d99bd7345d2fa1a5c16c65fbaf8399341a0d26aa38,pooled_oof,375,110,5,"10_equal_width_bins_[0,1]",0.5798627787307032,0.41853218207095233,0.2491810440043496,2.972161579151454,1.661702803277263,0.21584778025540793
pCR,medicalnet_resnet50_3dseg8_mri_clinical_paired,GLOBAL,T0-T2,radiomics_complete_case_375,2026,143e482d711225c0611006d99bd7345d2fa1a5c16c65fbaf8399341a0d26aa38,outer_fold_macro,375,110,5,"10_equal_width_bins_[0,1]",0.5627773536319525,0.4424364936097446,0.24857442597831483,-15.7837189897353,-0.07110152524977094,0.24733427871075064
pCR,medicalnet_resnet50_3dseg8_mri_clinical_paired,LOCAL,T0,radiomics_complete_case_375,2026,143e482d711225c0611006d99bd7345d2fa1a5c16c65fbaf8399341a0d26aa38,pooled_oof,375,110,5,"10_equal_width_bins_[0,1]",0.6475128644939966,0.42466519852913925,0.2453193675792673,3.1764681939025934,2.2424635651960596,0.21899384405246117
pCR,medicalnet_resnet50_3dseg8_mri_clinical_paired,LOCAL,T0,radiomics_complete_case_375,2026,143e482d711225c0611006d99bd7345d2fa1a5c16c65fbaf8399341a0d26aa38,outer_fold_macro,375,110,5,"10_equal_width_bins_[0,1]",0.6470937101054071,0.45420850102246657,0.24564345049860883,1.646367144927123,0.31585053746646635,0.21928523225648616
pCR,medicalnet_resnet50_3dseg8_mri_clinical_paired,LOCAL,T0-T1,radiomics_complete_case_375,2026,143e482d711225c0611006d99bd7345d2fa1a5c16c65fbaf8399341a0d26aa38,pooled_oof,375,110,5,"10_equal_width_bins_[0,1]",0.5446483704974272,0.3382245018436268,0.2729335771378933,1.0,4.183940453220766,0.2390094344121478
pCR,medicalnet_resnet50_3dseg8_mri_clinical_paired,LOCAL,T0-T1,radiomics_complete_case_375,2026,143e482d711225c0611006d99bd7345d2fa1a5c16c65fbaf8399341a0d26aa38,outer_fold_macro,375,110,5,"10_equal_width_bins_[0,1]",0.5669467872379226,0.38169899402628077,0.27383885781143447,82.17551626008355,-1.1820954593551822,0.24740831537729457
pCR,medicalnet_resnet50_3dseg8_mri_clinical_paired,LOCAL,T0-T2,radiomics_complete_case_375,2026,143e482d711225c0611006d99bd7345d2fa1a5c16c65fbaf8399341a0d26aa38,pooled_oof,375,110,5,"10_equal_width_bins_[0,1]",0.5515437392795883,0.33957528406316184,0.28833198294435686,1.0,4.596931945195052,0.25401423603606954
pCR,medicalnet_resnet50_3dseg8_mri_clinical_paired,LOCAL,T0-T2,radiomics_complete_case_375,2026,143e482d711225c0611006d99bd7345d2fa1a5c16c65fbaf8399341a0d26aa38,outer_fold_macro,375,110,5,"10_equal_width_bins_[0,1]",0.5531288956196186,0.377787711629897,0.29098105920947104,1.118451868387675,0.9016022248489302,0.2769172785407395
pCR,medicalnet_resnet50_3dseg8_mri_ftv,GLOBAL,T0,radiomics_complete_case_375,2026,143e482d711225c0611006d99bd7345d2fa1a5c16c65fbaf8399341a0d26aa38,pooled_oof,375,110,5,"10_equal_width_bins_[0,1]",0.5005145797598628,0.3080713378412802,0.30173347774685694,1.0,1.7283943468435918,0.2552826418098615
pCR,medicalnet_resnet50_3dseg8_mri_ftv,GLOBAL,T0,radiomics_complete_case_375,2026,143e482d711225c0611006d99bd7345d2fa1a5c16c65fbaf8399341a0d26aa38,outer_fold_macro,375,110,5,"10_equal_width_bins_[0,1]",0.4993702989993153,0.3409915884505527,0.30025248086840306,-16.22802600938936,-0.6951580645668695,0.27073916880261617
pCR,medicalnet_resnet50_3dseg8_mri_ftv,GLOBAL,T0-T1,radiomics_complete_case_375,2026,143e482d711225c0611006d99bd7345d2fa1a5c16c65fbaf8399341a0d26aa38,pooled_oof,375,110,5,"10_equal_width_bins_[0,1]",0.5229502572898799,0.33938310010594963,0.2935112862648127,1.256194554166231,2.507579787985097,0.2660320748999125
pCR,medicalnet_resnet50_3dseg8_mri_ftv,GLOBAL,T0-T1,radiomics_complete_case_375,2026,143e482d711225c0611006d99bd7345d2fa1a5c16c65fbaf8399341a0d26aa38,outer_fold_macro,375,110,5,"10_equal_width_bins_[0,1]",0.518957311997964,0.3640816532035191,0.2928682114256823,-16.014326163656456,-0.5327867164376044,0.28070595933287357
pCR,medicalnet_resnet50_3dseg8_mri_ftv,GLOBAL,T0-T2,radiomics_complete_case_375,2026,143e482d711225c0611006d99bd7345d2fa1a5c16c65fbaf8399341a0d26aa38,pooled_oof,375,110,5,"10_equal_width_bins_[0,1]",0.5109433962264152,0.33625060708507315,0.26361903769946965,2.7100976942993387,1.3420496949312977,0.2185161515746406
pCR,medicalnet_resnet50_3dseg8_mri_ftv,GLOBAL,T0-T2,radiomics_complete_case_375,2026,143e482d711225c0611006d99bd7345d2fa1a5c16c65fbaf8399341a0d26aa38,outer_fold_macro,375,110,5,"10_equal_width_bins_[0,1]",0.48785136878184343,0.3542838097237209,0.2631332379695635,-38.24951839400349,1.0207958399582866,0.2277556479528124
pCR,medicalnet_resnet50_3dseg8_mri_ftv,LOCAL,T0,radiomics_complete_case_375,2026,143e482d711225c0611006d99bd7345d2fa1a5c16c65fbaf8399341a0d26aa38,pooled_oof,375,110,5,"10_equal_width_bins_[0,1]",0.49845626072041166,0.3163311241871949,0.28170229095660254,1.447456081091599,2.6281816362390034,0.2507412330466595
pCR,medicalnet_resnet50_3dseg8_mri_ftv,LOCAL,T0,radiomics_complete_case_375,2026,143e482d711225c0611006d99bd7345d2fa1a5c16c65fbaf8399341a0d26aa38,outer_fold_macro,375,110,5,"10_equal_width_bins_[0,1]",0.49468541044712727,0.3475501928629837,0.28297070154411463,1.0053566940816112,1.5581951657323245,0.25698706267436355
pCR,medicalnet_resnet50_3dseg8_mri_ftv,LOCAL,T0-T1,radiomics_complete_case_375,2026,143e482d711225c0611006d99bd7345d2fa1a5c16c65fbaf8399341a0d26aa38,pooled_oof,375,110,5,"10_equal_width_bins_[0,1]",0.5008233276157805,0.30565820852279424,0.2985091901218844,1.0,2.4793026868991483,0.27238516669424967
pCR,medicalnet_resnet50_3dseg8_mri_ftv,LOCAL,T0-T1,radiomics_complete_case_375,2026,143e482d711225c0611006d99bd7345d2fa1a5c16c65fbaf8399341a0d26aa38,outer_fold_macro,375,110,5,"10_equal_width_bins_[0,1]",0.5065161654682125,0.34901187772181647,0.2980724876508797,4.630808842871674,-1.518036984561652,0.274736343552959
pCR,medicalnet_resnet50_3dseg8_mri_ftv,LOCAL,T0-T2,radiomics_complete_case_375,2026,143e482d711225c0611006d99bd7345d2fa1a5c16c65fbaf8399341a0d26aa38,pooled_oof,375,110,5,"10_equal_width_bins_[0,1]",0.5322469982847342,0.32275845829146826,0.30191947314824435,1.0,-2.6091665659407752,0.26241187515322856
pCR,medicalnet_resnet50_3dseg8_mri_ftv,LOCAL,T0-T2,radiomics_complete_case_375,2026,143e482d711225c0611006d99bd7345d2fa1a5c16c65fbaf8399341a0d26aa38,outer_fold_macro,375,110,5,"10_equal_width_bins_[0,1]",0.5409649142993431,0.3509757203771987,0.3052769957160698,1.6297660970817986,-0.5283135956494169,0.28571612824959414
pCR,medicalnet_resnet50_3dseg8_mri_only,GLOBAL,T0,full_808,2026,143e482d711225c0611006d99bd7345d2fa1a5c16c65fbaf8399341a0d26aa38,pooled_oof,808,275,5,"10_equal_width_bins_[0,1]",0.5386628006140202,0.3784085115691258,0.30179571165699415,1.0,1.385836832207814,0.23857332147139573
pCR,medicalnet_resnet50_3dseg8_mri_only,GLOBAL,T0,full_808,2026,143e482d711225c0611006d99bd7345d2fa1a5c16c65fbaf8399341a0d26aa38,outer_fold_macro,808,275,5,"10_equal_width_bins_[0,1]",0.5437444093554127,0.40033182567017817,0.3018160034223586,1.510842688547127,-1.2343377376958522,0.24908573582128163
pCR,medicalnet_resnet50_3dseg8_mri_only,GLOBAL,T0-T1,full_808,2026,143e482d711225c0611006d99bd7345d2fa1a5c16c65fbaf8399341a0d26aa38,pooled_oof,808,275,5,"10_equal_width_bins_[0,1]",0.5366604127579737,0.37554857453125073,0.28668343014018427,1.8868503487518735,2.469584764541444,0.21290208418480192
pCR,medicalnet_resnet50_3dseg8_mri_only,GLOBAL,T0-T1,full_808,2026,143e482d711225c0611006d99bd7345d2fa1a5c16c65fbaf8399341a0d26aa38,outer_fold_macro,808,275,5,"10_equal_width_bins_[0,1]",0.5272765745980348,0.3745654840077587,0.28663637212911597,1.015277336957126,-0.19310940057260736,0.21785837389859833
pCR,medicalnet_resnet50_3dseg8_mri_only,GLOBAL,T0-T2,full_808,2026,143e482d711225c0611006d99bd7345d2fa1a5c16c65fbaf8399341a0d26aa38,pooled_oof,808,275,5,"10_equal_width_bins_[0,1]",0.5212212178065837,0.3681007635462412,0.31538939546695616,1.0,1.514951785006164,0.25418977691165967
pCR,medicalnet_resnet50_3dseg8_mri_only,GLOBAL,T0-T2,full_808,2026,143e482d711225c0611006d99bd7345d2fa1a5c16c65fbaf8399341a0d26aa38,outer_fold_macro,808,275,5,"10_equal_width_bins_[0,1]",0.5206816178002918,0.3790925153484376,0.3153586751852154,1.9036535082288721,1.200157835515135,0.2676554228202666
pCR,medicalnet_resnet50_3dseg8_mri_only,LOCAL,T0,full_808,2026,143e482d711225c0611006d99bd7345d2fa1a5c16c65fbaf8399341a0d26aa38,pooled_oof,808,275,5,"10_equal_width_bins_[0,1]",0.5270202967763943,0.366358850207562,0.2916503421499822,1.0,4.102068800120839,0.21669380091885762
pCR,medicalnet_resnet50_3dseg8_mri_only,LOCAL,T0,full_808,2026,143e482d711225c0611006d99bd7345d2fa1a5c16c65fbaf8399341a0d26aa38,outer_fold_macro,808,275,5,"10_equal_width_bins_[0,1]",0.5264013080906045,0.3842724838622377,0.2915898014556132,3.0503574718148703,0.011352220174597161,0.2190762613746034
pCR,medicalnet_resnet50_3dseg8_mri_only,LOCAL,T0-T1,full_808,2026,143e482d711225c0611006d99bd7345d2fa1a5c16c65fbaf8399341a0d26aa38,pooled_oof,808,275,5,"10_equal_width_bins_[0,1]",0.5079924953095685,0.34845562304389455,0.29548386609684396,1.0,4.548101606745452,0.2374536747089033
pCR,medicalnet_resnet50_3dseg8_mri_only,LOCAL,T0-T1,full_808,2026,143e482d711225c0611006d99bd7345d2fa1a5c16c65fbaf8399341a0d26aa38,outer_fold_macro,808,275,5,"10_equal_width_bins_[0,1]",0.496968948878665,0.3482321914248672,0.2953787303640654,1.4456473782529033,0.805319832711791,0.24046390416946103
pCR,medicalnet_resnet50_3dseg8_mri_only,LOCAL,T0-T2,full_808,2026,143e482d711225c0611006d99bd7345d2fa1a5c16c65fbaf8399341a0d26aa38,pooled_oof,808,275,5,"10_equal_width_bins_[0,1]",0.5269861845471601,0.3535833348260004,0.2884808875170953,1.0,4.216460694522349,0.21621352392749316
pCR,medicalnet_resnet50_3dseg8_mri_only,LOCAL,T0-T2,full_808,2026,143e482d711225c0611006d99bd7345d2fa1a5c16c65fbaf8399341a0d26aa38,outer_fold_macro,808,275,5,"10_equal_width_bins_[0,1]",0.5224815248232634,0.35483553897589637,0.28838905684567456,0.805726097903694,0.1545149250187143,0.22181777362510285
pCR,medicalnet_resnet50_3dseg8_mri_only_paired,GLOBAL,T0,radiomics_complete_case_375,2026,143e482d711225c0611006d99bd7345d2fa1a5c16c65fbaf8399341a0d26aa38,pooled_oof,375,110,5,"10_equal_width_bins_[0,1]",0.5143739279588336,0.3216640830847811,0.2875065803683427,3.1006468357943806,2.0481141533568703,0.2506166419382796
pCR,medicalnet_resnet50_3dseg8_mri_only_paired,GLOBAL,T0,radiomics_complete_case_375,2026,143e482d711225c0611006d99bd7345d2fa1a5c16c65fbaf8399341a0d26aa38,outer_fold_macro,375,110,5,"10_equal_width_bins_[0,1]",0.5008524482961059,0.34195260093528945,0.2874147701255995,-15.977727023543057,-0.33290094688194805,0.2652961321148053
pCR,medicalnet_resnet50_3dseg8_mri_only_paired,GLOBAL,T0-T1,radiomics_complete_case_375,2026,143e482d711225c0611006d99bd7345d2fa1a5c16c65fbaf8399341a0d26aa38,pooled_oof,375,110,5,"10_equal_width_bins_[0,1]",0.5497427101200686,0.3550706919373151,0.27886249220665155,3.2060905376776025,1.3030390822623867,0.23963994742843453
pCR,medicalnet_resnet50_3dseg8_mri_only_paired,GLOBAL,T0-T1,radiomics_complete_case_375,2026,143e482d711225c0611006d99bd7345d2fa1a5c16c65fbaf8399341a0d26aa38,outer_fold_macro,375,110,5,"10_equal_width_bins_[0,1]",0.5397861093128415,0.375086824723524,0.27954990005787395,-15.555969817002765,-0.6478918174972993,0.2517202623846115
pCR,medicalnet_resnet50_3dseg8_mri_only_paired,GLOBAL,T0-T2,radiomics_complete_case_375,2026,143e482d711225c0611006d99bd7345d2fa1a5c16c65fbaf8399341a0d26aa38,pooled_oof,375,110,5,"10_equal_width_bins_[0,1]",0.4970497427101201,0.3227129104765744,0.2682196205009842,2.0796980304601127,2.0344288932771923,0.22795214617722953
pCR,medicalnet_resnet50_3dseg8_mri_only_paired,GLOBAL,T0-T2,radiomics_complete_case_375,2026,143e482d711225c0611006d99bd7345d2fa1a5c16c65fbaf8399341a0d26aa38,outer_fold_macro,375,110,5,"10_equal_width_bins_[0,1]",0.4754542620848552,0.34260741867388733,0.26742054410998517,-38.419884840016564,1.0279137616056675,0.2360411158114212
pCR,medicalnet_resnet50_3dseg8_mri_only_paired,LOCAL,T0,radiomics_complete_case_375,2026,143e482d711225c0611006d99bd7345d2fa1a5c16c65fbaf8399341a0d26aa38,pooled_oof,375,110,5,"10_equal_width_bins_[0,1]",0.49838765008576325,0.3158945722323816,0.2817274382450764,1.4239322157034993,2.5823420623451163,0.2507505037419924
pCR,medicalnet_resnet50_3dseg8_mri_only_paired,LOCAL,T0,radiomics_complete_case_375,2026,143e482d711225c0611006d99bd7345d2fa1a5c16c65fbaf8399341a0d26aa38,outer_fold_macro,375,110,5,"10_equal_width_bins_[0,1]",0.4942772471818211,0.346787884549828,0.28300021386969787,1.0042704867500483,1.5550031595836162,0.25697202690962595
pCR,medicalnet_resnet50_3dseg8_mri_only_paired,LOCAL,T0-T1,radiomics_complete_case_375,2026,143e482d711225c0611006d99bd7345d2fa1a5c16c65fbaf8399341a0d26aa38,pooled_oof,375,110,5,"10_equal_width_bins_[0,1]",0.510566037735849,0.31514830032889185,0.28749100256145593,1.0,3.8658647510027384,0.2614564834951818
pCR,medicalnet_resnet50_3dseg8_mri_only_paired,LOCAL,T0-T1,radiomics_complete_case_375,2026,143e482d711225c0611006d99bd7345d2fa1a5c16c65fbaf8399341a0d26aa38,outer_fold_macro,375,110,5,"10_equal_width_bins_[0,1]",0.5113076472783279,0.3535960586286535,0.28658027273531694,4.630808841692413,-1.9333235259970913,0.26079742020534963
pCR,medicalnet_resnet50_3dseg8_mri_only_paired,LOCAL,T0-T2,radiomics_complete_case_375,2026,143e482d711225c0611006d99bd7345d2fa1a5c16c65fbaf8399341a0d26aa38,pooled_oof,375,110,5,"10_equal_width_bins_[0,1]",0.529639794168096,0.3235433297756725,0.29806469608829034,1.0,1.7764164351086773,0.26050483330257457
pCR,medicalnet_resnet50_3dseg8_mri_only_paired,LOCAL,T0-T2,radiomics_complete_case_375,2026,143e482d711225c0611006d99bd7345d2fa1a5c16c65fbaf8399341a0d26aa38,outer_fold_macro,375,110,5,"10_equal_width_bins_[0,1]",0.5354902026755631,0.34816276140735625,0.30127391480945,1.6279873545923025,1.269236088526752,0.28226673151719195
pCR,radiomics_only,TABULAR,T0,radiomics_complete_case_375,2026,143e482d711225c0611006d99bd7345d2fa1a5c16c65fbaf8399341a0d26aa38,pooled_oof,375,110,5,"10_equal_width_bins_[0,1]",0.5637735849056604,0.34972789141620764,0.2466948227512724,0.9868434977731176,-0.8822334185440993,0.2042841154996385
pCR,radiomics_only,TABULAR,T0,radiomics_complete_case_375,2026,143e482d711225c0611006d99bd7345d2fa1a5c16c65fbaf8399341a0d26aa38,outer_fold_macro,375,110,5,"10_equal_width_bins_[0,1]",0.5687211934823037,0.3771999533362119,0.24719396191799295,2.4394046529100777,-0.8867340643427121,0.20488913431373873
pCR,radiomics_only,TABULAR,T0-T1,radiomics_complete_case_375,2026,143e482d711225c0611006d99bd7345d2fa1a5c16c65fbaf8399341a0d26aa38,pooled_oof,375,110,5,"10_equal_width_bins_[0,1]",0.6875128644939967,0.44340918900022774,0.22815670707951594,0.8048560886500634,-0.8632635075958365,0.18829237731128282
pCR,radiomics_only,TABULAR,T0-T1,radiomics_complete_case_375,2026,143e482d711225c0611006d99bd7345d2fa1a5c16c65fbaf8399341a0d26aa38,outer_fold_macro,375,110,5,"10_equal_width_bins_[0,1]",0.6962435455925294,0.48266679474455987,0.229027074707362,0.8776927470060215,-0.9271580462187883,0.2019141847088529
pCR,radiomics_only,TABULAR,T0-T2,radiomics_complete_case_375,2026,143e482d711225c0611006d99bd7345d2fa1a5c16c65fbaf8399341a0d26aa38,pooled_oof,375,110,5,"10_equal_width_bins_[0,1]",0.7546483704974272,0.514596683312884,0.21171441938909433,0.9724914065588084,-0.9209647800891958,0.1805521217255069
pCR,radiomics_only,TABULAR,T0-T2,radiomics_complete_case_375,2026,143e482d711225c0611006d99bd7345d2fa1a5c16c65fbaf8399341a0d26aa38,outer_fold_macro,375,110,5,"10_equal_width_bins_[0,1]",0.7601314329741078,0.5698753505163606,0.21248476523744092,1.366317988314258,-0.9960363919327637,0.1996777405859694
