contract,view,subgroup,scope,n,suspected_truncation_rate,severe_truncation_rate,sufficient_containment_rate,exact_full_support_containment_rate,retained_ftv_fraction_q05,minimum_margin_mm_median,minimum_margin_mm_min,source_boundary_censored_rate,upstream_censoring_adjusted_suspected_rate
C0,legacy,LD_TOP_QUARTILE,OVERALL,394,0.9568527918781726,0.7182741116751269,0.04314720812182741,0.04568527918781726,0.22117051922081912,-21.600000858306885,-68.40229910612106,0.02284263959390863,0.9568527918781726
C0,legacy,LD_TOP_QUARTILE,T0,97,0.979381443298969,0.6701030927835051,0.020618556701030927,0.020618556701030927,0.4403807327406868,-18.0,-48.00000190734863,0.010309278350515464,0.979381443298969
C0,legacy,LD_TOP_QUARTILE,T1,98,1.0,0.8061224489795918,0.0,0.0,0.2159087502935821,-24.6999990940094,-67.02800178527832,0.05102040816326531,1.0
C0,legacy,LD_TOP_QUARTILE,T2,101,0.9306930693069307,0.6633663366336634,0.06930693069306931,0.06930693069306931,0.2261541830186454,-21.600000858306885,-63.57480078935623,0.009900990099009901,0.9306930693069307
C0,legacy,LD_TOP_QUARTILE,T3,98,0.9183673469387755,0.7346938775510204,0.08163265306122448,0.09183673469387756,0.1473427467204488,-22.6500004529953,-68.40229910612106,0.02040816326530612,0.9183673469387755
C0,legacy,LD_TOP_10PCT,OVERALL,154,1.0,0.8506493506493507,0.0,0.0,0.19370861271305592,-26.40000081062317,-68.40229910612106,0.03896103896103896,1.0
C0,legacy,LD_TOP_10PCT,T0,39,1.0,0.8205128205128205,0.0,0.0,0.3260939248546268,-22.0,-48.00000190734863,0.02564102564102564,1.0
C0,legacy,LD_TOP_10PCT,T1,38,1.0,0.9210526315789473,0.0,0.0,0.2159087502935821,-30.86875033378601,-67.02800178527832,0.07894736842105263,1.0
C0,legacy,LD_TOP_10PCT,T2,38,1.0,0.868421052631579,0.0,0.0,0.16186568559092926,-30.5,-63.57480078935623,0.02631578947368421,1.0
C0,legacy,LD_TOP_10PCT,T3,39,1.0,0.7948717948717948,0.0,0.0,0.10983328138362064,-27.200034856796265,-68.40229910612106,0.02564102564102564,1.0
C1A,detail,LD_TOP_QUARTILE,OVERALL,394,0.0,0.0,1.0,1.0,1.0,35.77694973051548,4.999999999999972,0.02284263959390863,0.02284263959390863
C1A,detail,LD_TOP_QUARTILE,T0,97,0.0,0.0,1.0,1.0,1.0,32.74469941854477,6.615385345855572,0.010309278350515464,0.010309278350515464
C1A,detail,LD_TOP_QUARTILE,T1,98,0.0,0.0,1.0,1.0,1.0,34.274150013923645,11.0625,0.05102040816326531,0.05102040816326531
C1A,detail,LD_TOP_QUARTILE,T2,101,0.0,0.0,1.0,1.0,1.0,38.47994939684867,7.672224950790394,0.009900990099009901,0.009900990099009901
C1A,detail,LD_TOP_QUARTILE,T3,98,0.0,0.0,1.0,1.0,1.0,41.225,4.999999999999972,0.02040816326530612,0.02040816326530612
C1A,detail,LD_TOP_10PCT,OVERALL,154,0.0,0.0,1.0,1.0,1.0,31.70937446355819,6.615385345855572,0.03896103896103896,0.03896103896103896
C1A,detail,LD_TOP_10PCT,T0,39,0.0,0.0,1.0,1.0,1.0,30.43698022961614,6.615385345855572,0.02564102564102564,0.02564102564102564
C1A,detail,LD_TOP_10PCT,T1,38,0.0,0.0,1.0,1.0,1.0,30.2464573085308,11.0625,0.07894736842105263,0.07894736842105263
C1A,detail,LD_TOP_10PCT,T2,38,0.0,0.0,1.0,1.0,1.0,31.82500062584876,7.672224950790394,0.02631578947368421,0.02631578947368421
C1A,detail,LD_TOP_10PCT,T3,39,0.0,0.0,1.0,1.0,1.0,38.35416591167448,9.1875,0.02564102564102564,0.02564102564102564
C1A-tight,detail,LD_TOP_QUARTILE,OVERALL,394,0.0,0.0,1.0,1.0,1.0,5.0,4.999999999999943,0.02284263959390863,0.02284263959390863
C1A-tight,detail,LD_TOP_QUARTILE,T0,97,0.0,0.0,1.0,1.0,1.0,5.0,4.999999999999943,0.010309278350515464,0.010309278350515464
C1A-tight,detail,LD_TOP_QUARTILE,T1,98,0.0,0.0,1.0,1.0,1.0,5.0,4.999999999999957,0.05102040816326531,0.05102040816326531
C1A-tight,detail,LD_TOP_QUARTILE,T2,101,0.0,0.0,1.0,1.0,1.0,5.0,4.999999999999943,0.009900990099009901,0.009900990099009901
C1A-tight,detail,LD_TOP_QUARTILE,T3,98,0.0,0.0,1.0,1.0,1.0,5.0,4.999999999999972,0.02040816326530612,0.02040816326530612
C1A-tight,detail,LD_TOP_10PCT,OVERALL,154,0.0,0.0,1.0,1.0,1.0,5.0,4.999999999999943,0.03896103896103896,0.03896103896103896
C1A-tight,detail,LD_TOP_10PCT,T0,39,0.0,0.0,1.0,1.0,1.0,5.0,4.999999999999957,0.02564102564102564,0.02564102564102564
C1A-tight,detail,LD_TOP_10PCT,T1,38,0.0,0.0,1.0,1.0,1.0,5.0,4.999999999999957,0.07894736842105263,0.07894736842105263
C1A-tight,detail,LD_TOP_10PCT,T2,38,0.0,0.0,1.0,1.0,1.0,5.0,4.999999999999943,0.02631578947368421,0.02631578947368421
C1A-tight,detail,LD_TOP_10PCT,T3,39,0.0,0.0,1.0,1.0,1.0,5.0,4.999999999999972,0.02564102564102564,0.02564102564102564
C1B,detail,LD_TOP_QUARTILE,OVERALL,394,0.02284263959390863,0.005076142131979695,0.9771573604060914,0.9771573604060914,1.0,30.44349011480807,-35.93384552001953,0.02284263959390863,0.04314720812182741
C1B,detail,LD_TOP_QUARTILE,T0,97,0.0,0.0,1.0,1.0,1.0,32.74469941854477,6.615385345855572,0.010309278350515464,0.010309278350515464
C1B,detail,LD_TOP_QUARTILE,T1,98,0.030612244897959183,0.0,0.9693877551020408,0.9693877551020408,1.0,27.575502014160158,-17.094200134277344,0.05102040816326531,0.08163265306122448
C1B,detail,LD_TOP_QUARTILE,T2,101,0.04950495049504951,0.009900990099009901,0.9504950495049505,0.9504950495049505,1.0,30.137100768089297,-26.41876244544983,0.009900990099009901,0.04950495049504951
C1B,detail,LD_TOP_QUARTILE,T3,98,0.01020408163265306,0.01020408163265306,0.9897959183673469,0.9897959183673469,1.0,30.688877418637276,-35.93384552001953,0.02040816326530612,0.030612244897959183
C1B,detail,LD_TOP_10PCT,OVERALL,154,0.01948051948051948,0.0,0.9805194805194806,0.9805194805194806,1.0,24.885911717116436,-17.094200134277344,0.03896103896103896,0.05194805194805195
C1B,detail,LD_TOP_10PCT,T0,39,0.0,0.0,1.0,1.0,1.0,30.43698022961614,6.615385345855572,0.02564102564102564,0.02564102564102564
C1B,detail,LD_TOP_10PCT,T1,38,0.02631578947368421,0.0,0.9736842105263158,0.9736842105263158,1.0,20.59058303833008,-17.094200134277344,0.07894736842105263,0.10526315789473684
C1B,detail,LD_TOP_10PCT,T2,38,0.05263157894736842,0.0,0.9473684210526315,0.9473684210526315,0.9976435602953241,23.494545935459314,-10.074138641357422,0.02631578947368421,0.05263157894736842
C1B,detail,LD_TOP_10PCT,T3,39,0.0,0.0,1.0,1.0,1.0,25.948626705806042,4.5208048820495605,0.02564102564102564,0.02564102564102564
C1C,detail,LD_TOP_QUARTILE,OVERALL,394,0.0,0.0,1.0,1.0,1.0,31.282356261081873,4.999999999999972,0.02284263959390863,0.02284263959390863
C1C,detail,LD_TOP_QUARTILE,T0,97,0.0,0.0,1.0,1.0,1.0,28.985102842251806,5.0,0.010309278350515464,0.010309278350515464
C1C,detail,LD_TOP_QUARTILE,T1,98,0.0,0.0,1.0,1.0,1.0,29.953668248653415,5.353600800037384,0.05102040816326531,0.05102040816326531
C1C,detail,LD_TOP_QUARTILE,T2,101,0.0,0.0,1.0,1.0,1.0,33.148239356279376,5.353600800037384,0.009900990099009901,0.009900990099009901
C1C,detail,LD_TOP_QUARTILE,T3,98,0.0,0.0,1.0,1.0,1.0,34.580061681112305,4.999999999999972,0.02040816326530612,0.02040816326530612
C1C,detail,LD_TOP_10PCT,OVERALL,154,0.0,0.0,1.0,1.0,1.0,26.399244856834414,5.0,0.03896103896103896,0.03896103896103896
C1C,detail,LD_TOP_10PCT,T0,39,0.0,0.0,1.0,1.0,1.0,26.399244856834414,5.0,0.02564102564102564,0.02564102564102564
C1C,detail,LD_TOP_10PCT,T1,38,0.0,0.0,1.0,1.0,1.0,24.12690046216038,5.7676955461502075,0.07894736842105263,0.07894736842105263
C1C,detail,LD_TOP_10PCT,T2,38,0.0,0.0,1.0,1.0,1.0,25.708570267508655,5.3956062133547675,0.02631578947368421,0.02631578947368421
C1C,detail,LD_TOP_10PCT,T3,39,0.0,0.0,1.0,1.0,1.0,32.40597243607044,7.726327449083328,0.02564102564102564,0.02564102564102564
C2A,detail,LD_TOP_QUARTILE,OVERALL,394,0.0,0.0,1.0,1.0,1.0,35.77694973051548,4.999999999999972,0.02284263959390863,0.02284263959390863
C2A,detail,LD_TOP_QUARTILE,T0,97,0.0,0.0,1.0,1.0,1.0,32.74469941854477,6.615385345855572,0.010309278350515464,0.010309278350515464
C2A,detail,LD_TOP_QUARTILE,T1,98,0.0,0.0,1.0,1.0,1.0,34.274150013923645,11.0625,0.05102040816326531,0.05102040816326531
C2A,detail,LD_TOP_QUARTILE,T2,101,0.0,0.0,1.0,1.0,1.0,38.47994939684867,7.672224950790394,0.009900990099009901,0.009900990099009901
C2A,detail,LD_TOP_QUARTILE,T3,98,0.0,0.0,1.0,1.0,1.0,41.225,4.999999999999972,0.02040816326530612,0.02040816326530612
C2A,detail,LD_TOP_10PCT,OVERALL,154,0.0,0.0,1.0,1.0,1.0,31.70937446355819,6.615385345855572,0.03896103896103896,0.03896103896103896
C2A,detail,LD_TOP_10PCT,T0,39,0.0,0.0,1.0,1.0,1.0,30.43698022961614,6.615385345855572,0.02564102564102564,0.02564102564102564
C2A,detail,LD_TOP_10PCT,T1,38,0.0,0.0,1.0,1.0,1.0,30.2464573085308,11.0625,0.07894736842105263,0.07894736842105263
C2A,detail,LD_TOP_10PCT,T2,38,0.0,0.0,1.0,1.0,1.0,31.82500062584876,7.672224950790394,0.02631578947368421,0.02631578947368421
C2A,detail,LD_TOP_10PCT,T3,39,0.0,0.0,1.0,1.0,1.0,38.35416591167448,9.1875,0.02564102564102564,0.02564102564102564
C2A,context,LD_TOP_QUARTILE,OVERALL,394,0.0,0.0,1.0,1.0,1.0,52.39139920473099,7.406249999999972,0.02284263959390863,0.02284263959390863
C2A,context,LD_TOP_QUARTILE,T0,97,0.0,0.0,1.0,1.0,1.0,48.9765625,22.61538534585557,0.010309278350515464,0.010309278350515464
C2A,context,LD_TOP_QUARTILE,T1,98,0.0,0.0,1.0,1.0,1.0,50.494750410318375,27.0625,0.05102040816326531,0.05102040816326531
C2A,context,LD_TOP_QUARTILE,T2,101,0.0,0.0,1.0,1.0,1.0,55.0625,24.472224950790405,0.009900990099009901,0.009900990099009901
C2A,context,LD_TOP_QUARTILE,T3,98,0.0,0.0,1.0,1.0,1.0,57.61415649950504,7.406249999999972,0.02040816326530612,0.02040816326530612
C2A,context,LD_TOP_10PCT,OVERALL,154,0.0,0.0,1.0,1.0,1.0,48.07061064243317,22.61538534585557,0.03896103896103896,0.03896103896103896
C2A,context,LD_TOP_10PCT,T0,39,0.0,0.0,1.0,1.0,1.0,46.52864673733709,22.61538534585557,0.02564102564102564,0.02564102564102564
C2A,context,LD_TOP_10PCT,T1,38,0.0,0.0,1.0,1.0,1.0,46.583107560873025,27.0625,0.07894736842105263,0.07894736842105263
C2A,context,LD_TOP_10PCT,T2,38,0.0,0.0,1.0,1.0,1.0,48.32939970493317,24.472224950790405,0.02631578947368421,0.02631578947368421
C2A,context,LD_TOP_10PCT,T3,39,0.0,0.0,1.0,1.0,1.0,54.35416591167448,25.1875,0.02564102564102564,0.02564102564102564
C2B,detail,LD_TOP_QUARTILE,OVERALL,394,0.02284263959390863,0.005076142131979695,0.9771573604060914,0.9771573604060914,1.0,30.44349011480807,-35.93384552001953,0.02284263959390863,0.04314720812182741
C2B,detail,LD_TOP_QUARTILE,T0,97,0.0,0.0,1.0,1.0,1.0,32.74469941854477,6.615385345855572,0.010309278350515464,0.010309278350515464
C2B,detail,LD_TOP_QUARTILE,T1,98,0.030612244897959183,0.0,0.9693877551020408,0.9693877551020408,1.0,27.575502014160158,-17.094200134277344,0.05102040816326531,0.08163265306122448
C2B,detail,LD_TOP_QUARTILE,T2,101,0.04950495049504951,0.009900990099009901,0.9504950495049505,0.9504950495049505,1.0,30.137100768089297,-26.41876244544983,0.009900990099009901,0.04950495049504951
C2B,detail,LD_TOP_QUARTILE,T3,98,0.01020408163265306,0.01020408163265306,0.9897959183673469,0.9897959183673469,1.0,30.688877418637276,-35.93384552001953,0.02040816326530612,0.030612244897959183
C2B,detail,LD_TOP_10PCT,OVERALL,154,0.01948051948051948,0.0,0.9805194805194806,0.9805194805194806,1.0,24.885911717116436,-17.094200134277344,0.03896103896103896,0.05194805194805195
C2B,detail,LD_TOP_10PCT,T0,39,0.0,0.0,1.0,1.0,1.0,30.43698022961614,6.615385345855572,0.02564102564102564,0.02564102564102564
C2B,detail,LD_TOP_10PCT,T1,38,0.02631578947368421,0.0,0.9736842105263158,0.9736842105263158,1.0,20.59058303833008,-17.094200134277344,0.07894736842105263,0.10526315789473684
C2B,detail,LD_TOP_10PCT,T2,38,0.05263157894736842,0.0,0.9473684210526315,0.9473684210526315,0.9976435602953241,23.494545935459314,-10.074138641357422,0.02631578947368421,0.05263157894736842
C2B,detail,LD_TOP_10PCT,T3,39,0.0,0.0,1.0,1.0,1.0,25.948626705806042,4.5208048820495605,0.02564102564102564,0.02564102564102564
C2B,context,LD_TOP_QUARTILE,OVERALL,394,0.015228426395939087,0.0025380710659898475,0.9847715736040609,0.9847715736040609,1.0,46.62088957428932,-27.93384552001953,0.02284263959390863,0.03553299492385787
C2B,context,LD_TOP_QUARTILE,T0,97,0.0,0.0,1.0,1.0,1.0,48.9765625,22.61538534585557,0.010309278350515464,0.010309278350515464
C2B,context,LD_TOP_QUARTILE,T1,98,0.02040816326530612,0.0,0.9795918367346939,0.9795918367346939,1.0,44.00086833626017,-9.094200134277344,0.05102040816326531,0.07142857142857142
C2B,context,LD_TOP_QUARTILE,T2,101,0.0297029702970297,0.0,0.9702970297029703,0.9702970297029703,1.0,46.593499183654785,-18.41876244544983,0.009900990099009901,0.0297029702970297
C2B,context,LD_TOP_QUARTILE,T3,98,0.01020408163265306,0.01020408163265306,0.9897959183673469,0.9897959183673469,1.0,46.18645095825195,-27.93384552001953,0.02040816326530612,0.030612244897959183
C2B,context,LD_TOP_10PCT,OVERALL,154,0.012987012987012988,0.0,0.987012987012987,0.987012987012987,1.0,41.27817414700985,-9.094200134277344,0.03896103896103896,0.045454545454545456
C2B,context,LD_TOP_10PCT,T0,39,0.0,0.0,1.0,1.0,1.0,46.52864673733709,22.61538534585557,0.02564102564102564,0.02564102564102564
C2B,context,LD_TOP_10PCT,T1,38,0.02631578947368421,0.0,0.9736842105263158,0.9736842105263158,1.0,36.21765825152397,-9.094200134277344,0.07894736842105263,0.10526315789473684
C2B,context,LD_TOP_10PCT,T2,38,0.02631578947368421,0.0,0.9736842105263158,0.9736842105263158,1.0,39.36195373263723,-2.074138641357422,0.02631578947368421,0.02631578947368421
C2B,context,LD_TOP_10PCT,T3,39,0.0,0.0,1.0,1.0,1.0,42.12953916192055,13.304262161254883,0.02564102564102564,0.02564102564102564
