population,seed,arm,timing,clinical_contract,comparison,reference_model,comparison_model,n,delta_auroc,delta_auprc,brier_improvement
ftv_complete_375,2026,LOCAL0,T0,C2_full_with_treatment,C+M_vs_C,C,C+M,375,-0.09138936535162956,-0.15042587210440184,0.005944403464290204
ftv_complete_375,2026,LOCAL0,T0,C2_full_with_treatment,C+F+M_vs_C+F,C+F,C+F+M,375,-0.10240137221269296,-0.171689820919375,-0.011055980026866363
ftv_complete_375,2026,LOCAL0,T1,C2_full_with_treatment,C+M_vs_C,C,C+M,375,-0.07210977701543753,-0.1372555539525212,0.019468716695532684
ftv_complete_375,2026,LOCAL0,T1,C2_full_with_treatment,C+F+M_vs_C+F,C+F,C+F+M,375,-0.0500514579759862,-0.10384532694341836,-0.02029273428153655
ftv_complete_375,2026,LOCAL0,T2,C2_full_with_treatment,C+M_vs_C,C,C+M,375,-0.09495711835334486,-0.14399750874022865,0.009044391165160592
ftv_complete_375,2026,LOCAL0,T2,C2_full_with_treatment,C+F+M_vs_C+F,C+F,C+F+M,375,-0.10706689536878222,-0.12761187125014983,-0.049150164348265385
ftv_complete_375,2026,LOCAL0,T3,C2_full_with_treatment,C+M_vs_C,C,C+M,375,-0.12809605488850784,-0.1810461915620074,-0.014785300426980341
ftv_complete_375,2026,LOCAL0,T3,C2_full_with_treatment,C+F+M_vs_C+F,C+F,C+F+M,375,-0.0926586620926243,-0.13691149058763608,-0.05250843813259401
ftv_complete_375,2026,LOCAL3,T0,C2_full_with_treatment,C+M_vs_C,C,C+M,375,-0.1212006861063466,-0.18239840483286635,-0.009113391676312144
ftv_complete_375,2026,LOCAL3,T0,C2_full_with_treatment,C+F+M_vs_C+F,C+F,C+F+M,375,-0.1339108061749571,-0.20923114093195128,-0.0390617012768395
ftv_complete_375,2026,LOCAL3,T1,C2_full_with_treatment,C+M_vs_C,C,C+M,375,-0.07183533447684409,-0.13215401939126675,0.015599825453989802
ftv_complete_375,2026,LOCAL3,T1,C2_full_with_treatment,C+F+M_vs_C+F,C+F,C+F+M,375,-0.04891938250428807,-0.10503131943802396,-0.02081392221317363
ftv_complete_375,2026,LOCAL3,T2,C2_full_with_treatment,C+M_vs_C,C,C+M,375,-0.09516295025728994,-0.15675899322272502,-0.017128948879443218
ftv_complete_375,2026,LOCAL3,T2,C2_full_with_treatment,C+F+M_vs_C+F,C+F,C+F+M,375,-0.1040480274442539,-0.1317837547264471,-0.07174015838894188
ftv_complete_375,2026,LOCAL3,T3,C2_full_with_treatment,C+M_vs_C,C,C+M,375,-0.12332761578044615,-0.17327851717177295,-0.01627771969565811
ftv_complete_375,2026,LOCAL3,T3,C2_full_with_treatment,C+F+M_vs_C+F,C+F,C+F+M,375,-0.09790737564322471,-0.14412933384184468,-0.05689476258133025
ftv_complete_375,3026,LOCAL0,T0,C2_full_with_treatment,C+M_vs_C,C,C+M,375,-0.06493996569468274,-0.12824934822384038,0.010345162186590762
ftv_complete_375,3026,LOCAL0,T0,C2_full_with_treatment,C+F+M_vs_C+F,C+F,C+F+M,375,-0.05749571183533442,-0.1326723617113898,0.002245738793615115
ftv_complete_375,3026,LOCAL0,T1,C2_full_with_treatment,C+M_vs_C,C,C+M,375,-0.06699828473413383,-0.11668560598288974,0.003022597550662781
ftv_complete_375,3026,LOCAL0,T1,C2_full_with_treatment,C+F+M_vs_C+F,C+F,C+F+M,375,-0.04891938250428807,-0.06606929912013937,-0.03987374812470337
ftv_complete_375,3026,LOCAL0,T2,C2_full_with_treatment,C+M_vs_C,C,C+M,375,-0.08974271012006874,-0.1539768044737989,-0.009580885676581052
ftv_complete_375,3026,LOCAL0,T2,C2_full_with_treatment,C+F+M_vs_C+F,C+F,C+F+M,375,-0.06140651801029162,-0.0835242504412082,-0.046556812767136746
ftv_complete_375,3026,LOCAL0,T3,C2_full_with_treatment,C+M_vs_C,C,C+M,375,-0.09197255574614072,-0.16429002474853355,-0.03220204632198792
ftv_complete_375,3026,LOCAL0,T3,C2_full_with_treatment,C+F+M_vs_C+F,C+F,C+F+M,375,-0.05653516295025729,-0.11364371649405097,-0.054734699130899095
ftv_complete_375,3026,LOCAL3,T0,C2_full_with_treatment,C+M_vs_C,C,C+M,375,-0.06888507718696413,-0.14114053227285694,0.0009065399574003652
ftv_complete_375,3026,LOCAL3,T0,C2_full_with_treatment,C+F+M_vs_C+F,C+F,C+F+M,375,-0.058078902229845575,-0.14071289252904873,-0.006814082512573982
ftv_complete_375,3026,LOCAL3,T1,C2_full_with_treatment,C+M_vs_C,C,C+M,375,-0.065351629502573,-0.10563106205970363,0.0058588529739202755
ftv_complete_375,3026,LOCAL3,T1,C2_full_with_treatment,C+F+M_vs_C+F,C+F,C+F+M,375,-0.0391766723842194,-0.05594771271663418,-0.025922046860659215
ftv_complete_375,3026,LOCAL3,T2,C2_full_with_treatment,C+M_vs_C,C,C+M,375,-0.039142367066895445,-0.08414929845091013,0.018494320244615864
ftv_complete_375,3026,LOCAL3,T2,C2_full_with_treatment,C+F+M_vs_C+F,C+F,C+F+M,375,-0.050566037735849,-0.07344787607327696,-0.045766436825385226
ftv_complete_375,3026,LOCAL3,T3,C2_full_with_treatment,C+M_vs_C,C,C+M,375,-0.04627787307032605,-0.12842561907773553,-0.0032528206367798684
ftv_complete_375,3026,LOCAL3,T3,C2_full_with_treatment,C+F+M_vs_C+F,C+F,C+F+M,375,-0.03283018867924514,-0.08506990646556611,-0.040055321220881734
full_808,2026,LOCAL0,T0,C2_full_with_treatment,C+M_vs_C,C,C+M,808,-0.004465290806754285,-0.05213305866477608,0.004946087221891687
full_808,2026,LOCAL0,T1,C2_full_with_treatment,C+M_vs_C,C,C+M,808,0.006621183694354382,-0.04544495923400893,0.013640201381205752
full_808,2026,LOCAL0,T2,C2_full_with_treatment,C+M_vs_C,C,C+M,808,-0.01752345215759854,-0.057211187061044166,0.0010831590340116548
full_808,2026,LOCAL0,T3,C2_full_with_treatment,C+M_vs_C,C,C+M,808,-0.01624083233839324,-0.06784178308639349,-0.004828939669398763
full_808,2026,LOCAL3,T0,C2_full_with_treatment,C+M_vs_C,C,C+M,808,0.0027119222241173135,-0.038662538850998907,0.011561417953445452
full_808,2026,LOCAL3,T1,C2_full_with_treatment,C+M_vs_C,C,C+M,808,0.00914548865768372,-0.043274458453857245,0.014243368479975788
full_808,2026,LOCAL3,T2,C2_full_with_treatment,C+M_vs_C,C,C+M,808,-0.007446699641821541,-0.04241201137398798,0.007295107330862749
full_808,2026,LOCAL3,T3,C2_full_with_treatment,C+M_vs_C,C,C+M,808,-0.0010608903291831062,-0.025682361287146294,0.009897268013737914
full_808,3026,LOCAL0,T0,C2_full_with_treatment,C+M_vs_C,C,C+M,808,-0.011055773494797916,-0.04937694382137431,0.004243856825236869
full_808,3026,LOCAL0,T1,C2_full_with_treatment,C+M_vs_C,C,C+M,808,-0.026720109159133698,-0.05734828513355572,-0.005280711123432452
full_808,3026,LOCAL0,T2,C2_full_with_treatment,C+M_vs_C,C,C+M,808,0.01070782875660925,-0.0007393172341079168,0.01925364003623231
full_808,3026,LOCAL0,T3,C2_full_with_treatment,C+M_vs_C,C,C+M,808,-0.041729490022172966,-0.06401831663298407,-0.01377656653585338
full_808,3026,LOCAL3,T0,C2_full_with_treatment,C+M_vs_C,C,C+M,808,0.02212860310421294,-0.003014861040912753,0.022279192316730284
full_808,3026,LOCAL3,T1,C2_full_with_treatment,C+M_vs_C,C,C+M,808,-0.01908579225652396,-0.05689350006046545,-0.004249208701326224
full_808,3026,LOCAL3,T2,C2_full_with_treatment,C+M_vs_C,C,C+M,808,0.023295241344021722,0.008644968261156238,0.023198084782425438
full_808,3026,LOCAL3,T3,C2_full_with_treatment,C+M_vs_C,C,C+M,808,-0.027989084086645133,-0.05760911378338085,-0.008692884738635775
