seed_base,fold,arm,task,endpoint,selected_alpha,validation_score,n_train,n_val,n_test,target_transform,model,selected_c,validation_auroc,population,timing
2026,0,A0_LOCAL3,static,T0,1.0,0.07102335745155111,247,59,69,outer_train_log_winsor_median_iqr_inverse_natural,,,,,
2026,0,A0_LOCAL3,static,T1,10.0,0.11167914555656377,247,59,69,outer_train_log_winsor_median_iqr_inverse_natural,,,,,
2026,0,A0_LOCAL3,static,T2,100.0,0.2755917271440117,247,59,69,outer_train_log_winsor_median_iqr_inverse_natural,,,,,
2026,0,A0_LOCAL3,static,T3,100.0,0.3449070463550241,247,59,69,outer_train_log_winsor_median_iqr_inverse_natural,,,,,
2026,0,A0_LOCAL3,delta,T0_to_T1,100.0,0.6829791076700763,247,59,69,literal_delta_outer_train_standardized_inverse_natural,,,,,
2026,0,A0_LOCAL3,delta,T1_to_T2,10.0,0.3213792836667648,247,59,69,literal_delta_outer_train_standardized_inverse_natural,,,,,
2026,0,A0_LOCAL3,delta,T2_to_T3,1000.0,0.10943191585100759,247,59,69,literal_delta_outer_train_standardized_inverse_natural,,,,,
2026,0,A1_PATCH3,static,T0,100.0,0.06984398045796994,247,59,69,outer_train_log_winsor_median_iqr_inverse_natural,,,,,
2026,0,A1_PATCH3,static,T1,1000.0,0.1476634008704247,247,59,69,outer_train_log_winsor_median_iqr_inverse_natural,,,,,
2026,0,A1_PATCH3,static,T2,1.0,0.30574449271929866,247,59,69,outer_train_log_winsor_median_iqr_inverse_natural,,,,,
2026,0,A1_PATCH3,static,T3,1000.0,0.3896791269621235,247,59,69,outer_train_log_winsor_median_iqr_inverse_natural,,,,,
2026,0,A1_PATCH3,delta,T0_to_T1,100.0,0.6223637775244378,247,59,69,literal_delta_outer_train_standardized_inverse_natural,,,,,
2026,0,A1_PATCH3,delta,T1_to_T2,1000.0,0.3667303032198461,247,59,69,literal_delta_outer_train_standardized_inverse_natural,,,,,
2026,0,A1_PATCH3,delta,T2_to_T3,1000.0,0.1318388301268734,247,59,69,literal_delta_outer_train_standardized_inverse_natural,,,,,
2026,1,A0_LOCAL3,static,T0,100.0,0.05675689556983308,239,69,67,outer_train_log_winsor_median_iqr_inverse_natural,,,,,
2026,1,A0_LOCAL3,static,T1,1000.0,0.09935968705163374,239,69,67,outer_train_log_winsor_median_iqr_inverse_natural,,,,,
2026,1,A0_LOCAL3,static,T2,1000.0,0.28901194130383595,239,69,67,outer_train_log_winsor_median_iqr_inverse_natural,,,,,
2026,1,A0_LOCAL3,static,T3,100.0,0.2491741229457032,239,69,67,outer_train_log_winsor_median_iqr_inverse_natural,,,,,
2026,1,A0_LOCAL3,delta,T0_to_T1,1000.0,0.30609708673917746,239,69,67,literal_delta_outer_train_standardized_inverse_natural,,,,,
2026,1,A0_LOCAL3,delta,T1_to_T2,1000.0,0.22946167921460323,239,69,67,literal_delta_outer_train_standardized_inverse_natural,,,,,
2026,1,A0_LOCAL3,delta,T2_to_T3,1000.0,0.11497544245373915,239,69,67,literal_delta_outer_train_standardized_inverse_natural,,,,,
2026,1,A1_PATCH3,static,T0,1.0,0.06428527389486577,239,69,67,outer_train_log_winsor_median_iqr_inverse_natural,,,,,
2026,1,A1_PATCH3,static,T1,1000.0,0.12010277138614603,239,69,67,outer_train_log_winsor_median_iqr_inverse_natural,,,,,
2026,1,A1_PATCH3,static,T2,100.0,0.26161815116453463,239,69,67,outer_train_log_winsor_median_iqr_inverse_natural,,,,,
2026,1,A1_PATCH3,static,T3,1000.0,0.2801708811165529,239,69,67,outer_train_log_winsor_median_iqr_inverse_natural,,,,,
2026,1,A1_PATCH3,delta,T0_to_T1,1000.0,0.2790849185908119,239,69,67,literal_delta_outer_train_standardized_inverse_natural,,,,,
2026,1,A1_PATCH3,delta,T1_to_T2,1000.0,0.2736915611245849,239,69,67,literal_delta_outer_train_standardized_inverse_natural,,,,,
2026,1,A1_PATCH3,delta,T2_to_T3,1000.0,0.1264781586986789,239,69,67,literal_delta_outer_train_standardized_inverse_natural,,,,,
2026,2,A0_LOCAL3,static,T0,1000.0,0.07939842449977755,240,52,83,outer_train_log_winsor_median_iqr_inverse_natural,,,,,
2026,2,A0_LOCAL3,static,T1,100.0,0.19033723959411522,240,52,83,outer_train_log_winsor_median_iqr_inverse_natural,,,,,
2026,2,A0_LOCAL3,static,T2,10.0,0.3149040227226003,240,52,83,outer_train_log_winsor_median_iqr_inverse_natural,,,,,
2026,2,A0_LOCAL3,static,T3,100.0,0.32344509162506224,240,52,83,outer_train_log_winsor_median_iqr_inverse_natural,,,,,
2026,2,A0_LOCAL3,delta,T0_to_T1,1000.0,0.31146699682477463,240,52,83,literal_delta_outer_train_standardized_inverse_natural,,,,,
2026,2,A0_LOCAL3,delta,T1_to_T2,1000.0,0.5649734997899661,240,52,83,literal_delta_outer_train_standardized_inverse_natural,,,,,
2026,2,A0_LOCAL3,delta,T2_to_T3,1000.0,0.07907281133294096,240,52,83,literal_delta_outer_train_standardized_inverse_natural,,,,,
2026,2,A1_PATCH3,static,T0,100.0,0.09155109702889465,240,52,83,outer_train_log_winsor_median_iqr_inverse_natural,,,,,
2026,2,A1_PATCH3,static,T1,100.0,0.22163178572172904,240,52,83,outer_train_log_winsor_median_iqr_inverse_natural,,,,,
2026,2,A1_PATCH3,static,T2,1000.0,0.3531388696096957,240,52,83,outer_train_log_winsor_median_iqr_inverse_natural,,,,,
2026,2,A1_PATCH3,static,T3,1000.0,0.34971714958122235,240,52,83,outer_train_log_winsor_median_iqr_inverse_natural,,,,,
2026,2,A1_PATCH3,delta,T0_to_T1,1000.0,0.34461813901541394,240,52,83,literal_delta_outer_train_standardized_inverse_natural,,,,,
2026,2,A1_PATCH3,delta,T1_to_T2,100.0,0.6153121705873758,240,52,83,literal_delta_outer_train_standardized_inverse_natural,,,,,
2026,2,A1_PATCH3,delta,T2_to_T3,1000.0,0.09388915337549647,240,52,83,literal_delta_outer_train_standardized_inverse_natural,,,,,
2026,3,A0_LOCAL3,static,T0,100.0,0.06136465170290224,242,61,72,outer_train_log_winsor_median_iqr_inverse_natural,,,,,
2026,3,A0_LOCAL3,static,T1,100.0,0.11794303026702674,242,61,72,outer_train_log_winsor_median_iqr_inverse_natural,,,,,
2026,3,A0_LOCAL3,static,T2,1000.0,0.36898284323693903,242,61,72,outer_train_log_winsor_median_iqr_inverse_natural,,,,,
2026,3,A0_LOCAL3,static,T3,1000.0,0.28991417964889704,242,61,72,outer_train_log_winsor_median_iqr_inverse_natural,,,,,
2026,3,A0_LOCAL3,delta,T0_to_T1,1000.0,0.4767584495360704,242,61,72,literal_delta_outer_train_standardized_inverse_natural,,,,,
2026,3,A0_LOCAL3,delta,T1_to_T2,1000.0,0.2640681084794826,242,61,72,literal_delta_outer_train_standardized_inverse_natural,,,,,
2026,3,A0_LOCAL3,delta,T2_to_T3,1000.0,0.09821615834202749,242,61,72,literal_delta_outer_train_standardized_inverse_natural,,,,,
2026,3,A1_PATCH3,static,T0,10.0,0.06991268217687478,242,61,72,outer_train_log_winsor_median_iqr_inverse_natural,,,,,
2026,3,A1_PATCH3,static,T1,100.0,0.1405020870491019,242,61,72,outer_train_log_winsor_median_iqr_inverse_natural,,,,,
2026,3,A1_PATCH3,static,T2,1000.0,0.4247572031178151,242,61,72,outer_train_log_winsor_median_iqr_inverse_natural,,,,,
2026,3,A1_PATCH3,static,T3,1000.0,0.33674341845528266,242,61,72,outer_train_log_winsor_median_iqr_inverse_natural,,,,,
2026,3,A1_PATCH3,delta,T0_to_T1,100.0,0.4425050091936659,242,61,72,literal_delta_outer_train_standardized_inverse_natural,,,,,
2026,3,A1_PATCH3,delta,T1_to_T2,1000.0,0.2880027900553813,242,61,72,literal_delta_outer_train_standardized_inverse_natural,,,,,
2026,3,A1_PATCH3,delta,T2_to_T3,1000.0,0.12143996179193807,242,61,72,literal_delta_outer_train_standardized_inverse_natural,,,,,
2026,4,A0_LOCAL3,static,T0,100.0,0.06880801969727152,225,66,84,outer_train_log_winsor_median_iqr_inverse_natural,,,,,
2026,4,A0_LOCAL3,static,T1,1000.0,0.19787797830131776,225,66,84,outer_train_log_winsor_median_iqr_inverse_natural,,,,,
2026,4,A0_LOCAL3,static,T2,1000.0,0.3780886031049774,225,66,84,outer_train_log_winsor_median_iqr_inverse_natural,,,,,
2026,4,A0_LOCAL3,static,T3,100.0,0.37938331659366775,225,66,84,outer_train_log_winsor_median_iqr_inverse_natural,,,,,
2026,4,A0_LOCAL3,delta,T0_to_T1,1000.0,0.3468798548617914,225,66,84,literal_delta_outer_train_standardized_inverse_natural,,,,,
2026,4,A0_LOCAL3,delta,T1_to_T2,1000.0,0.2688081051844201,225,66,84,literal_delta_outer_train_standardized_inverse_natural,,,,,
2026,4,A0_LOCAL3,delta,T2_to_T3,1000.0,0.4917011906655148,225,66,84,literal_delta_outer_train_standardized_inverse_natural,,,,,
2026,4,A1_PATCH3,static,T0,100.0,0.08643180679974607,225,66,84,outer_train_log_winsor_median_iqr_inverse_natural,,,,,
2026,4,A1_PATCH3,static,T1,1000.0,0.22187567608374079,225,66,84,outer_train_log_winsor_median_iqr_inverse_natural,,,,,
2026,4,A1_PATCH3,static,T2,1000.0,0.375944147636019,225,66,84,outer_train_log_winsor_median_iqr_inverse_natural,,,,,
2026,4,A1_PATCH3,static,T3,1000.0,0.3972051298840019,225,66,84,outer_train_log_winsor_median_iqr_inverse_natural,,,,,
2026,4,A1_PATCH3,delta,T0_to_T1,1000.0,0.385616692823839,225,66,84,literal_delta_outer_train_standardized_inverse_natural,,,,,
2026,4,A1_PATCH3,delta,T1_to_T2,1000.0,0.2989116912496775,225,66,84,literal_delta_outer_train_standardized_inverse_natural,,,,,
2026,4,A1_PATCH3,delta,T2_to_T3,1000.0,0.4955781999812241,225,66,84,literal_delta_outer_train_standardized_inverse_natural,,,,,
3026,0,A0_LOCAL3,static,T0,10.0,0.08271625352149269,247,59,69,outer_train_log_winsor_median_iqr_inverse_natural,,,,,
3026,0,A0_LOCAL3,static,T1,10.0,0.10461338560727472,247,59,69,outer_train_log_winsor_median_iqr_inverse_natural,,,,,
3026,0,A0_LOCAL3,static,T2,100.0,0.3070671276028266,247,59,69,outer_train_log_winsor_median_iqr_inverse_natural,,,,,
3026,0,A0_LOCAL3,static,T3,100.0,0.3660232582641011,247,59,69,outer_train_log_winsor_median_iqr_inverse_natural,,,,,
3026,0,A0_LOCAL3,delta,T0_to_T1,100.0,0.7537390218862527,247,59,69,literal_delta_outer_train_standardized_inverse_natural,,,,,
3026,0,A0_LOCAL3,delta,T1_to_T2,1000.0,0.395437308922048,247,59,69,literal_delta_outer_train_standardized_inverse_natural,,,,,
3026,0,A0_LOCAL3,delta,T2_to_T3,1000.0,0.0978754509480483,247,59,69,literal_delta_outer_train_standardized_inverse_natural,,,,,
3026,0,A1_PATCH3,static,T0,10.0,0.07810294155281738,247,59,69,outer_train_log_winsor_median_iqr_inverse_natural,,,,,
3026,0,A1_PATCH3,static,T1,1000.0,0.15881503718629264,247,59,69,outer_train_log_winsor_median_iqr_inverse_natural,,,,,
3026,0,A1_PATCH3,static,T2,1000.0,0.3537073277438451,247,59,69,outer_train_log_winsor_median_iqr_inverse_natural,,,,,
3026,0,A1_PATCH3,static,T3,100.0,0.3997737353412533,247,59,69,outer_train_log_winsor_median_iqr_inverse_natural,,,,,
3026,0,A1_PATCH3,delta,T0_to_T1,1000.0,0.7741286865229998,247,59,69,literal_delta_outer_train_standardized_inverse_natural,,,,,
3026,0,A1_PATCH3,delta,T1_to_T2,1000.0,0.3873875900633428,247,59,69,literal_delta_outer_train_standardized_inverse_natural,,,,,
3026,0,A1_PATCH3,delta,T2_to_T3,1000.0,0.11306857793678554,247,59,69,literal_delta_outer_train_standardized_inverse_natural,,,,,
3026,1,A0_LOCAL3,static,T0,10.0,0.0632103989631893,239,69,67,outer_train_log_winsor_median_iqr_inverse_natural,,,,,
3026,1,A0_LOCAL3,static,T1,1000.0,0.11443353331147348,239,69,67,outer_train_log_winsor_median_iqr_inverse_natural,,,,,
3026,1,A0_LOCAL3,static,T2,100.0,0.26847519094867967,239,69,67,outer_train_log_winsor_median_iqr_inverse_natural,,,,,
3026,1,A0_LOCAL3,static,T3,1000.0,0.28963835228762075,239,69,67,outer_train_log_winsor_median_iqr_inverse_natural,,,,,
3026,1,A0_LOCAL3,delta,T0_to_T1,1000.0,0.2887410238531247,239,69,67,literal_delta_outer_train_standardized_inverse_natural,,,,,
3026,1,A0_LOCAL3,delta,T1_to_T2,1000.0,0.24501200436396184,239,69,67,literal_delta_outer_train_standardized_inverse_natural,,,,,
3026,1,A0_LOCAL3,delta,T2_to_T3,1000.0,0.11230027123417267,239,69,67,literal_delta_outer_train_standardized_inverse_natural,,,,,
3026,1,A1_PATCH3,static,T0,100.0,0.07346313830376112,239,69,67,outer_train_log_winsor_median_iqr_inverse_natural,,,,,
3026,1,A1_PATCH3,static,T1,1000.0,0.12699009834339461,239,69,67,outer_train_log_winsor_median_iqr_inverse_natural,,,,,
3026,1,A1_PATCH3,static,T2,100.0,0.2762499334452576,239,69,67,outer_train_log_winsor_median_iqr_inverse_natural,,,,,
3026,1,A1_PATCH3,static,T3,1000.0,0.2873473145077527,239,69,67,outer_train_log_winsor_median_iqr_inverse_natural,,,,,
3026,1,A1_PATCH3,delta,T0_to_T1,1000.0,0.3003388461220885,239,69,67,literal_delta_outer_train_standardized_inverse_natural,,,,,
3026,1,A1_PATCH3,delta,T1_to_T2,1000.0,0.23940460539143352,239,69,67,literal_delta_outer_train_standardized_inverse_natural,,,,,
3026,1,A1_PATCH3,delta,T2_to_T3,1000.0,0.11432641526590046,239,69,67,literal_delta_outer_train_standardized_inverse_natural,,,,,
3026,2,A0_LOCAL3,static,T0,100.0,0.07608505802871311,240,52,83,outer_train_log_winsor_median_iqr_inverse_natural,,,,,
3026,2,A0_LOCAL3,static,T1,100.0,0.16529710177054233,240,52,83,outer_train_log_winsor_median_iqr_inverse_natural,,,,,
3026,2,A0_LOCAL3,static,T2,100.0,0.3201441986034587,240,52,83,outer_train_log_winsor_median_iqr_inverse_natural,,,,,
3026,2,A0_LOCAL3,static,T3,1000.0,0.33554660630826016,240,52,83,outer_train_log_winsor_median_iqr_inverse_natural,,,,,
3026,2,A0_LOCAL3,delta,T0_to_T1,1000.0,0.2948044374147138,240,52,83,literal_delta_outer_train_standardized_inverse_natural,,,,,
3026,2,A0_LOCAL3,delta,T1_to_T2,1000.0,0.5700678384927464,240,52,83,literal_delta_outer_train_standardized_inverse_natural,,,,,
3026,2,A0_LOCAL3,delta,T2_to_T3,1000.0,0.09836793963477618,240,52,83,literal_delta_outer_train_standardized_inverse_natural,,,,,
3026,2,A1_PATCH3,static,T0,100.0,0.07475381405060684,240,52,83,outer_train_log_winsor_median_iqr_inverse_natural,,,,,
3026,2,A1_PATCH3,static,T1,100.0,0.21586479299401581,240,52,83,outer_train_log_winsor_median_iqr_inverse_natural,,,,,
3026,2,A1_PATCH3,static,T2,1000.0,0.34812380404117316,240,52,83,outer_train_log_winsor_median_iqr_inverse_natural,,,,,
3026,2,A1_PATCH3,static,T3,1000.0,0.3332399266336372,240,52,83,outer_train_log_winsor_median_iqr_inverse_natural,,,,,
3026,2,A1_PATCH3,delta,T0_to_T1,100.0,0.3170752683268901,240,52,83,literal_delta_outer_train_standardized_inverse_natural,,,,,
3026,2,A1_PATCH3,delta,T1_to_T2,1000.0,0.7224345750023269,240,52,83,literal_delta_outer_train_standardized_inverse_natural,,,,,
3026,2,A1_PATCH3,delta,T2_to_T3,1000.0,0.0987348001305372,240,52,83,literal_delta_outer_train_standardized_inverse_natural,,,,,
3026,3,A0_LOCAL3,static,T0,1.0,0.06304069279996212,242,61,72,outer_train_log_winsor_median_iqr_inverse_natural,,,,,
3026,3,A0_LOCAL3,static,T1,10.0,0.11692272768257715,242,61,72,outer_train_log_winsor_median_iqr_inverse_natural,,,,,
3026,3,A0_LOCAL3,static,T2,10.0,0.3680835878893313,242,61,72,outer_train_log_winsor_median_iqr_inverse_natural,,,,,
3026,3,A0_LOCAL3,static,T3,10.0,0.33306278490576263,242,61,72,outer_train_log_winsor_median_iqr_inverse_natural,,,,,
3026,3,A0_LOCAL3,delta,T0_to_T1,1000.0,0.4889838943851296,242,61,72,literal_delta_outer_train_standardized_inverse_natural,,,,,
3026,3,A0_LOCAL3,delta,T1_to_T2,1000.0,0.31949992886428097,242,61,72,literal_delta_outer_train_standardized_inverse_natural,,,,,
3026,3,A0_LOCAL3,delta,T2_to_T3,1000.0,0.11115076042338826,242,61,72,literal_delta_outer_train_standardized_inverse_natural,,,,,
3026,3,A1_PATCH3,static,T0,10.0,0.07896081593351546,242,61,72,outer_train_log_winsor_median_iqr_inverse_natural,,,,,
3026,3,A1_PATCH3,static,T1,100.0,0.14435057148604527,242,61,72,outer_train_log_winsor_median_iqr_inverse_natural,,,,,
3026,3,A1_PATCH3,static,T2,1000.0,0.4236420065804968,242,61,72,outer_train_log_winsor_median_iqr_inverse_natural,,,,,
3026,3,A1_PATCH3,static,T3,1000.0,0.33870429786991674,242,61,72,outer_train_log_winsor_median_iqr_inverse_natural,,,,,
3026,3,A1_PATCH3,delta,T0_to_T1,1000.0,0.4740228179695404,242,61,72,literal_delta_outer_train_standardized_inverse_natural,,,,,
3026,3,A1_PATCH3,delta,T1_to_T2,1000.0,0.3100151256974333,242,61,72,literal_delta_outer_train_standardized_inverse_natural,,,,,
3026,3,A1_PATCH3,delta,T2_to_T3,1000.0,0.1568823386551198,242,61,72,literal_delta_outer_train_standardized_inverse_natural,,,,,
3026,4,A0_LOCAL3,static,T0,100.0,0.08033174609556898,225,66,84,outer_train_log_winsor_median_iqr_inverse_natural,,,,,
3026,4,A0_LOCAL3,static,T1,1.0,0.18602933538321192,225,66,84,outer_train_log_winsor_median_iqr_inverse_natural,,,,,
3026,4,A0_LOCAL3,static,T2,100.0,0.38924959702480816,225,66,84,outer_train_log_winsor_median_iqr_inverse_natural,,,,,
3026,4,A0_LOCAL3,static,T3,10.0,0.3945769582733193,225,66,84,outer_train_log_winsor_median_iqr_inverse_natural,,,,,
3026,4,A0_LOCAL3,delta,T0_to_T1,1000.0,0.3408028771976775,225,66,84,literal_delta_outer_train_standardized_inverse_natural,,,,,
3026,4,A0_LOCAL3,delta,T1_to_T2,1000.0,0.2842318877777299,225,66,84,literal_delta_outer_train_standardized_inverse_natural,,,,,
3026,4,A0_LOCAL3,delta,T2_to_T3,1000.0,0.5632487711915813,225,66,84,literal_delta_outer_train_standardized_inverse_natural,,,,,
3026,4,A1_PATCH3,static,T0,100.0,0.09089849380951409,225,66,84,outer_train_log_winsor_median_iqr_inverse_natural,,,,,
3026,4,A1_PATCH3,static,T1,1000.0,0.21551711767802642,225,66,84,outer_train_log_winsor_median_iqr_inverse_natural,,,,,
3026,4,A1_PATCH3,static,T2,100.0,0.3685179491064445,225,66,84,outer_train_log_winsor_median_iqr_inverse_natural,,,,,
3026,4,A1_PATCH3,static,T3,1000.0,0.41846103481052777,225,66,84,outer_train_log_winsor_median_iqr_inverse_natural,,,,,
3026,4,A1_PATCH3,delta,T0_to_T1,1000.0,0.3340269908965938,225,66,84,literal_delta_outer_train_standardized_inverse_natural,,,,,
3026,4,A1_PATCH3,delta,T1_to_T2,1000.0,0.27662264341944115,225,66,84,literal_delta_outer_train_standardized_inverse_natural,,,,,
3026,4,A1_PATCH3,delta,T2_to_T3,1000.0,0.5083323852216495,225,66,84,literal_delta_outer_train_standardized_inverse_natural,,,,,
2026,0,A0_LOCAL3,,,,,525,121,162,,M,10.0,0.5886075949367088,full_808,T0
2026,0,A0_LOCAL3,,,,,525,121,162,,C,0.0001,0.7399035563592526,full_808,T0
2026,0,A0_LOCAL3,,,,,525,121,162,,C+M,0.1,0.6986136226642555,full_808,T0
2026,0,A0_LOCAL3,,,,,247,59,69,,C+F,0.0001,0.8473684210526317,ftv_complete_375,T0
2026,0,A0_LOCAL3,,,,,247,59,69,,C+F+M,100.0,0.7776315789473685,ftv_complete_375,T0
2026,0,A0_LOCAL3,,,,,525,121,162,,M,0.1,0.6027727546714887,full_808,T0-T1
2026,0,A0_LOCAL3,,,,,525,121,162,,C,0.0001,0.7399035563592526,full_808,T0-T1
2026,0,A0_LOCAL3,,,,,525,121,162,,C+M,0.1,0.7148884870403858,full_808,T0-T1
2026,0,A0_LOCAL3,,,,,247,59,69,,C+F,10.0,0.8447368421052631,ftv_complete_375,T0-T1
2026,0,A0_LOCAL3,,,,,247,59,69,,C+F+M,0.1,0.7999999999999999,ftv_complete_375,T0-T1
2026,0,A0_LOCAL3,,,,,525,121,162,,M,0.1,0.6760096443640747,full_808,T0-T2
2026,0,A0_LOCAL3,,,,,525,121,162,,C,0.0001,0.7399035563592526,full_808,T0-T2
2026,0,A0_LOCAL3,,,,,525,121,162,,C+M,0.01,0.7573839662447257,full_808,T0-T2
2026,0,A0_LOCAL3,,,,,247,59,69,,C+F,1.0,0.8657894736842104,ftv_complete_375,T0-T2
2026,0,A0_LOCAL3,,,,,247,59,69,,C+F+M,0.1,0.85,ftv_complete_375,T0-T2
2026,0,A0_LOCAL3,,,,,525,121,162,,M,0.01,0.7160940325497287,full_808,T0-T3_late
2026,0,A0_LOCAL3,,,,,525,121,162,,C,0.0001,0.7399035563592526,full_808,T0-T3_late
2026,0,A0_LOCAL3,,,,,525,121,162,,C+M,0.01,0.7745629897528632,full_808,T0-T3_late
2026,0,A0_LOCAL3,,,,,247,59,69,,C+F,0.1,0.8473684210526315,ftv_complete_375,T0-T3_late
2026,0,A0_LOCAL3,,,,,247,59,69,,C+F+M,100.0,0.8565789473684211,ftv_complete_375,T0-T3_late
2026,0,A1_PATCH3,,,,,525,121,162,,M,0.01,0.5204942736588305,full_808,T0
2026,0,A1_PATCH3,,,,,525,121,162,,C,0.0001,0.7399035563592526,full_808,T0
2026,0,A1_PATCH3,,,,,525,121,162,,C+M,0.01,0.6748040988547317,full_808,T0
2026,0,A1_PATCH3,,,,,247,59,69,,C+F,0.0001,0.8473684210526317,ftv_complete_375,T0
2026,0,A1_PATCH3,,,,,247,59,69,,C+F+M,0.01,0.6631578947368422,ftv_complete_375,T0
2026,0,A1_PATCH3,,,,,525,121,162,,M,0.01,0.5608800482218204,full_808,T0-T1
2026,0,A1_PATCH3,,,,,525,121,162,,C,0.0001,0.7399035563592526,full_808,T0-T1
2026,0,A1_PATCH3,,,,,525,121,162,,C+M,0.01,0.6760096443640748,full_808,T0-T1
2026,0,A1_PATCH3,,,,,247,59,69,,C+F,10.0,0.8447368421052631,ftv_complete_375,T0-T1
2026,0,A1_PATCH3,,,,,247,59,69,,C+F+M,0.1,0.6842105263157894,ftv_complete_375,T0-T1
2026,0,A1_PATCH3,,,,,525,121,162,,M,0.001,0.6151295961422544,full_808,T0-T2
2026,0,A1_PATCH3,,,,,525,121,162,,C,0.0001,0.7399035563592526,full_808,T0-T2
2026,0,A1_PATCH3,,,,,525,121,162,,C+M,0.01,0.6940928270042194,full_808,T0-T2
2026,0,A1_PATCH3,,,,,247,59,69,,C+F,1.0,0.8657894736842104,ftv_complete_375,T0-T2
2026,0,A1_PATCH3,,,,,247,59,69,,C+F+M,0.1,0.7013157894736842,ftv_complete_375,T0-T2
2026,0,A1_PATCH3,,,,,525,121,162,,M,0.01,0.6262808921036769,full_808,T0-T3_late
2026,0,A1_PATCH3,,,,,525,121,162,,C,0.0001,0.7399035563592526,full_808,T0-T3_late
2026,0,A1_PATCH3,,,,,525,121,162,,C+M,0.01,0.7046413502109704,full_808,T0-T3_late
2026,0,A1_PATCH3,,,,,247,59,69,,C+F,0.1,0.8473684210526315,ftv_complete_375,T0-T3_late
2026,0,A1_PATCH3,,,,,247,59,69,,C+F+M,0.01,0.6618421052631579,ftv_complete_375,T0-T3_late
2026,1,A0_LOCAL3,,,,,525,121,162,,M,0.001,0.6301829268292684,full_808,T0
2026,1,A0_LOCAL3,,,,,525,121,162,,C,0.01,0.7317073170731707,full_808,T0
2026,1,A0_LOCAL3,,,,,525,121,162,,C+M,0.01,0.7512195121951221,full_808,T0
2026,1,A0_LOCAL3,,,,,239,69,67,,C+F,0.0001,0.6448412698412698,ftv_complete_375,T0
2026,1,A0_LOCAL3,,,,,239,69,67,,C+F+M,0.01,0.6726190476190476,ftv_complete_375,T0
2026,1,A0_LOCAL3,,,,,525,121,162,,M,0.0001,0.6795731707317074,full_808,T0-T1
2026,1,A0_LOCAL3,,,,,525,121,162,,C,0.01,0.7317073170731707,full_808,T0-T1
2026,1,A0_LOCAL3,,,,,525,121,162,,C+M,0.01,0.7765243902439024,full_808,T0-T1
2026,1,A0_LOCAL3,,,,,239,69,67,,C+F,10.0,0.6904761904761905,ftv_complete_375,T0-T1
2026,1,A0_LOCAL3,,,,,239,69,67,,C+F+M,0.01,0.7172619047619048,ftv_complete_375,T0-T1
2026,1,A0_LOCAL3,,,,,525,121,162,,M,0.001,0.675609756097561,full_808,T0-T2
2026,1,A0_LOCAL3,,,,,525,121,162,,C,0.01,0.7317073170731707,full_808,T0-T2
2026,1,A0_LOCAL3,,,,,525,121,162,,C+M,0.01,0.7823170731707317,full_808,T0-T2
2026,1,A0_LOCAL3,,,,,239,69,67,,C+F,10.0,0.7222222222222222,ftv_complete_375,T0-T2
2026,1,A0_LOCAL3,,,,,239,69,67,,C+F+M,1.0,0.7341269841269842,ftv_complete_375,T0-T2
2026,1,A0_LOCAL3,,,,,525,121,162,,M,0.001,0.6868902439024391,full_808,T0-T3_late
2026,1,A0_LOCAL3,,,,,525,121,162,,C,0.01,0.7317073170731707,full_808,T0-T3_late
2026,1,A0_LOCAL3,,,,,525,121,162,,C+M,0.01,0.7826219512195122,full_808,T0-T3_late
2026,1,A0_LOCAL3,,,,,239,69,67,,C+F,0.01,0.7103174603174602,ftv_complete_375,T0-T3_late
2026,1,A0_LOCAL3,,,,,239,69,67,,C+F+M,0.1,0.7113095238095238,ftv_complete_375,T0-T3_late
2026,1,A1_PATCH3,,,,,525,121,162,,M,10.0,0.6655487804878049,full_808,T0
2026,1,A1_PATCH3,,,,,525,121,162,,C,0.01,0.7317073170731707,full_808,T0
2026,1,A1_PATCH3,,,,,525,121,162,,C+M,0.01,0.739939024390244,full_808,T0
2026,1,A1_PATCH3,,,,,239,69,67,,C+F,0.0001,0.6448412698412698,ftv_complete_375,T0
2026,1,A1_PATCH3,,,,,239,69,67,,C+F+M,100.0,0.7162698412698413,ftv_complete_375,T0
2026,1,A1_PATCH3,,,,,525,121,162,,M,0.001,0.6667682926829269,full_808,T0-T1
2026,1,A1_PATCH3,,,,,525,121,162,,C,0.01,0.7317073170731707,full_808,T0-T1
2026,1,A1_PATCH3,,,,,525,121,162,,C+M,0.001,0.725609756097561,full_808,T0-T1
2026,1,A1_PATCH3,,,,,239,69,67,,C+F,10.0,0.6904761904761905,ftv_complete_375,T0-T1
2026,1,A1_PATCH3,,,,,239,69,67,,C+F+M,0.001,0.6865079365079365,ftv_complete_375,T0-T1
2026,1,A1_PATCH3,,,,,525,121,162,,M,0.0001,0.6301829268292682,full_808,T0-T2
2026,1,A1_PATCH3,,,,,525,121,162,,C,0.01,0.7317073170731707,full_808,T0-T2
2026,1,A1_PATCH3,,,,,525,121,162,,C+M,0.01,0.6893292682926829,full_808,T0-T2
2026,1,A1_PATCH3,,,,,239,69,67,,C+F,10.0,0.7222222222222222,ftv_complete_375,T0-T2
2026,1,A1_PATCH3,,,,,239,69,67,,C+F+M,0.01,0.623015873015873,ftv_complete_375,T0-T2
2026,1,A1_PATCH3,,,,,525,121,162,,M,0.0001,0.6402439024390243,full_808,T0-T3_late
2026,1,A1_PATCH3,,,,,525,121,162,,C,0.01,0.7317073170731707,full_808,T0-T3_late
2026,1,A1_PATCH3,,,,,525,121,162,,C+M,0.01,0.6954268292682927,full_808,T0-T3_late
2026,1,A1_PATCH3,,,,,239,69,67,,C+F,0.01,0.7103174603174602,ftv_complete_375,T0-T3_late
2026,1,A1_PATCH3,,,,,239,69,67,,C+F+M,0.1,0.6378968253968254,ftv_complete_375,T0-T3_late
2026,2,A0_LOCAL3,,,,,525,121,162,,M,100.0,0.5855937311633514,full_808,T0
2026,2,A0_LOCAL3,,,,,525,121,162,,C,0.001,0.7745629897528632,full_808,T0
2026,2,A0_LOCAL3,,,,,525,121,162,,C+M,0.1,0.7820976491862568,full_808,T0
2026,2,A0_LOCAL3,,,,,240,52,83,,C+F,0.01,0.746218487394958,ftv_complete_375,T0
2026,2,A0_LOCAL3,,,,,240,52,83,,C+F+M,0.1,0.6705882352941177,ftv_complete_375,T0
2026,2,A0_LOCAL3,,,,,525,121,162,,M,100.0,0.593128390596745,full_808,T0-T1
2026,2,A0_LOCAL3,,,,,525,121,162,,C,0.001,0.7745629897528632,full_808,T0-T1
2026,2,A0_LOCAL3,,,,,525,121,162,,C+M,0.1,0.7516576250753466,full_808,T0-T1
2026,2,A0_LOCAL3,,,,,240,52,83,,C+F,100.0,0.8218487394957983,ftv_complete_375,T0-T1
2026,2,A0_LOCAL3,,,,,240,52,83,,C+F+M,0.1,0.7529411764705882,ftv_complete_375,T0-T1
2026,2,A0_LOCAL3,,,,,525,121,162,,M,100.0,0.6253767329716696,full_808,T0-T2
2026,2,A0_LOCAL3,,,,,525,121,162,,C,0.001,0.7745629897528632,full_808,T0-T2
2026,2,A0_LOCAL3,,,,,525,121,162,,C+M,0.1,0.7947558770343579,full_808,T0-T2
2026,2,A0_LOCAL3,,,,,240,52,83,,C+F,0.1,0.8117647058823529,ftv_complete_375,T0-T2
2026,2,A0_LOCAL3,,,,,240,52,83,,C+F+M,10.0,0.715966386554622,ftv_complete_375,T0-T2
2026,2,A0_LOCAL3,,,,,525,121,162,,M,0.1,0.5988547317661242,full_808,T0-T3_late
2026,2,A0_LOCAL3,,,,,525,121,162,,C,0.001,0.7745629897528632,full_808,T0-T3_late
2026,2,A0_LOCAL3,,,,,525,121,162,,C+M,0.1,0.7561784207353828,full_808,T0-T3_late
2026,2,A0_LOCAL3,,,,,240,52,83,,C+F,1.0,0.7983193277310925,ftv_complete_375,T0-T3_late
2026,2,A0_LOCAL3,,,,,240,52,83,,C+F+M,0.01,0.6436974789915967,ftv_complete_375,T0-T3_late
2026,2,A1_PATCH3,,,,,525,121,162,,M,100.0,0.6151295961422544,full_808,T0
2026,2,A1_PATCH3,,,,,525,121,162,,C,0.001,0.7745629897528632,full_808,T0
2026,2,A1_PATCH3,,,,,525,121,162,,C+M,10.0,0.7610006027727546,full_808,T0
2026,2,A1_PATCH3,,,,,240,52,83,,C+F,0.01,0.746218487394958,ftv_complete_375,T0
2026,2,A1_PATCH3,,,,,240,52,83,,C+F+M,0.1,0.6823529411764706,ftv_complete_375,T0
2026,2,A1_PATCH3,,,,,525,121,162,,M,10.0,0.6268836648583485,full_808,T0-T1
2026,2,A1_PATCH3,,,,,525,121,162,,C,0.001,0.7745629897528632,full_808,T0-T1
2026,2,A1_PATCH3,,,,,525,121,162,,C+M,0.01,0.7516576250753465,full_808,T0-T1
2026,2,A1_PATCH3,,,,,240,52,83,,C+F,100.0,0.8218487394957983,ftv_complete_375,T0-T1
2026,2,A1_PATCH3,,,,,240,52,83,,C+F+M,0.1,0.7831932773109244,ftv_complete_375,T0-T1
2026,2,A1_PATCH3,,,,,525,121,162,,M,0.1,0.5780590717299577,full_808,T0-T2
2026,2,A1_PATCH3,,,,,525,121,162,,C,0.001,0.7745629897528632,full_808,T0-T2
2026,2,A1_PATCH3,,,,,525,121,162,,C+M,0.1,0.7456298975286316,full_808,T0-T2
2026,2,A1_PATCH3,,,,,240,52,83,,C+F,0.1,0.8117647058823529,ftv_complete_375,T0-T2
2026,2,A1_PATCH3,,,,,240,52,83,,C+F+M,100.0,0.7630252100840336,ftv_complete_375,T0-T2
2026,2,A1_PATCH3,,,,,525,121,162,,M,0.1,0.5973477998794454,full_808,T0-T3_late
2026,2,A1_PATCH3,,,,,525,121,162,,C,0.001,0.7745629897528632,full_808,T0-T3_late
2026,2,A1_PATCH3,,,,,525,121,162,,C+M,0.01,0.7447257383966245,full_808,T0-T3_late
2026,2,A1_PATCH3,,,,,240,52,83,,C+F,1.0,0.7983193277310925,ftv_complete_375,T0-T3_late
2026,2,A1_PATCH3,,,,,240,52,83,,C+F+M,0.1,0.7008403361344537,ftv_complete_375,T0-T3_late
2026,3,A0_LOCAL3,,,,,526,121,161,,M,100.0,0.5792682926829269,full_808,T0
2026,3,A0_LOCAL3,,,,,526,121,161,,C,10.0,0.7382621951219512,full_808,T0
2026,3,A0_LOCAL3,,,,,526,121,161,,C+M,1.0,0.7170731707317074,full_808,T0
2026,3,A0_LOCAL3,,,,,242,61,72,,C+F,0.001,0.7414634146341463,ftv_complete_375,T0
2026,3,A0_LOCAL3,,,,,242,61,72,,C+F+M,0.01,0.6780487804878048,ftv_complete_375,T0
2026,3,A0_LOCAL3,,,,,526,121,161,,M,0.01,0.6128048780487805,full_808,T0-T1
2026,3,A0_LOCAL3,,,,,526,121,161,,C,10.0,0.7382621951219512,full_808,T0-T1
2026,3,A0_LOCAL3,,,,,526,121,161,,C+M,0.01,0.7353658536585367,full_808,T0-T1
2026,3,A0_LOCAL3,,,,,242,61,72,,C+F,0.1,0.8134146341463415,ftv_complete_375,T0-T1
2026,3,A0_LOCAL3,,,,,242,61,72,,C+F+M,0.01,0.7402439024390244,ftv_complete_375,T0-T1
2026,3,A0_LOCAL3,,,,,526,121,161,,M,0.001,0.5701219512195121,full_808,T0-T2
2026,3,A0_LOCAL3,,,,,526,121,161,,C,10.0,0.7382621951219512,full_808,T0-T2
2026,3,A0_LOCAL3,,,,,526,121,161,,C+M,0.01,0.7033536585365854,full_808,T0-T2
2026,3,A0_LOCAL3,,,,,242,61,72,,C+F,0.001,0.824390243902439,ftv_complete_375,T0-T2
2026,3,A0_LOCAL3,,,,,242,61,72,,C+F+M,0.01,0.701219512195122,ftv_complete_375,T0-T2
2026,3,A0_LOCAL3,,,,,526,121,161,,M,0.001,0.5917682926829269,full_808,T0-T3_late
2026,3,A0_LOCAL3,,,,,526,121,161,,C,10.0,0.7382621951219512,full_808,T0-T3_late
2026,3,A0_LOCAL3,,,,,526,121,161,,C+M,0.01,0.7060975609756098,full_808,T0-T3_late
2026,3,A0_LOCAL3,,,,,242,61,72,,C+F,0.1,0.8219512195121951,ftv_complete_375,T0-T3_late
2026,3,A0_LOCAL3,,,,,242,61,72,,C+F+M,0.01,0.7414634146341463,ftv_complete_375,T0-T3_late
2026,3,A1_PATCH3,,,,,526,121,161,,M,0.001,0.5917682926829267,full_808,T0
2026,3,A1_PATCH3,,,,,526,121,161,,C,10.0,0.7382621951219512,full_808,T0
2026,3,A1_PATCH3,,,,,526,121,161,,C+M,0.01,0.7152439024390244,full_808,T0
2026,3,A1_PATCH3,,,,,242,61,72,,C+F,0.001,0.7414634146341463,ftv_complete_375,T0
2026,3,A1_PATCH3,,,,,242,61,72,,C+F+M,0.01,0.6719512195121952,ftv_complete_375,T0
2026,3,A1_PATCH3,,,,,526,121,161,,M,0.001,0.6067073170731707,full_808,T0-T1
2026,3,A1_PATCH3,,,,,526,121,161,,C,10.0,0.7382621951219512,full_808,T0-T1
2026,3,A1_PATCH3,,,,,526,121,161,,C+M,0.01,0.7103658536585366,full_808,T0-T1
2026,3,A1_PATCH3,,,,,242,61,72,,C+F,0.1,0.8134146341463415,ftv_complete_375,T0-T1
2026,3,A1_PATCH3,,,,,242,61,72,,C+F+M,0.01,0.6951219512195123,ftv_complete_375,T0-T1
2026,3,A1_PATCH3,,,,,526,121,161,,M,0.01,0.6070121951219513,full_808,T0-T2
2026,3,A1_PATCH3,,,,,526,121,161,,C,10.0,0.7382621951219512,full_808,T0-T2
2026,3,A1_PATCH3,,,,,526,121,161,,C+M,0.01,0.699390243902439,full_808,T0-T2
2026,3,A1_PATCH3,,,,,242,61,72,,C+F,0.001,0.824390243902439,ftv_complete_375,T0-T2
2026,3,A1_PATCH3,,,,,242,61,72,,C+F+M,0.1,0.7207317073170731,ftv_complete_375,T0-T2
2026,3,A1_PATCH3,,,,,526,121,161,,M,0.01,0.6219512195121951,full_808,T0-T3_late
2026,3,A1_PATCH3,,,,,526,121,161,,C,10.0,0.7382621951219512,full_808,T0-T3_late
2026,3,A1_PATCH3,,,,,526,121,161,,C+M,0.01,0.7079268292682928,full_808,T0-T3_late
2026,3,A1_PATCH3,,,,,242,61,72,,C+F,0.1,0.8219512195121951,ftv_complete_375,T0-T3_late
2026,3,A1_PATCH3,,,,,242,61,72,,C+F+M,0.1,0.7402439024390244,ftv_complete_375,T0-T3_late
2026,4,A0_LOCAL3,,,,,526,121,161,,M,0.1,0.6234756097560975,full_808,T0
2026,4,A0_LOCAL3,,,,,526,121,161,,C,0.0001,0.6935975609756098,full_808,T0
2026,4,A0_LOCAL3,,,,,526,121,161,,C+M,0.1,0.6984756097560976,full_808,T0
2026,4,A0_LOCAL3,,,,,225,66,84,,C+F,0.001,0.7032608695652174,ftv_complete_375,T0
2026,4,A0_LOCAL3,,,,,225,66,84,,C+F+M,1.0,0.6923913043478261,ftv_complete_375,T0
2026,4,A0_LOCAL3,,,,,526,121,161,,M,0.01,0.5810975609756098,full_808,T0-T1
2026,4,A0_LOCAL3,,,,,526,121,161,,C,0.0001,0.6935975609756098,full_808,T0-T1
2026,4,A0_LOCAL3,,,,,526,121,161,,C+M,0.1,0.6905487804878049,full_808,T0-T1
2026,4,A0_LOCAL3,,,,,225,66,84,,C+F,0.001,0.733695652173913,ftv_complete_375,T0-T1
2026,4,A0_LOCAL3,,,,,225,66,84,,C+F+M,0.1,0.6021739130434783,ftv_complete_375,T0-T1
2026,4,A0_LOCAL3,,,,,526,121,161,,M,1.0,0.6545731707317073,full_808,T0-T2
2026,4,A0_LOCAL3,,,,,526,121,161,,C,0.0001,0.6935975609756098,full_808,T0-T2
2026,4,A0_LOCAL3,,,,,526,121,161,,C+M,1.0,0.6972560975609757,full_808,T0-T2
2026,4,A0_LOCAL3,,,,,225,66,84,,C+F,10.0,0.7826086956521738,ftv_complete_375,T0-T2
2026,4,A0_LOCAL3,,,,,225,66,84,,C+F+M,0.1,0.6467391304347826,ftv_complete_375,T0-T2
2026,4,A0_LOCAL3,,,,,526,121,161,,M,0.1,0.6783536585365852,full_808,T0-T3_late
2026,4,A0_LOCAL3,,,,,526,121,161,,C,0.0001,0.6935975609756098,full_808,T0-T3_late
2026,4,A0_LOCAL3,,,,,526,121,161,,C+M,0.1,0.7082317073170732,full_808,T0-T3_late
2026,4,A0_LOCAL3,,,,,225,66,84,,C+F,0.001,0.7945652173913044,ftv_complete_375,T0-T3_late
2026,4,A0_LOCAL3,,,,,225,66,84,,C+F+M,0.01,0.6097826086956522,ftv_complete_375,T0-T3_late
2026,4,A1_PATCH3,,,,,526,121,161,,M,100.0,0.5707317073170732,full_808,T0
2026,4,A1_PATCH3,,,,,526,121,161,,C,0.0001,0.6935975609756098,full_808,T0
2026,4,A1_PATCH3,,,,,526,121,161,,C+M,1.0,0.6564024390243902,full_808,T0
2026,4,A1_PATCH3,,,,,225,66,84,,C+F,0.001,0.7032608695652174,ftv_complete_375,T0
2026,4,A1_PATCH3,,,,,225,66,84,,C+F+M,0.001,0.6228260869565216,ftv_complete_375,T0
2026,4,A1_PATCH3,,,,,526,121,161,,M,1.0,0.5567073170731708,full_808,T0-T1
2026,4,A1_PATCH3,,,,,526,121,161,,C,0.0001,0.6935975609756098,full_808,T0-T1
2026,4,A1_PATCH3,,,,,526,121,161,,C+M,1.0,0.6625000000000001,full_808,T0-T1
2026,4,A1_PATCH3,,,,,225,66,84,,C+F,0.001,0.733695652173913,ftv_complete_375,T0-T1
2026,4,A1_PATCH3,,,,,225,66,84,,C+F+M,0.1,0.575,ftv_complete_375,T0-T1
2026,4,A1_PATCH3,,,,,526,121,161,,M,10.0,0.6841463414634146,full_808,T0-T2
2026,4,A1_PATCH3,,,,,526,121,161,,C,0.0001,0.6935975609756098,full_808,T0-T2
2026,4,A1_PATCH3,,,,,526,121,161,,C+M,100.0,0.6798780487804877,full_808,T0-T2
2026,4,A1_PATCH3,,,,,225,66,84,,C+F,10.0,0.7826086956521738,ftv_complete_375,T0-T2
2026,4,A1_PATCH3,,,,,225,66,84,,C+F+M,1.0,0.6119565217391303,ftv_complete_375,T0-T2
2026,4,A1_PATCH3,,,,,526,121,161,,M,10.0,0.5820121951219512,full_808,T0-T3_late
2026,4,A1_PATCH3,,,,,526,121,161,,C,0.0001,0.6935975609756098,full_808,T0-T3_late
2026,4,A1_PATCH3,,,,,526,121,161,,C+M,10.0,0.665548780487805,full_808,T0-T3_late
2026,4,A1_PATCH3,,,,,225,66,84,,C+F,0.001,0.7945652173913044,ftv_complete_375,T0-T3_late
2026,4,A1_PATCH3,,,,,225,66,84,,C+F+M,0.0001,0.6,ftv_complete_375,T0-T3_late
3026,0,A0_LOCAL3,,,,,525,121,162,,M,1.0,0.5623869801084991,full_808,T0
3026,0,A0_LOCAL3,,,,,525,121,162,,C,0.0001,0.7399035563592526,full_808,T0
3026,0,A0_LOCAL3,,,,,525,121,162,,C+M,0.1,0.7209162145871006,full_808,T0
3026,0,A0_LOCAL3,,,,,247,59,69,,C+F,0.0001,0.8473684210526317,ftv_complete_375,T0
3026,0,A0_LOCAL3,,,,,247,59,69,,C+F+M,0.1,0.7210526315789474,ftv_complete_375,T0
3026,0,A0_LOCAL3,,,,,525,121,162,,M,100.0,0.5874020494273658,full_808,T0-T1
3026,0,A0_LOCAL3,,,,,525,121,162,,C,0.0001,0.7399035563592526,full_808,T0-T1
3026,0,A0_LOCAL3,,,,,525,121,162,,C+M,0.01,0.7233273056057866,full_808,T0-T1
3026,0,A0_LOCAL3,,,,,247,59,69,,C+F,10.0,0.8447368421052631,ftv_complete_375,T0-T1
3026,0,A0_LOCAL3,,,,,247,59,69,,C+F+M,0.1,0.7447368421052631,ftv_complete_375,T0-T1
3026,0,A0_LOCAL3,,,,,525,121,162,,M,0.01,0.6738999397227246,full_808,T0-T2
3026,0,A0_LOCAL3,,,,,525,121,162,,C,0.0001,0.7399035563592526,full_808,T0-T2
3026,0,A0_LOCAL3,,,,,525,121,162,,C+M,0.01,0.7733574442435202,full_808,T0-T2
3026,0,A0_LOCAL3,,,,,247,59,69,,C+F,1.0,0.8657894736842104,ftv_complete_375,T0-T2
3026,0,A0_LOCAL3,,,,,247,59,69,,C+F+M,0.1,0.7605263157894737,ftv_complete_375,T0-T2
3026,0,A0_LOCAL3,,,,,525,121,162,,M,0.01,0.6262808921036769,full_808,T0-T3_late
3026,0,A0_LOCAL3,,,,,525,121,162,,C,0.0001,0.7399035563592526,full_808,T0-T3_late
3026,0,A0_LOCAL3,,,,,525,121,162,,C+M,0.1,0.7519590114526823,full_808,T0-T3_late
3026,0,A0_LOCAL3,,,,,247,59,69,,C+F,0.1,0.8473684210526315,ftv_complete_375,T0-T3_late
3026,0,A0_LOCAL3,,,,,247,59,69,,C+F+M,100.0,0.8184210526315789,ftv_complete_375,T0-T3_late
3026,0,A1_PATCH3,,,,,525,121,162,,M,10.0,0.5753465943339361,full_808,T0
3026,0,A1_PATCH3,,,,,525,121,162,,C,0.0001,0.7399035563592526,full_808,T0
3026,0,A1_PATCH3,,,,,525,121,162,,C+M,1.0,0.6654611211573237,full_808,T0
3026,0,A1_PATCH3,,,,,247,59,69,,C+F,0.0001,0.8473684210526317,ftv_complete_375,T0
3026,0,A1_PATCH3,,,,,247,59,69,,C+F+M,10.0,0.6539473684210526,ftv_complete_375,T0
3026,0,A1_PATCH3,,,,,525,121,162,,M,0.001,0.4990958408679928,full_808,T0-T1
3026,0,A1_PATCH3,,,,,525,121,162,,C,0.0001,0.7399035563592526,full_808,T0-T1
3026,0,A1_PATCH3,,,,,525,121,162,,C+M,0.1,0.6353224834237493,full_808,T0-T1
3026,0,A1_PATCH3,,,,,247,59,69,,C+F,10.0,0.8447368421052631,ftv_complete_375,T0-T1
3026,0,A1_PATCH3,,,,,247,59,69,,C+F+M,1.0,0.6921052631578947,ftv_complete_375,T0-T1
3026,0,A1_PATCH3,,,,,525,121,162,,M,0.001,0.546112115732369,full_808,T0-T2
3026,0,A1_PATCH3,,,,,525,121,162,,C,0.0001,0.7399035563592526,full_808,T0-T2
3026,0,A1_PATCH3,,,,,525,121,162,,C+M,0.01,0.6588306208559374,full_808,T0-T2
3026,0,A1_PATCH3,,,,,247,59,69,,C+F,1.0,0.8657894736842104,ftv_complete_375,T0-T2
3026,0,A1_PATCH3,,,,,247,59,69,,C+F+M,1.0,0.6460526315789472,ftv_complete_375,T0-T2
3026,0,A1_PATCH3,,,,,525,121,162,,M,0.01,0.5650994575045208,full_808,T0-T3_late
3026,0,A1_PATCH3,,,,,525,121,162,,C,0.0001,0.7399035563592526,full_808,T0-T3_late
3026,0,A1_PATCH3,,,,,525,121,162,,C+M,0.01,0.6540084388185654,full_808,T0-T3_late
3026,0,A1_PATCH3,,,,,247,59,69,,C+F,0.1,0.8473684210526315,ftv_complete_375,T0-T3_late
3026,0,A1_PATCH3,,,,,247,59,69,,C+F+M,100.0,0.6026315789473684,ftv_complete_375,T0-T3_late
3026,1,A0_LOCAL3,,,,,525,121,162,,M,0.001,0.6387195121951219,full_808,T0
3026,1,A0_LOCAL3,,,,,525,121,162,,C,0.01,0.7317073170731707,full_808,T0
3026,1,A0_LOCAL3,,,,,525,121,162,,C+M,0.01,0.738719512195122,full_808,T0
3026,1,A0_LOCAL3,,,,,239,69,67,,C+F,0.0001,0.6448412698412698,ftv_complete_375,T0
3026,1,A0_LOCAL3,,,,,239,69,67,,C+F+M,0.001,0.6696428571428571,ftv_complete_375,T0
3026,1,A0_LOCAL3,,,,,525,121,162,,M,0.001,0.7024390243902439,full_808,T0-T1
3026,1,A0_LOCAL3,,,,,525,121,162,,C,0.01,0.7317073170731707,full_808,T0-T1
3026,1,A0_LOCAL3,,,,,525,121,162,,C+M,0.01,0.7588414634146342,full_808,T0-T1
3026,1,A0_LOCAL3,,,,,239,69,67,,C+F,10.0,0.6904761904761905,ftv_complete_375,T0-T1
3026,1,A0_LOCAL3,,,,,239,69,67,,C+F+M,0.01,0.6785714285714285,ftv_complete_375,T0-T1
3026,1,A0_LOCAL3,,,,,525,121,162,,M,0.0001,0.6704268292682927,full_808,T0-T2
3026,1,A0_LOCAL3,,,,,525,121,162,,C,0.01,0.7317073170731707,full_808,T0-T2
3026,1,A0_LOCAL3,,,,,525,121,162,,C+M,0.01,0.75,full_808,T0-T2
3026,1,A0_LOCAL3,,,,,239,69,67,,C+F,10.0,0.7222222222222222,ftv_complete_375,T0-T2
3026,1,A0_LOCAL3,,,,,239,69,67,,C+F+M,10.0,0.7013888888888888,ftv_complete_375,T0-T2
3026,1,A0_LOCAL3,,,,,525,121,162,,M,0.01,0.7140243902439024,full_808,T0-T3_late
3026,1,A0_LOCAL3,,,,,525,121,162,,C,0.01,0.7317073170731707,full_808,T0-T3_late
3026,1,A0_LOCAL3,,,,,525,121,162,,C+M,0.01,0.7710365853658536,full_808,T0-T3_late
3026,1,A0_LOCAL3,,,,,239,69,67,,C+F,0.01,0.7103174603174602,ftv_complete_375,T0-T3_late
3026,1,A0_LOCAL3,,,,,239,69,67,,C+F+M,0.1,0.6934523809523809,ftv_complete_375,T0-T3_late
3026,1,A1_PATCH3,,,,,525,121,162,,M,1.0,0.6954268292682928,full_808,T0
3026,1,A1_PATCH3,,,,,525,121,162,,C,0.01,0.7317073170731707,full_808,T0
3026,1,A1_PATCH3,,,,,525,121,162,,C+M,0.1,0.776219512195122,full_808,T0
3026,1,A1_PATCH3,,,,,239,69,67,,C+F,0.0001,0.6448412698412698,ftv_complete_375,T0
3026,1,A1_PATCH3,,,,,239,69,67,,C+F+M,1.0,0.7331349206349206,ftv_complete_375,T0
3026,1,A1_PATCH3,,,,,525,121,162,,M,0.01,0.7564024390243903,full_808,T0-T1
3026,1,A1_PATCH3,,,,,525,121,162,,C,0.01,0.7317073170731707,full_808,T0-T1
3026,1,A1_PATCH3,,,,,525,121,162,,C+M,0.01,0.825,full_808,T0-T1
3026,1,A1_PATCH3,,,,,239,69,67,,C+F,10.0,0.6904761904761905,ftv_complete_375,T0-T1
3026,1,A1_PATCH3,,,,,239,69,67,,C+F+M,0.01,0.7589285714285714,ftv_complete_375,T0-T1
3026,1,A1_PATCH3,,,,,525,121,162,,M,0.001,0.7192073170731706,full_808,T0-T2
3026,1,A1_PATCH3,,,,,525,121,162,,C,0.01,0.7317073170731707,full_808,T0-T2
3026,1,A1_PATCH3,,,,,525,121,162,,C+M,0.01,0.7765243902439024,full_808,T0-T2
3026,1,A1_PATCH3,,,,,239,69,67,,C+F,10.0,0.7222222222222222,ftv_complete_375,T0-T2
3026,1,A1_PATCH3,,,,,239,69,67,,C+F+M,0.1,0.7073412698412699,ftv_complete_375,T0-T2
3026,1,A1_PATCH3,,,,,525,121,162,,M,0.001,0.7091463414634146,full_808,T0-T3_late
3026,1,A1_PATCH3,,,,,525,121,162,,C,0.01,0.7317073170731707,full_808,T0-T3_late
3026,1,A1_PATCH3,,,,,525,121,162,,C+M,0.01,0.7716463414634147,full_808,T0-T3_late
3026,1,A1_PATCH3,,,,,239,69,67,,C+F,0.01,0.7103174603174602,ftv_complete_375,T0-T3_late
3026,1,A1_PATCH3,,,,,239,69,67,,C+F+M,0.1,0.7152777777777777,ftv_complete_375,T0-T3_late
3026,2,A0_LOCAL3,,,,,525,121,162,,M,0.001,0.5367691380349608,full_808,T0
3026,2,A0_LOCAL3,,,,,525,121,162,,C,0.001,0.7745629897528632,full_808,T0
3026,2,A0_LOCAL3,,,,,525,121,162,,C+M,0.01,0.7709463532248342,full_808,T0
3026,2,A0_LOCAL3,,,,,240,52,83,,C+F,0.01,0.746218487394958,ftv_complete_375,T0
3026,2,A0_LOCAL3,,,,,240,52,83,,C+F+M,0.1,0.6890756302521008,ftv_complete_375,T0
3026,2,A0_LOCAL3,,,,,525,121,162,,M,0.01,0.6151295961422543,full_808,T0-T1
3026,2,A0_LOCAL3,,,,,525,121,162,,C,0.001,0.7745629897528632,full_808,T0-T1
3026,2,A0_LOCAL3,,,,,525,121,162,,C+M,0.1,0.7836045810729355,full_808,T0-T1
3026,2,A0_LOCAL3,,,,,240,52,83,,C+F,100.0,0.8218487394957983,ftv_complete_375,T0-T1
3026,2,A0_LOCAL3,,,,,240,52,83,,C+F+M,0.1,0.7865546218487396,ftv_complete_375,T0-T1
3026,2,A0_LOCAL3,,,,,525,121,162,,M,0.01,0.6006630500301386,full_808,T0-T2
3026,2,A0_LOCAL3,,,,,525,121,162,,C,0.001,0.7745629897528632,full_808,T0-T2
3026,2,A0_LOCAL3,,,,,525,121,162,,C+M,0.1,0.7784810126582279,full_808,T0-T2
3026,2,A0_LOCAL3,,,,,240,52,83,,C+F,0.1,0.8117647058823529,ftv_complete_375,T0-T2
3026,2,A0_LOCAL3,,,,,240,52,83,,C+F+M,0.1,0.7714285714285715,ftv_complete_375,T0-T2
3026,2,A0_LOCAL3,,,,,525,121,162,,M,0.1,0.6121157323688969,full_808,T0-T3_late
3026,2,A0_LOCAL3,,,,,525,121,162,,C,0.001,0.7745629897528632,full_808,T0-T3_late
3026,2,A0_LOCAL3,,,,,525,121,162,,C+M,0.1,0.7459312839059674,full_808,T0-T3_late
3026,2,A0_LOCAL3,,,,,240,52,83,,C+F,1.0,0.7983193277310925,ftv_complete_375,T0-T3_late
3026,2,A0_LOCAL3,,,,,240,52,83,,C+F+M,0.01,0.7126050420168066,ftv_complete_375,T0-T3_late
3026,2,A1_PATCH3,,,,,525,121,162,,M,10.0,0.5744424352019288,full_808,T0
3026,2,A1_PATCH3,,,,,525,121,162,,C,0.001,0.7745629897528632,full_808,T0
3026,2,A1_PATCH3,,,,,525,121,162,,C+M,0.1,0.7564798071127187,full_808,T0
3026,2,A1_PATCH3,,,,,240,52,83,,C+F,0.01,0.746218487394958,ftv_complete_375,T0
3026,2,A1_PATCH3,,,,,240,52,83,,C+F+M,1.0,0.6705882352941177,ftv_complete_375,T0
3026,2,A1_PATCH3,,,,,525,121,162,,M,0.001,0.6054852320675105,full_808,T0-T1
3026,2,A1_PATCH3,,,,,525,121,162,,C,0.001,0.7745629897528632,full_808,T0-T1
3026,2,A1_PATCH3,,,,,525,121,162,,C+M,0.01,0.7504520795660037,full_808,T0-T1
3026,2,A1_PATCH3,,,,,240,52,83,,C+F,100.0,0.8218487394957983,ftv_complete_375,T0-T1
3026,2,A1_PATCH3,,,,,240,52,83,,C+F+M,10.0,0.8151260504201681,ftv_complete_375,T0-T1
3026,2,A1_PATCH3,,,,,525,121,162,,M,0.001,0.5708257986738999,full_808,T0-T2
3026,2,A1_PATCH3,,,,,525,121,162,,C,0.001,0.7745629897528632,full_808,T0-T2
3026,2,A1_PATCH3,,,,,525,121,162,,C+M,1.0,0.7411091018685955,full_808,T0-T2
3026,2,A1_PATCH3,,,,,240,52,83,,C+F,0.1,0.8117647058823529,ftv_complete_375,T0-T2
3026,2,A1_PATCH3,,,,,240,52,83,,C+F+M,0.1,0.773109243697479,ftv_complete_375,T0-T2
3026,2,A1_PATCH3,,,,,525,121,162,,M,0.001,0.5485232067510548,full_808,T0-T3_late
3026,2,A1_PATCH3,,,,,525,121,162,,C,0.001,0.7745629897528632,full_808,T0-T3_late
3026,2,A1_PATCH3,,,,,525,121,162,,C+M,0.01,0.6751054852320675,full_808,T0-T3_late
3026,2,A1_PATCH3,,,,,240,52,83,,C+F,1.0,0.7983193277310925,ftv_complete_375,T0-T3_late
3026,2,A1_PATCH3,,,,,240,52,83,,C+F+M,0.001,0.7008403361344537,ftv_complete_375,T0-T3_late
3026,3,A0_LOCAL3,,,,,526,121,161,,M,0.0001,0.6067073170731707,full_808,T0
3026,3,A0_LOCAL3,,,,,526,121,161,,C,10.0,0.7382621951219512,full_808,T0
3026,3,A0_LOCAL3,,,,,526,121,161,,C+M,0.1,0.7292682926829268,full_808,T0
3026,3,A0_LOCAL3,,,,,242,61,72,,C+F,0.001,0.7414634146341463,ftv_complete_375,T0
3026,3,A0_LOCAL3,,,,,242,61,72,,C+F+M,0.01,0.6890243902439024,ftv_complete_375,T0
3026,3,A0_LOCAL3,,,,,526,121,161,,M,0.0001,0.6176829268292683,full_808,T0-T1
3026,3,A0_LOCAL3,,,,,526,121,161,,C,10.0,0.7382621951219512,full_808,T0-T1
3026,3,A0_LOCAL3,,,,,526,121,161,,C+M,0.01,0.7365853658536585,full_808,T0-T1
3026,3,A0_LOCAL3,,,,,242,61,72,,C+F,0.1,0.8134146341463415,ftv_complete_375,T0-T1
3026,3,A0_LOCAL3,,,,,242,61,72,,C+F+M,0.1,0.7560975609756098,ftv_complete_375,T0-T1
3026,3,A0_LOCAL3,,,,,526,121,161,,M,0.0001,0.6158536585365854,full_808,T0-T2
3026,3,A0_LOCAL3,,,,,526,121,161,,C,10.0,0.7382621951219512,full_808,T0-T2
3026,3,A0_LOCAL3,,,,,526,121,161,,C+M,0.01,0.7329268292682927,full_808,T0-T2
3026,3,A0_LOCAL3,,,,,242,61,72,,C+F,0.001,0.824390243902439,ftv_complete_375,T0-T2
3026,3,A0_LOCAL3,,,,,242,61,72,,C+F+M,0.1,0.7304878048780489,ftv_complete_375,T0-T2
3026,3,A0_LOCAL3,,,,,526,121,161,,M,0.0001,0.6179878048780488,full_808,T0-T3_late
3026,3,A0_LOCAL3,,,,,526,121,161,,C,10.0,0.7382621951219512,full_808,T0-T3_late
3026,3,A0_LOCAL3,,,,,526,121,161,,C+M,0.01,0.7344512195121952,full_808,T0-T3_late
3026,3,A0_LOCAL3,,,,,242,61,72,,C+F,0.1,0.8219512195121951,ftv_complete_375,T0-T3_late
3026,3,A0_LOCAL3,,,,,242,61,72,,C+F+M,0.1,0.7365853658536585,ftv_complete_375,T0-T3_late
3026,3,A1_PATCH3,,,,,526,121,161,,M,0.001,0.6195121951219512,full_808,T0
3026,3,A1_PATCH3,,,,,526,121,161,,C,10.0,0.7382621951219512,full_808,T0
3026,3,A1_PATCH3,,,,,526,121,161,,C+M,0.01,0.7131097560975609,full_808,T0
3026,3,A1_PATCH3,,,,,242,61,72,,C+F,0.001,0.7414634146341463,ftv_complete_375,T0
3026,3,A1_PATCH3,,,,,242,61,72,,C+F+M,0.01,0.698780487804878,ftv_complete_375,T0
3026,3,A1_PATCH3,,,,,526,121,161,,M,0.0001,0.5975609756097561,full_808,T0-T1
3026,3,A1_PATCH3,,,,,526,121,161,,C,10.0,0.7382621951219512,full_808,T0-T1
3026,3,A1_PATCH3,,,,,526,121,161,,C+M,1.0,0.7109756097560975,full_808,T0-T1
3026,3,A1_PATCH3,,,,,242,61,72,,C+F,0.1,0.8134146341463415,ftv_complete_375,T0-T1
3026,3,A1_PATCH3,,,,,242,61,72,,C+F+M,0.01,0.6829268292682927,ftv_complete_375,T0-T1
3026,3,A1_PATCH3,,,,,526,121,161,,M,0.001,0.5743902439024391,full_808,T0-T2
3026,3,A1_PATCH3,,,,,526,121,161,,C,10.0,0.7382621951219512,full_808,T0-T2
3026,3,A1_PATCH3,,,,,526,121,161,,C+M,0.01,0.6588414634146341,full_808,T0-T2
3026,3,A1_PATCH3,,,,,242,61,72,,C+F,0.001,0.824390243902439,ftv_complete_375,T0-T2
3026,3,A1_PATCH3,,,,,242,61,72,,C+F+M,0.001,0.673170731707317,ftv_complete_375,T0-T2
3026,3,A1_PATCH3,,,,,526,121,161,,M,0.0001,0.5707317073170731,full_808,T0-T3_late
3026,3,A1_PATCH3,,,,,526,121,161,,C,10.0,0.7382621951219512,full_808,T0-T3_late
3026,3,A1_PATCH3,,,,,526,121,161,,C+M,0.01,0.6551829268292684,full_808,T0-T3_late
3026,3,A1_PATCH3,,,,,242,61,72,,C+F,0.1,0.8219512195121951,ftv_complete_375,T0-T3_late
3026,3,A1_PATCH3,,,,,242,61,72,,C+F+M,0.0001,0.65,ftv_complete_375,T0-T3_late
3026,4,A0_LOCAL3,,,,,526,121,161,,M,100.0,0.698170731707317,full_808,T0
3026,4,A0_LOCAL3,,,,,526,121,161,,C,0.0001,0.6935975609756098,full_808,T0
3026,4,A0_LOCAL3,,,,,526,121,161,,C+M,0.1,0.723170731707317,full_808,T0
3026,4,A0_LOCAL3,,,,,225,66,84,,C+F,0.001,0.7032608695652174,ftv_complete_375,T0
3026,4,A0_LOCAL3,,,,,225,66,84,,C+F+M,100.0,0.5880434782608696,ftv_complete_375,T0
3026,4,A0_LOCAL3,,,,,526,121,161,,M,10.0,0.6277439024390243,full_808,T0-T1
3026,4,A0_LOCAL3,,,,,526,121,161,,C,0.0001,0.6935975609756098,full_808,T0-T1
3026,4,A0_LOCAL3,,,,,526,121,161,,C+M,100.0,0.708841463414634,full_808,T0-T1
3026,4,A0_LOCAL3,,,,,225,66,84,,C+F,0.001,0.733695652173913,ftv_complete_375,T0-T1
3026,4,A0_LOCAL3,,,,,225,66,84,,C+F+M,10.0,0.6163043478260869,ftv_complete_375,T0-T1
3026,4,A0_LOCAL3,,,,,526,121,161,,M,100.0,0.6689024390243903,full_808,T0-T2
3026,4,A0_LOCAL3,,,,,526,121,161,,C,0.0001,0.6935975609756098,full_808,T0-T2
3026,4,A0_LOCAL3,,,,,526,121,161,,C+M,100.0,0.6756097560975609,full_808,T0-T2
3026,4,A0_LOCAL3,,,,,225,66,84,,C+F,10.0,0.7826086956521738,ftv_complete_375,T0-T2
3026,4,A0_LOCAL3,,,,,225,66,84,,C+F+M,1.0,0.7108695652173913,ftv_complete_375,T0-T2
3026,4,A0_LOCAL3,,,,,526,121,161,,M,10.0,0.7201219512195122,full_808,T0-T3_late
3026,4,A0_LOCAL3,,,,,526,121,161,,C,0.0001,0.6935975609756098,full_808,T0-T3_late
3026,4,A0_LOCAL3,,,,,526,121,161,,C+M,1.0,0.7128048780487805,full_808,T0-T3_late
3026,4,A0_LOCAL3,,,,,225,66,84,,C+F,0.001,0.7945652173913044,ftv_complete_375,T0-T3_late
3026,4,A0_LOCAL3,,,,,225,66,84,,C+F+M,1.0,0.6728260869565217,ftv_complete_375,T0-T3_late
3026,4,A1_PATCH3,,,,,526,121,161,,M,1.0,0.6125,full_808,T0
3026,4,A1_PATCH3,,,,,526,121,161,,C,0.0001,0.6935975609756098,full_808,T0
3026,4,A1_PATCH3,,,,,526,121,161,,C+M,1.0,0.7286585365853658,full_808,T0
3026,4,A1_PATCH3,,,,,225,66,84,,C+F,0.001,0.7032608695652174,ftv_complete_375,T0
3026,4,A1_PATCH3,,,,,225,66,84,,C+F+M,0.1,0.6445652173913043,ftv_complete_375,T0
3026,4,A1_PATCH3,,,,,526,121,161,,M,100.0,0.6341463414634146,full_808,T0-T1
3026,4,A1_PATCH3,,,,,526,121,161,,C,0.0001,0.6935975609756098,full_808,T0-T1
3026,4,A1_PATCH3,,,,,526,121,161,,C+M,0.01,0.6701219512195121,full_808,T0-T1
3026,4,A1_PATCH3,,,,,225,66,84,,C+F,0.001,0.733695652173913,ftv_complete_375,T0-T1
3026,4,A1_PATCH3,,,,,225,66,84,,C+F+M,0.1,0.566304347826087,ftv_complete_375,T0-T1
3026,4,A1_PATCH3,,,,,526,121,161,,M,0.1,0.5841463414634147,full_808,T0-T2
3026,4,A1_PATCH3,,,,,526,121,161,,C,0.0001,0.6935975609756098,full_808,T0-T2
3026,4,A1_PATCH3,,,,,526,121,161,,C+M,0.01,0.6591463414634146,full_808,T0-T2
3026,4,A1_PATCH3,,,,,225,66,84,,C+F,10.0,0.7826086956521738,ftv_complete_375,T0-T2
3026,4,A1_PATCH3,,,,,225,66,84,,C+F+M,0.01,0.6282608695652174,ftv_complete_375,T0-T2
3026,4,A1_PATCH3,,,,,526,121,161,,M,0.1,0.5655487804878049,full_808,T0-T3_late
3026,4,A1_PATCH3,,,,,526,121,161,,C,0.0001,0.6935975609756098,full_808,T0-T3_late
3026,4,A1_PATCH3,,,,,526,121,161,,C+M,0.01,0.6472560975609757,full_808,T0-T3_late
3026,4,A1_PATCH3,,,,,225,66,84,,C+F,0.001,0.7945652173913044,ftv_complete_375,T0-T3_late
3026,4,A1_PATCH3,,,,,225,66,84,,C+F+M,0.01,0.5858695652173913,ftv_complete_375,T0-T3_late
