seed_base,arm,task,endpoint,n,spearman,pearson,natural_r2,rmse,mae,prediction_target_variance_ratio,calibration_slope
2026,A0_LOCAL3,delta,T0_to_T1,375,0.4266382978723405,0.24502447750555165,0.05602246106934272,24.611477263632825,13.124620585521019,0.09438183547191598,0.07527550560695238
2026,A0_LOCAL3,delta,T1_to_T2,375,0.3960907953123222,0.42839176058703,0.18348619830034762,15.536077462225522,8.829831869940264,0.18279816869823015,0.18315847951682881
2026,A0_LOCAL3,delta,T2_to_T3,375,0.19766662874047106,0.11554425234327838,0.002368200062665693,27.357199954394144,9.514595058240438,0.048084636845242196,0.025336785628847936
2026,A0_LOCAL3,static,T0,375,0.7647352372283537,0.5632837629801583,0.26924664968813394,36.47343977874664,15.581282916974349,0.2114537308838924,0.25902096003466624
2026,A0_LOCAL3,static,T1,375,0.5918388895209922,0.3636854533018577,0.09290382138836639,35.88630718303514,11.632405598688727,0.09637910240632319,0.11290609034875888
2026,A0_LOCAL3,static,T2,375,0.4272577084992604,0.2706858965690466,0.02213417482940294,30.756795143681895,7.457263860072511,0.02070872947695806,0.038953129610927104
2026,A0_LOCAL3,static,T3,375,0.3396981647342232,0.3897157967471986,0.011849630824364743,12.334878578072733,3.157319397207037,0.005455341528238509,0.02878451936286779
2026,A1_PATCH3,delta,T0_to_T1,375,0.42444100580270794,0.2675892619466528,0.06169081921840758,24.5374730002415,13.364230153613258,0.13465192026567438,0.09819174030373513
2026,A1_PATCH3,delta,T1_to_T2,375,0.32143884400955736,0.3265935299240087,0.10282021702178334,16.28543457716819,9.406805444674838,0.15071176506415998,0.12678887688930343
2026,A1_PATCH3,delta,T2_to_T3,375,0.11461941062692002,0.04220640634722611,-0.0407717385599371,27.942434918354657,10.394347889695917,0.061592515006110335,0.010474718123161877
2026,A1_PATCH3,static,T0,375,0.7383538514051657,0.6468504485998869,0.37376163701920195,33.76456430235482,14.697373466326237,0.2703213241975296,0.3363132955983671
2026,A1_PATCH3,static,T1,375,0.46359244510183184,0.36064063995962575,0.052997224223113926,36.667198330695264,12.729227691799252,0.036885620209353896,0.06926330491195332
2026,A1_PATCH3,static,T2,375,0.2782550915917625,0.07575837584833718,-0.033964890141846116,31.62673369396455,8.267713561110474,0.011950248192653746,0.008281692823239381
2026,A1_PATCH3,static,T3,375,0.2180541710122982,0.2833178038862783,-0.0221080108449192,12.545031501133614,3.211337168885974,0.0018226877595212676,0.012095672104846283
3026,A0_LOCAL3,delta,T0_to_T1,375,0.3210749800887473,0.15129612038301635,0.01442042141391453,25.14795647541669,13.16438303459579,0.05912045904468873,0.03678719636271764
3026,A0_LOCAL3,delta,T1_to_T2,375,0.3698027079303675,0.3175250426834543,0.0999657933733159,16.311320478265408,9.264465363439903,0.11129685387037136,0.10593011091947736
3026,A0_LOCAL3,delta,T2_to_T3,375,0.2097046307884856,0.11035610758141487,-0.007709896354580081,27.495034218826266,9.94669835860806,0.06265084743342758,0.027622300701563768
3026,A0_LOCAL3,static,T0,375,0.7654311070656502,0.6540348762253476,0.35096371371867074,34.37366219074476,14.822592672599276,0.1928875120402582,0.2872453211051041
3026,A0_LOCAL3,static,T1,375,0.5633903743315508,0.335177733478782,0.07740833450514395,36.19152348274215,12.134976015562078,0.07658230422019638,0.09275543671744384
3026,A0_LOCAL3,static,T2,375,0.42794697917851865,0.2853530260099442,0.025837921050589685,30.698492955622303,7.777283001169216,0.020500274270939357,0.04085660897172582
3026,A0_LOCAL3,static,T3,375,0.2962257535684243,0.26841944238116006,0.006945442596128837,12.365449682309345,3.197910816195461,0.011666535772391401,0.028992450766154615
3026,A1_PATCH3,delta,T0_to_T1,375,0.3685759472067357,0.18925203522296682,0.025860479439887007,25.00157874176936,13.182875657610866,0.08299271019855473,0.05452058814279279
3026,A1_PATCH3,delta,T1_to_T2,375,0.29205302082148143,0.24399030152424234,0.05695642033494552,16.696502015788763,9.351396039087133,0.08185880862760639,0.06980801252138175
3026,A1_PATCH3,delta,T2_to_T3,375,0.12575264535214473,0.07436804586433911,-0.02327677347939372,27.706588907514334,10.06447949499408,0.059534506588875054,0.018145575603268575
3026,A1_PATCH3,static,T0,375,0.7157781317556037,0.5624049738588263,0.2807628851692451,36.18489866374271,16.144124375037546,0.46126125962507186,0.38196418514194164
3026,A1_PATCH3,static,T1,375,0.4238716577540107,0.369680322204397,0.03182009595230817,37.07491240736482,12.971238301220406,0.020597775543345576,0.05305624312704077
3026,A1_PATCH3,static,T2,375,0.27580179770167257,0.12176073639078247,-0.030457525621753412,31.573046806516302,8.103114059078399,0.0062564778708711025,0.00963101861751218
3026,A1_PATCH3,static,T3,375,0.10762908792974692,0.0835998506076832,-0.03967616864800738,12.65238517864259,3.2409195861206213,0.0017608758157381529,0.0035080830459594745
2026,A0_LOCAL3,delta,macro,1125,0.34013190730837795,0.2629868301452867,0.08062561981078535,22.501584893417498,10.48968250456724,0.10842154700512945,0.09459025691754304
2026,A0_LOCAL3,static,macro,1500,0.5308824999957074,0.3968427273995653,0.099033569182567,28.862855170884103,9.457067943235657,0.08349922607385304,0.109916174839305
2026,A1_PATCH3,delta,macro,1125,0.2868330868130618,0.21212973273929583,0.04124643256008461,22.92178083192145,11.055127829328002,0.11565206677864824,0.07848511177206681
2026,A1_PATCH3,static,macro,1500,0.4245638897777646,0.34164181707353203,0.09267149006388764,28.650881957037065,9.726412972030484,0.08024497008976461,0.10648849135960152
3026,A0_LOCAL3,delta,macro,1125,0.3001941062692001,0.19305909021596182,0.03555877281088345,22.984770390836122,10.791848918881252,0.07768938678282923,0.05677986932791959
3026,A0_LOCAL3,static,macro,1500,0.513248553536036,0.38574626952380847,0.1152888529676333,28.40728207785464,9.483190626381507,0.07540915657594634,0.1124624543901071
3026,A1_PATCH3,delta,macro,1125,0.2621272044601206,0.16920346087051608,0.01984670876514627,23.13488988835749,10.866250397230694,0.07479534180501206,0.0474913920891477
3026,A1_PATCH3,static,macro,1500,0.38077016878525854,0.28436147076542223,0.060612321712948114,29.371310764066603,10.114849080364243,0.12246909721375666,0.11203988248311351
