schema_version,plan_freeze_sha256,audit_config_sha256,source_fold_manifest_sha256,source_raw_ftv_semantic_sha256,batch_id,fold,split,batch_index,ordered_members_hmac_sha256,hmac_key_id,n_total,n_ftv_available,n_unavailable,n_ispy2,n_ispy1,pool_n,pool_ftv_available,pool_ftv_proportion,batch_ftv_proportion,applies_to_seed_count,within_batch_replacement,contains_patient_ids,contains_patient_level_rows,private_mapping_hmac_sha256
1,a8c3dc736b9f31d3b0d9f4efeaf5efa1605388b19a0604087e15dc9987287cf1,695791aa55c330377336642cfbfca83e1329f54ff8b632f0c04683839dbe7447,143e482d711225c0611006d99bd7345d2fa1a5c16c65fbaf8399341a0d26aa38,41b419f6e098dade710ee8963ccd6245ce3ea9bd32687afbef1223cafde9529b,f0_tr_00,0,train,0,6c78f8c493229dc0a5c586ec5a400e273dbe2a1adfe0b8ebf187dfd4a35bf436,83c6c82b0a93a89c,32,12,20,25,7,681,247,0.36270190895741555,0.375,5,False,False,False,b9360315517307fc33348df976ad230d147e86351c61ad6baba6a6d03e5b114a
1,a8c3dc736b9f31d3b0d9f4efeaf5efa1605388b19a0604087e15dc9987287cf1,695791aa55c330377336642cfbfca83e1329f54ff8b632f0c04683839dbe7447,143e482d711225c0611006d99bd7345d2fa1a5c16c65fbaf8399341a0d26aa38,41b419f6e098dade710ee8963ccd6245ce3ea9bd32687afbef1223cafde9529b,f0_tr_01,0,train,1,83614308884b44016ce775f33705e1da5d085091b8cc7df631296b638fb45ea4,83c6c82b0a93a89c,32,12,20,25,7,681,247,0.36270190895741555,0.375,5,False,False,False,b9360315517307fc33348df976ad230d147e86351c61ad6baba6a6d03e5b114a
1,a8c3dc736b9f31d3b0d9f4efeaf5efa1605388b19a0604087e15dc9987287cf1,695791aa55c330377336642cfbfca83e1329f54ff8b632f0c04683839dbe7447,143e482d711225c0611006d99bd7345d2fa1a5c16c65fbaf8399341a0d26aa38,41b419f6e098dade710ee8963ccd6245ce3ea9bd32687afbef1223cafde9529b,f0_tr_02,0,train,2,b45963e48745fc5e95f89ad55bd3e6afc908a8e6a82a0069f2dac1d26f993995,83c6c82b0a93a89c,32,12,20,25,7,681,247,0.36270190895741555,0.375,5,False,False,False,b9360315517307fc33348df976ad230d147e86351c61ad6baba6a6d03e5b114a
1,a8c3dc736b9f31d3b0d9f4efeaf5efa1605388b19a0604087e15dc9987287cf1,695791aa55c330377336642cfbfca83e1329f54ff8b632f0c04683839dbe7447,143e482d711225c0611006d99bd7345d2fa1a5c16c65fbaf8399341a0d26aa38,41b419f6e098dade710ee8963ccd6245ce3ea9bd32687afbef1223cafde9529b,f0_tr_03,0,train,3,73419592ab683ff5dfe7d7e79032b67cbed61b92713653b0f7e76432fd816f7a,83c6c82b0a93a89c,32,12,20,25,7,681,247,0.36270190895741555,0.375,5,False,False,False,b9360315517307fc33348df976ad230d147e86351c61ad6baba6a6d03e5b114a
1,a8c3dc736b9f31d3b0d9f4efeaf5efa1605388b19a0604087e15dc9987287cf1,695791aa55c330377336642cfbfca83e1329f54ff8b632f0c04683839dbe7447,143e482d711225c0611006d99bd7345d2fa1a5c16c65fbaf8399341a0d26aa38,41b419f6e098dade710ee8963ccd6245ce3ea9bd32687afbef1223cafde9529b,f0_tr_04,0,train,4,d1e038bcc2ae02dd2eec51081ef9de5149f9a87fe4919d04fc6fe0f63b286ccd,83c6c82b0a93a89c,32,12,20,25,7,681,247,0.36270190895741555,0.375,5,False,False,False,b9360315517307fc33348df976ad230d147e86351c61ad6baba6a6d03e5b114a
1,a8c3dc736b9f31d3b0d9f4efeaf5efa1605388b19a0604087e15dc9987287cf1,695791aa55c330377336642cfbfca83e1329f54ff8b632f0c04683839dbe7447,143e482d711225c0611006d99bd7345d2fa1a5c16c65fbaf8399341a0d26aa38,41b419f6e098dade710ee8963ccd6245ce3ea9bd32687afbef1223cafde9529b,f0_tr_05,0,train,5,c366511eda53c43d12a09d93dd3a3b84865e605b136c20c25aa539a51690e900,83c6c82b0a93a89c,32,12,20,25,7,681,247,0.36270190895741555,0.375,5,False,False,False,b9360315517307fc33348df976ad230d147e86351c61ad6baba6a6d03e5b114a
1,a8c3dc736b9f31d3b0d9f4efeaf5efa1605388b19a0604087e15dc9987287cf1,695791aa55c330377336642cfbfca83e1329f54ff8b632f0c04683839dbe7447,143e482d711225c0611006d99bd7345d2fa1a5c16c65fbaf8399341a0d26aa38,41b419f6e098dade710ee8963ccd6245ce3ea9bd32687afbef1223cafde9529b,f0_tr_06,0,train,6,7727ebee31539b434228814b76fb70e5e22e781e52cb26fb6953074caf4beec3,83c6c82b0a93a89c,32,12,20,25,7,681,247,0.36270190895741555,0.375,5,False,False,False,b9360315517307fc33348df976ad230d147e86351c61ad6baba6a6d03e5b114a
1,a8c3dc736b9f31d3b0d9f4efeaf5efa1605388b19a0604087e15dc9987287cf1,695791aa55c330377336642cfbfca83e1329f54ff8b632f0c04683839dbe7447,143e482d711225c0611006d99bd7345d2fa1a5c16c65fbaf8399341a0d26aa38,41b419f6e098dade710ee8963ccd6245ce3ea9bd32687afbef1223cafde9529b,f0_tr_07,0,train,7,c5384036f5fc2d0743818189665d4bc8a6c06725b1f0cc7c73024316ab1ff838,83c6c82b0a93a89c,32,12,20,25,7,681,247,0.36270190895741555,0.375,5,False,False,False,b9360315517307fc33348df976ad230d147e86351c61ad6baba6a6d03e5b114a
1,a8c3dc736b9f31d3b0d9f4efeaf5efa1605388b19a0604087e15dc9987287cf1,695791aa55c330377336642cfbfca83e1329f54ff8b632f0c04683839dbe7447,143e482d711225c0611006d99bd7345d2fa1a5c16c65fbaf8399341a0d26aa38,41b419f6e098dade710ee8963ccd6245ce3ea9bd32687afbef1223cafde9529b,f0_va_00,0,validation,0,98ad5642639e8d23db5a697e5d0c1080620d9a242dd5a7192c02a66b08e6400c,83c6c82b0a93a89c,32,16,16,32,0,121,59,0.48760330578512395,0.5,5,False,False,False,b9360315517307fc33348df976ad230d147e86351c61ad6baba6a6d03e5b114a
1,a8c3dc736b9f31d3b0d9f4efeaf5efa1605388b19a0604087e15dc9987287cf1,695791aa55c330377336642cfbfca83e1329f54ff8b632f0c04683839dbe7447,143e482d711225c0611006d99bd7345d2fa1a5c16c65fbaf8399341a0d26aa38,41b419f6e098dade710ee8963ccd6245ce3ea9bd32687afbef1223cafde9529b,f0_va_01,0,validation,1,f9490c125c58a1179bf91389e707556c35d21367efcb06f5bb3ba1d1eb8b8d65,83c6c82b0a93a89c,32,16,16,32,0,121,59,0.48760330578512395,0.5,5,False,False,False,b9360315517307fc33348df976ad230d147e86351c61ad6baba6a6d03e5b114a
1,a8c3dc736b9f31d3b0d9f4efeaf5efa1605388b19a0604087e15dc9987287cf1,695791aa55c330377336642cfbfca83e1329f54ff8b632f0c04683839dbe7447,143e482d711225c0611006d99bd7345d2fa1a5c16c65fbaf8399341a0d26aa38,41b419f6e098dade710ee8963ccd6245ce3ea9bd32687afbef1223cafde9529b,f0_va_02,0,validation,2,8b392bb73345c6a43e5493d25bf84d89f9d746c54d69a418407df71e77301fb5,83c6c82b0a93a89c,32,16,16,32,0,121,59,0.48760330578512395,0.5,5,False,False,False,b9360315517307fc33348df976ad230d147e86351c61ad6baba6a6d03e5b114a
1,a8c3dc736b9f31d3b0d9f4efeaf5efa1605388b19a0604087e15dc9987287cf1,695791aa55c330377336642cfbfca83e1329f54ff8b632f0c04683839dbe7447,143e482d711225c0611006d99bd7345d2fa1a5c16c65fbaf8399341a0d26aa38,41b419f6e098dade710ee8963ccd6245ce3ea9bd32687afbef1223cafde9529b,f0_va_03,0,validation,3,b11431063238b9a16f2be0e43c1658b35d29188561a2b31125bacf3b9a228a42,83c6c82b0a93a89c,32,16,16,32,0,121,59,0.48760330578512395,0.5,5,False,False,False,b9360315517307fc33348df976ad230d147e86351c61ad6baba6a6d03e5b114a
1,a8c3dc736b9f31d3b0d9f4efeaf5efa1605388b19a0604087e15dc9987287cf1,695791aa55c330377336642cfbfca83e1329f54ff8b632f0c04683839dbe7447,143e482d711225c0611006d99bd7345d2fa1a5c16c65fbaf8399341a0d26aa38,41b419f6e098dade710ee8963ccd6245ce3ea9bd32687afbef1223cafde9529b,f0_va_04,0,validation,4,b4fea32b4c603f05b8033accc4e01092b5eba9683edfa6415cfa29b44bc61ae7,83c6c82b0a93a89c,32,16,16,32,0,121,59,0.48760330578512395,0.5,5,False,False,False,b9360315517307fc33348df976ad230d147e86351c61ad6baba6a6d03e5b114a
1,a8c3dc736b9f31d3b0d9f4efeaf5efa1605388b19a0604087e15dc9987287cf1,695791aa55c330377336642cfbfca83e1329f54ff8b632f0c04683839dbe7447,143e482d711225c0611006d99bd7345d2fa1a5c16c65fbaf8399341a0d26aa38,41b419f6e098dade710ee8963ccd6245ce3ea9bd32687afbef1223cafde9529b,f0_va_05,0,validation,5,093d694fc154cb40cdca81779d1a7cb1a97f4df255e730edd846593b06772616,83c6c82b0a93a89c,32,16,16,32,0,121,59,0.48760330578512395,0.5,5,False,False,False,b9360315517307fc33348df976ad230d147e86351c61ad6baba6a6d03e5b114a
1,a8c3dc736b9f31d3b0d9f4efeaf5efa1605388b19a0604087e15dc9987287cf1,695791aa55c330377336642cfbfca83e1329f54ff8b632f0c04683839dbe7447,143e482d711225c0611006d99bd7345d2fa1a5c16c65fbaf8399341a0d26aa38,41b419f6e098dade710ee8963ccd6245ce3ea9bd32687afbef1223cafde9529b,f0_va_06,0,validation,6,d9747b412fecf5246a9ebe9eb4b674c4481b2c2faf169964c82410a5b0bfecdf,83c6c82b0a93a89c,32,16,16,32,0,121,59,0.48760330578512395,0.5,5,False,False,False,b9360315517307fc33348df976ad230d147e86351c61ad6baba6a6d03e5b114a
1,a8c3dc736b9f31d3b0d9f4efeaf5efa1605388b19a0604087e15dc9987287cf1,695791aa55c330377336642cfbfca83e1329f54ff8b632f0c04683839dbe7447,143e482d711225c0611006d99bd7345d2fa1a5c16c65fbaf8399341a0d26aa38,41b419f6e098dade710ee8963ccd6245ce3ea9bd32687afbef1223cafde9529b,f0_va_07,0,validation,7,1f68d0912c756a180f0e9526f0e7ab36b2fa19db8ca6f446fd5864a9198a0d74,83c6c82b0a93a89c,32,16,16,32,0,121,59,0.48760330578512395,0.5,5,False,False,False,b9360315517307fc33348df976ad230d147e86351c61ad6baba6a6d03e5b114a
1,a8c3dc736b9f31d3b0d9f4efeaf5efa1605388b19a0604087e15dc9987287cf1,695791aa55c330377336642cfbfca83e1329f54ff8b632f0c04683839dbe7447,143e482d711225c0611006d99bd7345d2fa1a5c16c65fbaf8399341a0d26aa38,41b419f6e098dade710ee8963ccd6245ce3ea9bd32687afbef1223cafde9529b,f1_tr_00,1,train,0,2820d5f220dd8b79d901d30be568c1d5c0a901130da4e4e995fb602cd4ec6942,83c6c82b0a93a89c,32,11,21,25,7,681,239,0.3509544787077827,0.34375,5,False,False,False,b9360315517307fc33348df976ad230d147e86351c61ad6baba6a6d03e5b114a
1,a8c3dc736b9f31d3b0d9f4efeaf5efa1605388b19a0604087e15dc9987287cf1,695791aa55c330377336642cfbfca83e1329f54ff8b632f0c04683839dbe7447,143e482d711225c0611006d99bd7345d2fa1a5c16c65fbaf8399341a0d26aa38,41b419f6e098dade710ee8963ccd6245ce3ea9bd32687afbef1223cafde9529b,f1_tr_01,1,train,1,5031551b5c11a6026f7c7e214229f51c9630f36c1de6f14b9421b73f2bf797a3,83c6c82b0a93a89c,32,11,21,25,7,681,239,0.3509544787077827,0.34375,5,False,False,False,b9360315517307fc33348df976ad230d147e86351c61ad6baba6a6d03e5b114a
1,a8c3dc736b9f31d3b0d9f4efeaf5efa1605388b19a0604087e15dc9987287cf1,695791aa55c330377336642cfbfca83e1329f54ff8b632f0c04683839dbe7447,143e482d711225c0611006d99bd7345d2fa1a5c16c65fbaf8399341a0d26aa38,41b419f6e098dade710ee8963ccd6245ce3ea9bd32687afbef1223cafde9529b,f1_tr_02,1,train,2,6667d2163b109e16e89b76d2a1156e4e320c109428b99808dc4feaa1d036bf9b,83c6c82b0a93a89c,32,11,21,25,7,681,239,0.3509544787077827,0.34375,5,False,False,False,b9360315517307fc33348df976ad230d147e86351c61ad6baba6a6d03e5b114a
1,a8c3dc736b9f31d3b0d9f4efeaf5efa1605388b19a0604087e15dc9987287cf1,695791aa55c330377336642cfbfca83e1329f54ff8b632f0c04683839dbe7447,143e482d711225c0611006d99bd7345d2fa1a5c16c65fbaf8399341a0d26aa38,41b419f6e098dade710ee8963ccd6245ce3ea9bd32687afbef1223cafde9529b,f1_tr_03,1,train,3,41501eb3fd04575aa5df18974a1bbc4f2bf90cfe3648fb1d327aebd92819e096,83c6c82b0a93a89c,32,11,21,25,7,681,239,0.3509544787077827,0.34375,5,False,False,False,b9360315517307fc33348df976ad230d147e86351c61ad6baba6a6d03e5b114a
1,a8c3dc736b9f31d3b0d9f4efeaf5efa1605388b19a0604087e15dc9987287cf1,695791aa55c330377336642cfbfca83e1329f54ff8b632f0c04683839dbe7447,143e482d711225c0611006d99bd7345d2fa1a5c16c65fbaf8399341a0d26aa38,41b419f6e098dade710ee8963ccd6245ce3ea9bd32687afbef1223cafde9529b,f1_tr_04,1,train,4,e8cb2b45109653eabc658a466746dc075094ec0f1e2ae0e8d499b1ca1e5fdb72,83c6c82b0a93a89c,32,11,21,25,7,681,239,0.3509544787077827,0.34375,5,False,False,False,b9360315517307fc33348df976ad230d147e86351c61ad6baba6a6d03e5b114a
1,a8c3dc736b9f31d3b0d9f4efeaf5efa1605388b19a0604087e15dc9987287cf1,695791aa55c330377336642cfbfca83e1329f54ff8b632f0c04683839dbe7447,143e482d711225c0611006d99bd7345d2fa1a5c16c65fbaf8399341a0d26aa38,41b419f6e098dade710ee8963ccd6245ce3ea9bd32687afbef1223cafde9529b,f1_tr_05,1,train,5,2f87a10aa1ff3eb1911c279d0f40fb00e9061ff4ce49dd231b358f9092a5e593,83c6c82b0a93a89c,32,11,21,25,7,681,239,0.3509544787077827,0.34375,5,False,False,False,b9360315517307fc33348df976ad230d147e86351c61ad6baba6a6d03e5b114a
1,a8c3dc736b9f31d3b0d9f4efeaf5efa1605388b19a0604087e15dc9987287cf1,695791aa55c330377336642cfbfca83e1329f54ff8b632f0c04683839dbe7447,143e482d711225c0611006d99bd7345d2fa1a5c16c65fbaf8399341a0d26aa38,41b419f6e098dade710ee8963ccd6245ce3ea9bd32687afbef1223cafde9529b,f1_tr_06,1,train,6,1b28d9a12e97bc3b0ec435da18ff85cdbba19cc8cf354aeaacb17de8bf979e45,83c6c82b0a93a89c,32,11,21,25,7,681,239,0.3509544787077827,0.34375,5,False,False,False,b9360315517307fc33348df976ad230d147e86351c61ad6baba6a6d03e5b114a
1,a8c3dc736b9f31d3b0d9f4efeaf5efa1605388b19a0604087e15dc9987287cf1,695791aa55c330377336642cfbfca83e1329f54ff8b632f0c04683839dbe7447,143e482d711225c0611006d99bd7345d2fa1a5c16c65fbaf8399341a0d26aa38,41b419f6e098dade710ee8963ccd6245ce3ea9bd32687afbef1223cafde9529b,f1_tr_07,1,train,7,edac8334b98378c2114f591fa194914da5fe27591bc2adbd9d80689e81826fec,83c6c82b0a93a89c,32,11,21,25,7,681,239,0.3509544787077827,0.34375,5,False,False,False,b9360315517307fc33348df976ad230d147e86351c61ad6baba6a6d03e5b114a
1,a8c3dc736b9f31d3b0d9f4efeaf5efa1605388b19a0604087e15dc9987287cf1,695791aa55c330377336642cfbfca83e1329f54ff8b632f0c04683839dbe7447,143e482d711225c0611006d99bd7345d2fa1a5c16c65fbaf8399341a0d26aa38,41b419f6e098dade710ee8963ccd6245ce3ea9bd32687afbef1223cafde9529b,f1_va_00,1,validation,0,de6a736628fe716e9a565acbe505495af7acd0e341186a8abe425e7c199f1ebb,83c6c82b0a93a89c,32,18,14,32,0,121,69,0.5702479338842975,0.5625,5,False,False,False,b9360315517307fc33348df976ad230d147e86351c61ad6baba6a6d03e5b114a
1,a8c3dc736b9f31d3b0d9f4efeaf5efa1605388b19a0604087e15dc9987287cf1,695791aa55c330377336642cfbfca83e1329f54ff8b632f0c04683839dbe7447,143e482d711225c0611006d99bd7345d2fa1a5c16c65fbaf8399341a0d26aa38,41b419f6e098dade710ee8963ccd6245ce3ea9bd32687afbef1223cafde9529b,f1_va_01,1,validation,1,82e55fa95870f9810a7daa39dc5534835b56f40b79fff3b2f0aee33bca46d074,83c6c82b0a93a89c,32,18,14,32,0,121,69,0.5702479338842975,0.5625,5,False,False,False,b9360315517307fc33348df976ad230d147e86351c61ad6baba6a6d03e5b114a
1,a8c3dc736b9f31d3b0d9f4efeaf5efa1605388b19a0604087e15dc9987287cf1,695791aa55c330377336642cfbfca83e1329f54ff8b632f0c04683839dbe7447,143e482d711225c0611006d99bd7345d2fa1a5c16c65fbaf8399341a0d26aa38,41b419f6e098dade710ee8963ccd6245ce3ea9bd32687afbef1223cafde9529b,f1_va_02,1,validation,2,e54ecad0be1a090efbe0670a02644688733111c2d4c525ee6cac79fac2643c39,83c6c82b0a93a89c,32,18,14,32,0,121,69,0.5702479338842975,0.5625,5,False,False,False,b9360315517307fc33348df976ad230d147e86351c61ad6baba6a6d03e5b114a
1,a8c3dc736b9f31d3b0d9f4efeaf5efa1605388b19a0604087e15dc9987287cf1,695791aa55c330377336642cfbfca83e1329f54ff8b632f0c04683839dbe7447,143e482d711225c0611006d99bd7345d2fa1a5c16c65fbaf8399341a0d26aa38,41b419f6e098dade710ee8963ccd6245ce3ea9bd32687afbef1223cafde9529b,f1_va_03,1,validation,3,1cd82adff85b3ce19c3120946787c3c5a781c3603fb9b8f9592d425b71282129,83c6c82b0a93a89c,32,18,14,32,0,121,69,0.5702479338842975,0.5625,5,False,False,False,b9360315517307fc33348df976ad230d147e86351c61ad6baba6a6d03e5b114a
1,a8c3dc736b9f31d3b0d9f4efeaf5efa1605388b19a0604087e15dc9987287cf1,695791aa55c330377336642cfbfca83e1329f54ff8b632f0c04683839dbe7447,143e482d711225c0611006d99bd7345d2fa1a5c16c65fbaf8399341a0d26aa38,41b419f6e098dade710ee8963ccd6245ce3ea9bd32687afbef1223cafde9529b,f1_va_04,1,validation,4,c5f28b451bbf6e53db12ab1b95f37763c650d6bae2745d5dd082aa513f934a74,83c6c82b0a93a89c,32,18,14,32,0,121,69,0.5702479338842975,0.5625,5,False,False,False,b9360315517307fc33348df976ad230d147e86351c61ad6baba6a6d03e5b114a
1,a8c3dc736b9f31d3b0d9f4efeaf5efa1605388b19a0604087e15dc9987287cf1,695791aa55c330377336642cfbfca83e1329f54ff8b632f0c04683839dbe7447,143e482d711225c0611006d99bd7345d2fa1a5c16c65fbaf8399341a0d26aa38,41b419f6e098dade710ee8963ccd6245ce3ea9bd32687afbef1223cafde9529b,f1_va_05,1,validation,5,63d3c80c506f46f965a9326bedd0e5203766f0588ca55a1184662ed0dbca44f5,83c6c82b0a93a89c,32,18,14,32,0,121,69,0.5702479338842975,0.5625,5,False,False,False,b9360315517307fc33348df976ad230d147e86351c61ad6baba6a6d03e5b114a
1,a8c3dc736b9f31d3b0d9f4efeaf5efa1605388b19a0604087e15dc9987287cf1,695791aa55c330377336642cfbfca83e1329f54ff8b632f0c04683839dbe7447,143e482d711225c0611006d99bd7345d2fa1a5c16c65fbaf8399341a0d26aa38,41b419f6e098dade710ee8963ccd6245ce3ea9bd32687afbef1223cafde9529b,f1_va_06,1,validation,6,1d1628891fb592bf062fb7952f0da8600e3c447d2d8ed930dec461b98aaa265c,83c6c82b0a93a89c,32,18,14,32,0,121,69,0.5702479338842975,0.5625,5,False,False,False,b9360315517307fc33348df976ad230d147e86351c61ad6baba6a6d03e5b114a
1,a8c3dc736b9f31d3b0d9f4efeaf5efa1605388b19a0604087e15dc9987287cf1,695791aa55c330377336642cfbfca83e1329f54ff8b632f0c04683839dbe7447,143e482d711225c0611006d99bd7345d2fa1a5c16c65fbaf8399341a0d26aa38,41b419f6e098dade710ee8963ccd6245ce3ea9bd32687afbef1223cafde9529b,f1_va_07,1,validation,7,a6973fd23cb6e8c57023f32fc36ed38b5b9457f2466d985911b8b8cba1237c9b,83c6c82b0a93a89c,32,18,14,32,0,121,69,0.5702479338842975,0.5625,5,False,False,False,b9360315517307fc33348df976ad230d147e86351c61ad6baba6a6d03e5b114a
1,a8c3dc736b9f31d3b0d9f4efeaf5efa1605388b19a0604087e15dc9987287cf1,695791aa55c330377336642cfbfca83e1329f54ff8b632f0c04683839dbe7447,143e482d711225c0611006d99bd7345d2fa1a5c16c65fbaf8399341a0d26aa38,41b419f6e098dade710ee8963ccd6245ce3ea9bd32687afbef1223cafde9529b,f2_tr_00,2,train,0,14978ff70d3a3549bff635d6158a50eda54edb51eb193b6a9db86ec2ce187d7a,83c6c82b0a93a89c,32,11,21,25,7,681,240,0.3524229074889868,0.34375,5,False,False,False,b9360315517307fc33348df976ad230d147e86351c61ad6baba6a6d03e5b114a
1,a8c3dc736b9f31d3b0d9f4efeaf5efa1605388b19a0604087e15dc9987287cf1,695791aa55c330377336642cfbfca83e1329f54ff8b632f0c04683839dbe7447,143e482d711225c0611006d99bd7345d2fa1a5c16c65fbaf8399341a0d26aa38,41b419f6e098dade710ee8963ccd6245ce3ea9bd32687afbef1223cafde9529b,f2_tr_01,2,train,1,7552762b934365d0e903348a443cafd7fbf2e9ef4506fd629881ab8a5ea70493,83c6c82b0a93a89c,32,11,21,25,7,681,240,0.3524229074889868,0.34375,5,False,False,False,b9360315517307fc33348df976ad230d147e86351c61ad6baba6a6d03e5b114a
1,a8c3dc736b9f31d3b0d9f4efeaf5efa1605388b19a0604087e15dc9987287cf1,695791aa55c330377336642cfbfca83e1329f54ff8b632f0c04683839dbe7447,143e482d711225c0611006d99bd7345d2fa1a5c16c65fbaf8399341a0d26aa38,41b419f6e098dade710ee8963ccd6245ce3ea9bd32687afbef1223cafde9529b,f2_tr_02,2,train,2,a35cfb2b066f6d79da15290ceb3c428c63d740c77f0b4ea851e59791c7ec0ceb,83c6c82b0a93a89c,32,11,21,25,7,681,240,0.3524229074889868,0.34375,5,False,False,False,b9360315517307fc33348df976ad230d147e86351c61ad6baba6a6d03e5b114a
1,a8c3dc736b9f31d3b0d9f4efeaf5efa1605388b19a0604087e15dc9987287cf1,695791aa55c330377336642cfbfca83e1329f54ff8b632f0c04683839dbe7447,143e482d711225c0611006d99bd7345d2fa1a5c16c65fbaf8399341a0d26aa38,41b419f6e098dade710ee8963ccd6245ce3ea9bd32687afbef1223cafde9529b,f2_tr_03,2,train,3,4641593680b03883ea004e48182a3315605129455b5dd9e2b94ff778dbc549ff,83c6c82b0a93a89c,32,11,21,25,7,681,240,0.3524229074889868,0.34375,5,False,False,False,b9360315517307fc33348df976ad230d147e86351c61ad6baba6a6d03e5b114a
1,a8c3dc736b9f31d3b0d9f4efeaf5efa1605388b19a0604087e15dc9987287cf1,695791aa55c330377336642cfbfca83e1329f54ff8b632f0c04683839dbe7447,143e482d711225c0611006d99bd7345d2fa1a5c16c65fbaf8399341a0d26aa38,41b419f6e098dade710ee8963ccd6245ce3ea9bd32687afbef1223cafde9529b,f2_tr_04,2,train,4,5c2cd96341b00e140890d6d5cabbcbaa7c022ad46e802a3235c89e066fb29906,83c6c82b0a93a89c,32,11,21,25,7,681,240,0.3524229074889868,0.34375,5,False,False,False,b9360315517307fc33348df976ad230d147e86351c61ad6baba6a6d03e5b114a
1,a8c3dc736b9f31d3b0d9f4efeaf5efa1605388b19a0604087e15dc9987287cf1,695791aa55c330377336642cfbfca83e1329f54ff8b632f0c04683839dbe7447,143e482d711225c0611006d99bd7345d2fa1a5c16c65fbaf8399341a0d26aa38,41b419f6e098dade710ee8963ccd6245ce3ea9bd32687afbef1223cafde9529b,f2_tr_05,2,train,5,faa94ff9e561f6178e68c967f9c7db7bb10a29fe2111b3da88d4fbec1402b87f,83c6c82b0a93a89c,32,11,21,25,7,681,240,0.3524229074889868,0.34375,5,False,False,False,b9360315517307fc33348df976ad230d147e86351c61ad6baba6a6d03e5b114a
1,a8c3dc736b9f31d3b0d9f4efeaf5efa1605388b19a0604087e15dc9987287cf1,695791aa55c330377336642cfbfca83e1329f54ff8b632f0c04683839dbe7447,143e482d711225c0611006d99bd7345d2fa1a5c16c65fbaf8399341a0d26aa38,41b419f6e098dade710ee8963ccd6245ce3ea9bd32687afbef1223cafde9529b,f2_tr_06,2,train,6,af07d469f2c210707814a655645187dbcaabadfbc92d3dee5f6824b95c05e0ec,83c6c82b0a93a89c,32,11,21,25,7,681,240,0.3524229074889868,0.34375,5,False,False,False,b9360315517307fc33348df976ad230d147e86351c61ad6baba6a6d03e5b114a
1,a8c3dc736b9f31d3b0d9f4efeaf5efa1605388b19a0604087e15dc9987287cf1,695791aa55c330377336642cfbfca83e1329f54ff8b632f0c04683839dbe7447,143e482d711225c0611006d99bd7345d2fa1a5c16c65fbaf8399341a0d26aa38,41b419f6e098dade710ee8963ccd6245ce3ea9bd32687afbef1223cafde9529b,f2_tr_07,2,train,7,1d2b14d33da42af6f5cc83b57ced28dcd9317254a83700ca1462dc3ebe3bc93b,83c6c82b0a93a89c,32,11,21,25,7,681,240,0.3524229074889868,0.34375,5,False,False,False,b9360315517307fc33348df976ad230d147e86351c61ad6baba6a6d03e5b114a
1,a8c3dc736b9f31d3b0d9f4efeaf5efa1605388b19a0604087e15dc9987287cf1,695791aa55c330377336642cfbfca83e1329f54ff8b632f0c04683839dbe7447,143e482d711225c0611006d99bd7345d2fa1a5c16c65fbaf8399341a0d26aa38,41b419f6e098dade710ee8963ccd6245ce3ea9bd32687afbef1223cafde9529b,f2_va_00,2,validation,0,fcf409623029c7d1814943248e939474aecdd2b940cc0e50f77eaab1eb568d71,83c6c82b0a93a89c,32,14,18,32,0,121,52,0.4297520661157025,0.4375,5,False,False,False,b9360315517307fc33348df976ad230d147e86351c61ad6baba6a6d03e5b114a
1,a8c3dc736b9f31d3b0d9f4efeaf5efa1605388b19a0604087e15dc9987287cf1,695791aa55c330377336642cfbfca83e1329f54ff8b632f0c04683839dbe7447,143e482d711225c0611006d99bd7345d2fa1a5c16c65fbaf8399341a0d26aa38,41b419f6e098dade710ee8963ccd6245ce3ea9bd32687afbef1223cafde9529b,f2_va_01,2,validation,1,60314f2a7cd822042c0f011ded98cf650640ff3768f638ff012fdb220311f021,83c6c82b0a93a89c,32,14,18,32,0,121,52,0.4297520661157025,0.4375,5,False,False,False,b9360315517307fc33348df976ad230d147e86351c61ad6baba6a6d03e5b114a
1,a8c3dc736b9f31d3b0d9f4efeaf5efa1605388b19a0604087e15dc9987287cf1,695791aa55c330377336642cfbfca83e1329f54ff8b632f0c04683839dbe7447,143e482d711225c0611006d99bd7345d2fa1a5c16c65fbaf8399341a0d26aa38,41b419f6e098dade710ee8963ccd6245ce3ea9bd32687afbef1223cafde9529b,f2_va_02,2,validation,2,d070c62f787959a6f48ac1e602b687dd9963846a7b3f5dc8151ad14b3a50ab08,83c6c82b0a93a89c,32,14,18,32,0,121,52,0.4297520661157025,0.4375,5,False,False,False,b9360315517307fc33348df976ad230d147e86351c61ad6baba6a6d03e5b114a
1,a8c3dc736b9f31d3b0d9f4efeaf5efa1605388b19a0604087e15dc9987287cf1,695791aa55c330377336642cfbfca83e1329f54ff8b632f0c04683839dbe7447,143e482d711225c0611006d99bd7345d2fa1a5c16c65fbaf8399341a0d26aa38,41b419f6e098dade710ee8963ccd6245ce3ea9bd32687afbef1223cafde9529b,f2_va_03,2,validation,3,13408d5edc32146a5f0eebb856edb8573b4cdaed8c478cc8e3da33117dbf218c,83c6c82b0a93a89c,32,14,18,32,0,121,52,0.4297520661157025,0.4375,5,False,False,False,b9360315517307fc33348df976ad230d147e86351c61ad6baba6a6d03e5b114a
1,a8c3dc736b9f31d3b0d9f4efeaf5efa1605388b19a0604087e15dc9987287cf1,695791aa55c330377336642cfbfca83e1329f54ff8b632f0c04683839dbe7447,143e482d711225c0611006d99bd7345d2fa1a5c16c65fbaf8399341a0d26aa38,41b419f6e098dade710ee8963ccd6245ce3ea9bd32687afbef1223cafde9529b,f2_va_04,2,validation,4,57c8f2732b7aa58053aa455b90253cc5a4d329aa7bef3e7a1d09c93928663037,83c6c82b0a93a89c,32,14,18,32,0,121,52,0.4297520661157025,0.4375,5,False,False,False,b9360315517307fc33348df976ad230d147e86351c61ad6baba6a6d03e5b114a
1,a8c3dc736b9f31d3b0d9f4efeaf5efa1605388b19a0604087e15dc9987287cf1,695791aa55c330377336642cfbfca83e1329f54ff8b632f0c04683839dbe7447,143e482d711225c0611006d99bd7345d2fa1a5c16c65fbaf8399341a0d26aa38,41b419f6e098dade710ee8963ccd6245ce3ea9bd32687afbef1223cafde9529b,f2_va_05,2,validation,5,75a3ff8545d8aed24b1ce3b6c43a5be80a00729a09269b8c7fa054410567ee6a,83c6c82b0a93a89c,32,14,18,32,0,121,52,0.4297520661157025,0.4375,5,False,False,False,b9360315517307fc33348df976ad230d147e86351c61ad6baba6a6d03e5b114a
1,a8c3dc736b9f31d3b0d9f4efeaf5efa1605388b19a0604087e15dc9987287cf1,695791aa55c330377336642cfbfca83e1329f54ff8b632f0c04683839dbe7447,143e482d711225c0611006d99bd7345d2fa1a5c16c65fbaf8399341a0d26aa38,41b419f6e098dade710ee8963ccd6245ce3ea9bd32687afbef1223cafde9529b,f2_va_06,2,validation,6,babaeffe28aa68db5eca9a844f827a17299c19523b5d4eba897d80cdeeb18d97,83c6c82b0a93a89c,32,14,18,32,0,121,52,0.4297520661157025,0.4375,5,False,False,False,b9360315517307fc33348df976ad230d147e86351c61ad6baba6a6d03e5b114a
1,a8c3dc736b9f31d3b0d9f4efeaf5efa1605388b19a0604087e15dc9987287cf1,695791aa55c330377336642cfbfca83e1329f54ff8b632f0c04683839dbe7447,143e482d711225c0611006d99bd7345d2fa1a5c16c65fbaf8399341a0d26aa38,41b419f6e098dade710ee8963ccd6245ce3ea9bd32687afbef1223cafde9529b,f2_va_07,2,validation,7,5ea68dc02038d346ed62f63105000396c0e5bd6e32195d0469fb720a7fddd93a,83c6c82b0a93a89c,32,14,18,32,0,121,52,0.4297520661157025,0.4375,5,False,False,False,b9360315517307fc33348df976ad230d147e86351c61ad6baba6a6d03e5b114a
1,a8c3dc736b9f31d3b0d9f4efeaf5efa1605388b19a0604087e15dc9987287cf1,695791aa55c330377336642cfbfca83e1329f54ff8b632f0c04683839dbe7447,143e482d711225c0611006d99bd7345d2fa1a5c16c65fbaf8399341a0d26aa38,41b419f6e098dade710ee8963ccd6245ce3ea9bd32687afbef1223cafde9529b,f3_tr_00,3,train,0,190a6ca881400106803a6624193c2e5ac28e2758fcda926b9caa4b4e9dab3891,83c6c82b0a93a89c,32,12,20,25,7,682,242,0.3548387096774194,0.375,5,False,False,False,b9360315517307fc33348df976ad230d147e86351c61ad6baba6a6d03e5b114a
1,a8c3dc736b9f31d3b0d9f4efeaf5efa1605388b19a0604087e15dc9987287cf1,695791aa55c330377336642cfbfca83e1329f54ff8b632f0c04683839dbe7447,143e482d711225c0611006d99bd7345d2fa1a5c16c65fbaf8399341a0d26aa38,41b419f6e098dade710ee8963ccd6245ce3ea9bd32687afbef1223cafde9529b,f3_tr_01,3,train,1,125b85015cb82d2d9ddba3f706945b2fabce4431accca01535eee8a1199ed6f8,83c6c82b0a93a89c,32,12,20,25,7,682,242,0.3548387096774194,0.375,5,False,False,False,b9360315517307fc33348df976ad230d147e86351c61ad6baba6a6d03e5b114a
1,a8c3dc736b9f31d3b0d9f4efeaf5efa1605388b19a0604087e15dc9987287cf1,695791aa55c330377336642cfbfca83e1329f54ff8b632f0c04683839dbe7447,143e482d711225c0611006d99bd7345d2fa1a5c16c65fbaf8399341a0d26aa38,41b419f6e098dade710ee8963ccd6245ce3ea9bd32687afbef1223cafde9529b,f3_tr_02,3,train,2,4bb927620f647350cef1ac9088fb1394040267878aec2014753d785cf27aac14,83c6c82b0a93a89c,32,12,20,25,7,682,242,0.3548387096774194,0.375,5,False,False,False,b9360315517307fc33348df976ad230d147e86351c61ad6baba6a6d03e5b114a
1,a8c3dc736b9f31d3b0d9f4efeaf5efa1605388b19a0604087e15dc9987287cf1,695791aa55c330377336642cfbfca83e1329f54ff8b632f0c04683839dbe7447,143e482d711225c0611006d99bd7345d2fa1a5c16c65fbaf8399341a0d26aa38,41b419f6e098dade710ee8963ccd6245ce3ea9bd32687afbef1223cafde9529b,f3_tr_03,3,train,3,6c950e0400eaeb6aba75746d31b95b3d2e9c15dfc77397e931f3269dec37e515,83c6c82b0a93a89c,32,12,20,25,7,682,242,0.3548387096774194,0.375,5,False,False,False,b9360315517307fc33348df976ad230d147e86351c61ad6baba6a6d03e5b114a
1,a8c3dc736b9f31d3b0d9f4efeaf5efa1605388b19a0604087e15dc9987287cf1,695791aa55c330377336642cfbfca83e1329f54ff8b632f0c04683839dbe7447,143e482d711225c0611006d99bd7345d2fa1a5c16c65fbaf8399341a0d26aa38,41b419f6e098dade710ee8963ccd6245ce3ea9bd32687afbef1223cafde9529b,f3_tr_04,3,train,4,18d18ded161cacf6a6331f7f5090c66295df5278c3073f37ffefec8d824c5926,83c6c82b0a93a89c,32,12,20,25,7,682,242,0.3548387096774194,0.375,5,False,False,False,b9360315517307fc33348df976ad230d147e86351c61ad6baba6a6d03e5b114a
1,a8c3dc736b9f31d3b0d9f4efeaf5efa1605388b19a0604087e15dc9987287cf1,695791aa55c330377336642cfbfca83e1329f54ff8b632f0c04683839dbe7447,143e482d711225c0611006d99bd7345d2fa1a5c16c65fbaf8399341a0d26aa38,41b419f6e098dade710ee8963ccd6245ce3ea9bd32687afbef1223cafde9529b,f3_tr_05,3,train,5,59a8bf885968ea28a01362634a7951354db1c081f9fea8c6b37332d387425b0f,83c6c82b0a93a89c,32,12,20,25,7,682,242,0.3548387096774194,0.375,5,False,False,False,b9360315517307fc33348df976ad230d147e86351c61ad6baba6a6d03e5b114a
1,a8c3dc736b9f31d3b0d9f4efeaf5efa1605388b19a0604087e15dc9987287cf1,695791aa55c330377336642cfbfca83e1329f54ff8b632f0c04683839dbe7447,143e482d711225c0611006d99bd7345d2fa1a5c16c65fbaf8399341a0d26aa38,41b419f6e098dade710ee8963ccd6245ce3ea9bd32687afbef1223cafde9529b,f3_tr_06,3,train,6,da2ea2d076d61234477f6e76ff98169abd4d0e7af6d26afc3081c1b25d3eb7b0,83c6c82b0a93a89c,32,12,20,25,7,682,242,0.3548387096774194,0.375,5,False,False,False,b9360315517307fc33348df976ad230d147e86351c61ad6baba6a6d03e5b114a
1,a8c3dc736b9f31d3b0d9f4efeaf5efa1605388b19a0604087e15dc9987287cf1,695791aa55c330377336642cfbfca83e1329f54ff8b632f0c04683839dbe7447,143e482d711225c0611006d99bd7345d2fa1a5c16c65fbaf8399341a0d26aa38,41b419f6e098dade710ee8963ccd6245ce3ea9bd32687afbef1223cafde9529b,f3_tr_07,3,train,7,237ccde44d3cf51c1b442008f67b89e1db66ea5e50701f29184553f636211477,83c6c82b0a93a89c,32,12,20,25,7,682,242,0.3548387096774194,0.375,5,False,False,False,b9360315517307fc33348df976ad230d147e86351c61ad6baba6a6d03e5b114a
1,a8c3dc736b9f31d3b0d9f4efeaf5efa1605388b19a0604087e15dc9987287cf1,695791aa55c330377336642cfbfca83e1329f54ff8b632f0c04683839dbe7447,143e482d711225c0611006d99bd7345d2fa1a5c16c65fbaf8399341a0d26aa38,41b419f6e098dade710ee8963ccd6245ce3ea9bd32687afbef1223cafde9529b,f3_va_00,3,validation,0,9f425ab7dbf5af6ebdb6743effa4ec46ceb991613f101b818a0fe1b4d556c991,83c6c82b0a93a89c,32,16,16,32,0,121,61,0.5041322314049587,0.5,5,False,False,False,b9360315517307fc33348df976ad230d147e86351c61ad6baba6a6d03e5b114a
1,a8c3dc736b9f31d3b0d9f4efeaf5efa1605388b19a0604087e15dc9987287cf1,695791aa55c330377336642cfbfca83e1329f54ff8b632f0c04683839dbe7447,143e482d711225c0611006d99bd7345d2fa1a5c16c65fbaf8399341a0d26aa38,41b419f6e098dade710ee8963ccd6245ce3ea9bd32687afbef1223cafde9529b,f3_va_01,3,validation,1,dc00882af405cccd9ee58e3ad97f62ed69f6a1f98635e897d10c91249fce5aa8,83c6c82b0a93a89c,32,16,16,32,0,121,61,0.5041322314049587,0.5,5,False,False,False,b9360315517307fc33348df976ad230d147e86351c61ad6baba6a6d03e5b114a
1,a8c3dc736b9f31d3b0d9f4efeaf5efa1605388b19a0604087e15dc9987287cf1,695791aa55c330377336642cfbfca83e1329f54ff8b632f0c04683839dbe7447,143e482d711225c0611006d99bd7345d2fa1a5c16c65fbaf8399341a0d26aa38,41b419f6e098dade710ee8963ccd6245ce3ea9bd32687afbef1223cafde9529b,f3_va_02,3,validation,2,026833df23dc9ce2251b634b7fc1ed97e34e9339831e33272eb97ba822429d63,83c6c82b0a93a89c,32,16,16,32,0,121,61,0.5041322314049587,0.5,5,False,False,False,b9360315517307fc33348df976ad230d147e86351c61ad6baba6a6d03e5b114a
1,a8c3dc736b9f31d3b0d9f4efeaf5efa1605388b19a0604087e15dc9987287cf1,695791aa55c330377336642cfbfca83e1329f54ff8b632f0c04683839dbe7447,143e482d711225c0611006d99bd7345d2fa1a5c16c65fbaf8399341a0d26aa38,41b419f6e098dade710ee8963ccd6245ce3ea9bd32687afbef1223cafde9529b,f3_va_03,3,validation,3,faac0fd7dfa817b51a22aee81e53bf34ffeeedd80703f9446b5877eace4055d3,83c6c82b0a93a89c,32,16,16,32,0,121,61,0.5041322314049587,0.5,5,False,False,False,b9360315517307fc33348df976ad230d147e86351c61ad6baba6a6d03e5b114a
1,a8c3dc736b9f31d3b0d9f4efeaf5efa1605388b19a0604087e15dc9987287cf1,695791aa55c330377336642cfbfca83e1329f54ff8b632f0c04683839dbe7447,143e482d711225c0611006d99bd7345d2fa1a5c16c65fbaf8399341a0d26aa38,41b419f6e098dade710ee8963ccd6245ce3ea9bd32687afbef1223cafde9529b,f3_va_04,3,validation,4,b185b1a958d9c0918c85cc3eb5462ca5eb3e2df08d3061ffa2f636d0e38f2374,83c6c82b0a93a89c,32,16,16,32,0,121,61,0.5041322314049587,0.5,5,False,False,False,b9360315517307fc33348df976ad230d147e86351c61ad6baba6a6d03e5b114a
1,a8c3dc736b9f31d3b0d9f4efeaf5efa1605388b19a0604087e15dc9987287cf1,695791aa55c330377336642cfbfca83e1329f54ff8b632f0c04683839dbe7447,143e482d711225c0611006d99bd7345d2fa1a5c16c65fbaf8399341a0d26aa38,41b419f6e098dade710ee8963ccd6245ce3ea9bd32687afbef1223cafde9529b,f3_va_05,3,validation,5,ff7dc1377d0765fcb619c41c73848033de0a8c6d0416ce6042c504f7c8f277be,83c6c82b0a93a89c,32,16,16,32,0,121,61,0.5041322314049587,0.5,5,False,False,False,b9360315517307fc33348df976ad230d147e86351c61ad6baba6a6d03e5b114a
1,a8c3dc736b9f31d3b0d9f4efeaf5efa1605388b19a0604087e15dc9987287cf1,695791aa55c330377336642cfbfca83e1329f54ff8b632f0c04683839dbe7447,143e482d711225c0611006d99bd7345d2fa1a5c16c65fbaf8399341a0d26aa38,41b419f6e098dade710ee8963ccd6245ce3ea9bd32687afbef1223cafde9529b,f3_va_06,3,validation,6,e74eeb1aa4684ba07dfeb75beeb10484c3a24556458764141db8252eade2ce54,83c6c82b0a93a89c,32,16,16,32,0,121,61,0.5041322314049587,0.5,5,False,False,False,b9360315517307fc33348df976ad230d147e86351c61ad6baba6a6d03e5b114a
1,a8c3dc736b9f31d3b0d9f4efeaf5efa1605388b19a0604087e15dc9987287cf1,695791aa55c330377336642cfbfca83e1329f54ff8b632f0c04683839dbe7447,143e482d711225c0611006d99bd7345d2fa1a5c16c65fbaf8399341a0d26aa38,41b419f6e098dade710ee8963ccd6245ce3ea9bd32687afbef1223cafde9529b,f3_va_07,3,validation,7,d595a538c5f027bb6dd1e3b40923ec6269766845daa25b29e79b755304b0c2c7,83c6c82b0a93a89c,32,16,16,32,0,121,61,0.5041322314049587,0.5,5,False,False,False,b9360315517307fc33348df976ad230d147e86351c61ad6baba6a6d03e5b114a
1,a8c3dc736b9f31d3b0d9f4efeaf5efa1605388b19a0604087e15dc9987287cf1,695791aa55c330377336642cfbfca83e1329f54ff8b632f0c04683839dbe7447,143e482d711225c0611006d99bd7345d2fa1a5c16c65fbaf8399341a0d26aa38,41b419f6e098dade710ee8963ccd6245ce3ea9bd32687afbef1223cafde9529b,f4_tr_00,4,train,0,a33a77800b015772de6408116ba47b6d3fdfd60d7ac224b632bc4c4aaa8bfec4,83c6c82b0a93a89c,32,11,21,25,7,682,225,0.32991202346041054,0.34375,5,False,False,False,b9360315517307fc33348df976ad230d147e86351c61ad6baba6a6d03e5b114a
1,a8c3dc736b9f31d3b0d9f4efeaf5efa1605388b19a0604087e15dc9987287cf1,695791aa55c330377336642cfbfca83e1329f54ff8b632f0c04683839dbe7447,143e482d711225c0611006d99bd7345d2fa1a5c16c65fbaf8399341a0d26aa38,41b419f6e098dade710ee8963ccd6245ce3ea9bd32687afbef1223cafde9529b,f4_tr_01,4,train,1,68639d960893338426cca031f25b6b925399dc000907b13a735cc30da55b26fb,83c6c82b0a93a89c,32,11,21,25,7,682,225,0.32991202346041054,0.34375,5,False,False,False,b9360315517307fc33348df976ad230d147e86351c61ad6baba6a6d03e5b114a
1,a8c3dc736b9f31d3b0d9f4efeaf5efa1605388b19a0604087e15dc9987287cf1,695791aa55c330377336642cfbfca83e1329f54ff8b632f0c04683839dbe7447,143e482d711225c0611006d99bd7345d2fa1a5c16c65fbaf8399341a0d26aa38,41b419f6e098dade710ee8963ccd6245ce3ea9bd32687afbef1223cafde9529b,f4_tr_02,4,train,2,09908787ff0dd3f2fec6fecfc9626decba6a1e572aea7aaa200af4f1c9368cd1,83c6c82b0a93a89c,32,11,21,25,7,682,225,0.32991202346041054,0.34375,5,False,False,False,b9360315517307fc33348df976ad230d147e86351c61ad6baba6a6d03e5b114a
1,a8c3dc736b9f31d3b0d9f4efeaf5efa1605388b19a0604087e15dc9987287cf1,695791aa55c330377336642cfbfca83e1329f54ff8b632f0c04683839dbe7447,143e482d711225c0611006d99bd7345d2fa1a5c16c65fbaf8399341a0d26aa38,41b419f6e098dade710ee8963ccd6245ce3ea9bd32687afbef1223cafde9529b,f4_tr_03,4,train,3,3f5fe19aa40e41d0835ed5e5272730ede80b2902b46bac8dab43e640fda3ee94,83c6c82b0a93a89c,32,11,21,25,7,682,225,0.32991202346041054,0.34375,5,False,False,False,b9360315517307fc33348df976ad230d147e86351c61ad6baba6a6d03e5b114a
1,a8c3dc736b9f31d3b0d9f4efeaf5efa1605388b19a0604087e15dc9987287cf1,695791aa55c330377336642cfbfca83e1329f54ff8b632f0c04683839dbe7447,143e482d711225c0611006d99bd7345d2fa1a5c16c65fbaf8399341a0d26aa38,41b419f6e098dade710ee8963ccd6245ce3ea9bd32687afbef1223cafde9529b,f4_tr_04,4,train,4,cd1dfc03b7f7ea5f6c0e5f7270ecb281c62646bf73bb53492fe393f08a170d69,83c6c82b0a93a89c,32,11,21,25,7,682,225,0.32991202346041054,0.34375,5,False,False,False,b9360315517307fc33348df976ad230d147e86351c61ad6baba6a6d03e5b114a
1,a8c3dc736b9f31d3b0d9f4efeaf5efa1605388b19a0604087e15dc9987287cf1,695791aa55c330377336642cfbfca83e1329f54ff8b632f0c04683839dbe7447,143e482d711225c0611006d99bd7345d2fa1a5c16c65fbaf8399341a0d26aa38,41b419f6e098dade710ee8963ccd6245ce3ea9bd32687afbef1223cafde9529b,f4_tr_05,4,train,5,6bdb19d295590f0ba140b6d2ac91be830afd80ba63df910b5b5e709a37bb3397,83c6c82b0a93a89c,32,11,21,25,7,682,225,0.32991202346041054,0.34375,5,False,False,False,b9360315517307fc33348df976ad230d147e86351c61ad6baba6a6d03e5b114a
1,a8c3dc736b9f31d3b0d9f4efeaf5efa1605388b19a0604087e15dc9987287cf1,695791aa55c330377336642cfbfca83e1329f54ff8b632f0c04683839dbe7447,143e482d711225c0611006d99bd7345d2fa1a5c16c65fbaf8399341a0d26aa38,41b419f6e098dade710ee8963ccd6245ce3ea9bd32687afbef1223cafde9529b,f4_tr_06,4,train,6,3b614fa50d71b9a2da527442ae59d1561010b8dab2265e7e9838bcf9133f1cea,83c6c82b0a93a89c,32,11,21,25,7,682,225,0.32991202346041054,0.34375,5,False,False,False,b9360315517307fc33348df976ad230d147e86351c61ad6baba6a6d03e5b114a
1,a8c3dc736b9f31d3b0d9f4efeaf5efa1605388b19a0604087e15dc9987287cf1,695791aa55c330377336642cfbfca83e1329f54ff8b632f0c04683839dbe7447,143e482d711225c0611006d99bd7345d2fa1a5c16c65fbaf8399341a0d26aa38,41b419f6e098dade710ee8963ccd6245ce3ea9bd32687afbef1223cafde9529b,f4_tr_07,4,train,7,07ed787188f95b4843d27e151e938fdef41a07c1cce36f786db51ee5b7a8a851,83c6c82b0a93a89c,32,11,21,25,7,682,225,0.32991202346041054,0.34375,5,False,False,False,b9360315517307fc33348df976ad230d147e86351c61ad6baba6a6d03e5b114a
1,a8c3dc736b9f31d3b0d9f4efeaf5efa1605388b19a0604087e15dc9987287cf1,695791aa55c330377336642cfbfca83e1329f54ff8b632f0c04683839dbe7447,143e482d711225c0611006d99bd7345d2fa1a5c16c65fbaf8399341a0d26aa38,41b419f6e098dade710ee8963ccd6245ce3ea9bd32687afbef1223cafde9529b,f4_va_00,4,validation,0,48f3844cc2e8f05e89416cbaaa9f2e1513ad94ac82b1397d24492b606b945287,83c6c82b0a93a89c,32,17,15,32,0,121,66,0.5454545454545454,0.53125,5,False,False,False,b9360315517307fc33348df976ad230d147e86351c61ad6baba6a6d03e5b114a
1,a8c3dc736b9f31d3b0d9f4efeaf5efa1605388b19a0604087e15dc9987287cf1,695791aa55c330377336642cfbfca83e1329f54ff8b632f0c04683839dbe7447,143e482d711225c0611006d99bd7345d2fa1a5c16c65fbaf8399341a0d26aa38,41b419f6e098dade710ee8963ccd6245ce3ea9bd32687afbef1223cafde9529b,f4_va_01,4,validation,1,b1f5e9cc2c471e747d2ae8961e457a28f357ec3c8426af4fc25cddaafb07b7b5,83c6c82b0a93a89c,32,17,15,32,0,121,66,0.5454545454545454,0.53125,5,False,False,False,b9360315517307fc33348df976ad230d147e86351c61ad6baba6a6d03e5b114a
1,a8c3dc736b9f31d3b0d9f4efeaf5efa1605388b19a0604087e15dc9987287cf1,695791aa55c330377336642cfbfca83e1329f54ff8b632f0c04683839dbe7447,143e482d711225c0611006d99bd7345d2fa1a5c16c65fbaf8399341a0d26aa38,41b419f6e098dade710ee8963ccd6245ce3ea9bd32687afbef1223cafde9529b,f4_va_02,4,validation,2,4f05cf7c41abb4ce65caf47677e86c2adda735fa1ce7683d68d85c88845cf619,83c6c82b0a93a89c,32,17,15,32,0,121,66,0.5454545454545454,0.53125,5,False,False,False,b9360315517307fc33348df976ad230d147e86351c61ad6baba6a6d03e5b114a
1,a8c3dc736b9f31d3b0d9f4efeaf5efa1605388b19a0604087e15dc9987287cf1,695791aa55c330377336642cfbfca83e1329f54ff8b632f0c04683839dbe7447,143e482d711225c0611006d99bd7345d2fa1a5c16c65fbaf8399341a0d26aa38,41b419f6e098dade710ee8963ccd6245ce3ea9bd32687afbef1223cafde9529b,f4_va_03,4,validation,3,f16d35ffde926e5f448a729f8fe38acb4e3f4082e06d52ca25d78178c3a4ebb4,83c6c82b0a93a89c,32,17,15,32,0,121,66,0.5454545454545454,0.53125,5,False,False,False,b9360315517307fc33348df976ad230d147e86351c61ad6baba6a6d03e5b114a
1,a8c3dc736b9f31d3b0d9f4efeaf5efa1605388b19a0604087e15dc9987287cf1,695791aa55c330377336642cfbfca83e1329f54ff8b632f0c04683839dbe7447,143e482d711225c0611006d99bd7345d2fa1a5c16c65fbaf8399341a0d26aa38,41b419f6e098dade710ee8963ccd6245ce3ea9bd32687afbef1223cafde9529b,f4_va_04,4,validation,4,eaf3062487be65df273a001884e3084335075253e147ff8001214097d9c54111,83c6c82b0a93a89c,32,17,15,32,0,121,66,0.5454545454545454,0.53125,5,False,False,False,b9360315517307fc33348df976ad230d147e86351c61ad6baba6a6d03e5b114a
1,a8c3dc736b9f31d3b0d9f4efeaf5efa1605388b19a0604087e15dc9987287cf1,695791aa55c330377336642cfbfca83e1329f54ff8b632f0c04683839dbe7447,143e482d711225c0611006d99bd7345d2fa1a5c16c65fbaf8399341a0d26aa38,41b419f6e098dade710ee8963ccd6245ce3ea9bd32687afbef1223cafde9529b,f4_va_05,4,validation,5,d1df96b9470db9e0f6d2030d5d2eea4e609e4ad25bcd71508f0be4943494d195,83c6c82b0a93a89c,32,17,15,32,0,121,66,0.5454545454545454,0.53125,5,False,False,False,b9360315517307fc33348df976ad230d147e86351c61ad6baba6a6d03e5b114a
1,a8c3dc736b9f31d3b0d9f4efeaf5efa1605388b19a0604087e15dc9987287cf1,695791aa55c330377336642cfbfca83e1329f54ff8b632f0c04683839dbe7447,143e482d711225c0611006d99bd7345d2fa1a5c16c65fbaf8399341a0d26aa38,41b419f6e098dade710ee8963ccd6245ce3ea9bd32687afbef1223cafde9529b,f4_va_06,4,validation,6,461313916963a906d58d600c64f85988e38b1d1a3ab895bbca880a0cee27d4db,83c6c82b0a93a89c,32,17,15,32,0,121,66,0.5454545454545454,0.53125,5,False,False,False,b9360315517307fc33348df976ad230d147e86351c61ad6baba6a6d03e5b114a
1,a8c3dc736b9f31d3b0d9f4efeaf5efa1605388b19a0604087e15dc9987287cf1,695791aa55c330377336642cfbfca83e1329f54ff8b632f0c04683839dbe7447,143e482d711225c0611006d99bd7345d2fa1a5c16c65fbaf8399341a0d26aa38,41b419f6e098dade710ee8963ccd6245ce3ea9bd32687afbef1223cafde9529b,f4_va_07,4,validation,7,3e8e5e6ea7e60912beb3f26c4164bd70f35a5fb066cd79f8c81c48fe0b7ad60d,83c6c82b0a93a89c,32,17,15,32,0,121,66,0.5454545454545454,0.53125,5,False,False,False,b9360315517307fc33348df976ad230d147e86351c61ad6baba6a6d03e5b114a
