population,seed,arm,timing,representation,target,n_folds,n,n_positive,n_negative,n_classes,auroc,auprc,balanced_accuracy,brier,class_counts
full_808,2026,LOCAL0,T0,pca16,HER2,5,808,201.0,607.0,2,0.542780332276017,0.30014223838447057,0.526465694591294,0.2484918265854473,"{""0"":607,""1"":201}"
full_808,2026,LOCAL0,T0,pca16,HR,5,808,453.0,355.0,2,0.519422939402419,0.5815198278761666,0.5102011628268508,0.24976127125515524,"{""0"":355,""1"":453}"
full_808,2026,LOCAL0,T0,pca16,subtype_4class,5,808,,,4,0.5212459273015991,0.25799388376398924,0.24268696366544046,,"{""HR+/HER2+"":133,""HR+/HER2-"":320,""HR-/HER2+"":68,""HR-/HER2-"":287}"
full_808,2026,LOCAL0,T0,pca32,HER2,5,808,201.0,607.0,2,0.5314531133459556,0.2721587774321499,0.5138639586253249,0.2519698180904503,"{""0"":607,""1"":201}"
full_808,2026,LOCAL0,T0,pca32,HR,5,808,453.0,355.0,2,0.5317663153312813,0.5799605859247909,0.48842458725865123,0.25903863134069927,"{""0"":355,""1"":453}"
full_808,2026,LOCAL0,T0,pca32,subtype_4class,5,808,,,4,0.5048928062734361,0.2508857635609546,0.24978350253772882,,"{""HR+/HER2+"":133,""HR+/HER2-"":320,""HR-/HER2+"":68,""HR-/HER2-"":287}"
full_808,2026,LOCAL0,T0,raw,HER2,5,808,201.0,607.0,2,0.5211422295442064,0.2600034921689589,0.5250641356643471,0.2820352170213299,"{""0"":607,""1"":201}"
full_808,2026,LOCAL0,T0,raw,HR,5,808,453.0,355.0,2,0.4959363243478532,0.5652803169072781,0.5138171190498398,0.2839742603903561,"{""0"":355,""1"":453}"
full_808,2026,LOCAL0,T0,raw,subtype_4class,5,808,,,4,0.5012513248967336,0.24888535124790473,0.26148538041660824,,"{""HR+/HER2+"":133,""HR+/HER2-"":320,""HR-/HER2+"":68,""HR-/HER2-"":287}"
full_808,2026,LOCAL0,T1,pca16,HER2,5,808,201.0,607.0,2,0.5397559156441843,0.29777856983097906,0.5420672584359914,0.2508468108727162,"{""0"":607,""1"":201}"
full_808,2026,LOCAL0,T1,pca16,HR,5,808,453.0,355.0,2,0.4965332835867301,0.5606974781308145,0.49292043652644346,0.25487216126496054,"{""0"":355,""1"":453}"
full_808,2026,LOCAL0,T1,pca16,subtype_4class,5,808,,,4,0.5312294493150665,0.26271750153945245,0.2793434334581072,,"{""HR+/HER2+"":133,""HR+/HER2-"":320,""HR-/HER2+"":68,""HR-/HER2-"":287}"
full_808,2026,LOCAL0,T1,pca32,HER2,5,808,201.0,607.0,2,0.5394198693517586,0.2802015990638064,0.5312768939487078,0.2513901473694511,"{""0"":607,""1"":201}"
full_808,2026,LOCAL0,T1,pca32,HR,5,808,453.0,355.0,2,0.5013587041009856,0.5732845787790485,0.4877592264403196,0.2527307574321749,"{""0"":355,""1"":453}"
full_808,2026,LOCAL0,T1,pca32,subtype_4class,5,808,,,4,0.5173547250237364,0.25854742222933147,0.2808809539541105,,"{""HR+/HER2+"":133,""HR+/HER2-"":320,""HR-/HER2+"":68,""HR-/HER2-"":287}"
full_808,2026,LOCAL0,T1,raw,HER2,5,808,201.0,607.0,2,0.5536649536502004,0.28726037598744264,0.5557590957895858,0.26059382888372745,"{""0"":607,""1"":201}"
full_808,2026,LOCAL0,T1,raw,HR,5,808,453.0,355.0,2,0.49705562292074745,0.5558451309001655,0.49364487143612223,0.30961891850213646,"{""0"":355,""1"":453}"
full_808,2026,LOCAL0,T1,raw,subtype_4class,5,808,,,4,0.534065314877191,0.264607490499621,0.28852841561849385,,"{""HR+/HER2+"":133,""HR+/HER2-"":320,""HR-/HER2+"":68,""HR-/HER2-"":287}"
full_808,2026,LOCAL0,T2,pca16,HER2,5,808,201.0,607.0,2,0.5546075225191996,0.32648875822445234,0.5263509470768071,0.2498941016793018,"{""0"":607,""1"":201}"
full_808,2026,LOCAL0,T2,pca16,HR,5,808,453.0,355.0,2,0.5238255137891366,0.5774493440145332,0.5343220470727233,0.2555902685226207,"{""0"":355,""1"":453}"
full_808,2026,LOCAL0,T2,pca16,subtype_4class,5,808,,,4,0.5491669879379738,0.27772725599219733,0.3000294377218153,,"{""HR+/HER2+"":133,""HR+/HER2-"":320,""HR-/HER2+"":68,""HR-/HER2-"":287}"
full_808,2026,LOCAL0,T2,pca32,HER2,5,808,201.0,607.0,2,0.5606153745276911,0.31872851472065655,0.5380797823075725,0.2491056622821044,"{""0"":607,""1"":201}"
full_808,2026,LOCAL0,T2,pca32,HR,5,808,453.0,355.0,2,0.512899916052607,0.5784828646149482,0.5223828622951839,0.2529592915555922,"{""0"":355,""1"":453}"
full_808,2026,LOCAL0,T2,pca32,subtype_4class,5,808,,,4,0.5438381099921108,0.27807418166484515,0.29332623333351315,,"{""HR+/HER2+"":133,""HR+/HER2-"":320,""HR-/HER2+"":68,""HR-/HER2-"":287}"
full_808,2026,LOCAL0,T2,raw,HER2,5,808,201.0,607.0,2,0.549935659429377,0.28903784922908965,0.552595342890162,0.2707553530941812,"{""0"":607,""1"":201}"
full_808,2026,LOCAL0,T2,raw,HR,5,808,453.0,355.0,2,0.5379784224108448,0.5843872077655258,0.5175481142928209,0.31027363301379923,"{""0"":355,""1"":453}"
full_808,2026,LOCAL0,T2,raw,subtype_4class,5,808,,,4,0.5364774498334228,0.26868374029224484,0.29971469934250977,,"{""HR+/HER2+"":133,""HR+/HER2-"":320,""HR-/HER2+"":68,""HR-/HER2-"":287}"
full_808,2026,LOCAL0,T3,pca16,HER2,5,808,201.0,607.0,2,0.5680001967100248,0.31698870364072385,0.5617874384256641,0.24704783803414349,"{""0"":607,""1"":201}"
full_808,2026,LOCAL0,T3,pca16,HR,5,808,453.0,355.0,2,0.5155986692783634,0.5738135279043735,0.5252619469576844,0.2536729393128526,"{""0"":355,""1"":453}"
full_808,2026,LOCAL0,T3,pca16,subtype_4class,5,808,,,4,0.5395736846562081,0.27390260345224593,0.297544971534827,,"{""HR+/HER2+"":133,""HR+/HER2-"":320,""HR-/HER2+"":68,""HR-/HER2-"":287}"
full_808,2026,LOCAL0,T3,pca32,HER2,5,808,201.0,607.0,2,0.5458949076692321,0.29559907323303847,0.5240273099084478,0.25139106036487296,"{""0"":607,""1"":201}"
full_808,2026,LOCAL0,T3,pca32,HR,5,808,453.0,355.0,2,0.5124832882504742,0.579965843266681,0.5201971209153375,0.2541310419241985,"{""0"":355,""1"":453}"
full_808,2026,LOCAL0,T3,pca32,subtype_4class,5,808,,,4,0.5365762450982078,0.27848867927441356,0.28816499080376695,,"{""HR+/HER2+"":133,""HR+/HER2-"":320,""HR-/HER2+"":68,""HR-/HER2-"":287}"
full_808,2026,LOCAL0,T3,raw,HER2,5,808,201.0,607.0,2,0.5445261337464243,0.3064866073661908,0.5242281180587999,0.25131602506248724,"{""0"":607,""1"":201}"
full_808,2026,LOCAL0,T3,raw,HR,5,808,453.0,355.0,2,0.5347324565494512,0.5839843126785955,0.5243820539128813,0.33290661037345054,"{""0"":355,""1"":453}"
full_808,2026,LOCAL0,T3,raw,subtype_4class,5,808,,,4,0.549915917322843,0.27969429212731417,0.30379337871220374,,"{""HR+/HER2+"":133,""HR+/HER2-"":320,""HR-/HER2+"":68,""HR-/HER2-"":287}"
full_808,2026,LOCAL3,T0,pca16,HER2,5,808,201.0,607.0,2,0.5246420287360561,0.27142156743413837,0.5223470784463187,0.25144500288626126,"{""0"":607,""1"":201}"
full_808,2026,LOCAL3,T0,pca16,HR,5,808,453.0,355.0,2,0.5234275409632185,0.5834917586532535,0.4962379131299941,0.2513058531958302,"{""0"":355,""1"":453}"
full_808,2026,LOCAL3,T0,pca16,subtype_4class,5,808,,,4,0.514764779901805,0.2530438882306282,0.24677123055576533,,"{""HR+/HER2+"":133,""HR+/HER2-"":320,""HR-/HER2+"":68,""HR-/HER2-"":287}"
full_808,2026,LOCAL3,T0,pca32,HER2,5,808,201.0,607.0,2,0.5196751006089815,0.2735654163499701,0.49882383797650953,0.2527004874796762,"{""0"":607,""1"":201}"
full_808,2026,LOCAL3,T0,pca32,HR,5,808,453.0,355.0,2,0.5455399061032864,0.5959568995856344,0.5079532381929546,0.25317776091242167,"{""0"":355,""1"":453}"
full_808,2026,LOCAL3,T0,pca32,subtype_4class,5,808,,,4,0.5161323279993881,0.257169278565722,0.2569623709560846,,"{""HR+/HER2+"":133,""HR+/HER2-"":320,""HR-/HER2+"":68,""HR-/HER2-"":287}"
full_808,2026,LOCAL3,T0,raw,HER2,5,808,201.0,607.0,2,0.524461711213291,0.2576334205046974,0.5383133754620637,0.266509762018985,"{""0"":607,""1"":201}"
full_808,2026,LOCAL3,T0,raw,HR,5,808,453.0,355.0,2,0.5359325933526102,0.5934846044065184,0.5182787675279048,0.27148466474810623,"{""0"":355,""1"":453}"
full_808,2026,LOCAL3,T0,raw,subtype_4class,5,808,,,4,0.5108044567783561,0.25073276372742975,0.23915296221184237,,"{""HR+/HER2+"":133,""HR+/HER2-"":320,""HR-/HER2+"":68,""HR-/HER2-"":287}"
full_808,2026,LOCAL3,T1,pca16,HER2,5,808,201.0,607.0,2,0.5628775398132895,0.30649644539605025,0.5511609989590762,0.24852608331873008,"{""0"":607,""1"":201}"
full_808,2026,LOCAL3,T1,pca16,HR,5,808,453.0,355.0,2,0.4969001647856232,0.5535472306075029,0.5169853558436713,0.2547253109683615,"{""0"":355,""1"":453}"
full_808,2026,LOCAL3,T1,pca16,subtype_4class,5,808,,,4,0.5304633591535803,0.2658507988852706,0.2583523320271626,,"{""HR+/HER2+"":133,""HR+/HER2-"":320,""HR-/HER2+"":68,""HR-/HER2-"":287}"
full_808,2026,LOCAL3,T1,pca32,HER2,5,808,201.0,607.0,2,0.5518699746735843,0.283086715004665,0.5335513536108584,0.24864888805379062,"{""0"":607,""1"":201}"
full_808,2026,LOCAL3,T1,pca32,HR,5,808,453.0,355.0,2,0.498336597954171,0.568072453809981,0.5038957808662128,0.2546411273877174,"{""0"":355,""1"":453}"
full_808,2026,LOCAL3,T1,pca32,subtype_4class,5,808,,,4,0.5242841075431667,0.2651713782078615,0.2727989635359921,,"{""HR+/HER2+"":133,""HR+/HER2-"":320,""HR-/HER2+"":68,""HR-/HER2-"":287}"
full_808,2026,LOCAL3,T1,raw,HER2,5,808,201.0,607.0,2,0.5545173637578171,0.3004974116349242,0.5445056431188375,0.24936077538769022,"{""0"":607,""1"":201}"
full_808,2026,LOCAL3,T1,raw,HR,5,808,453.0,355.0,2,0.4998041227497435,0.5512304062022603,0.5008425830923733,0.31324989156485217,"{""0"":355,""1"":453}"
full_808,2026,LOCAL3,T1,raw,subtype_4class,5,808,,,4,0.5161815153156558,0.2553301134506524,0.27956526561202144,,"{""HR+/HER2+"":133,""HR+/HER2-"":320,""HR-/HER2+"":68,""HR-/HER2-"":287}"
full_808,2026,LOCAL3,T2,pca16,HER2,5,808,201.0,607.0,2,0.55368134615227,0.3120165776993239,0.5443089330940029,0.24767820244954128,"{""0"":607,""1"":201}"
full_808,2026,LOCAL3,T2,pca16,HR,5,808,453.0,355.0,2,0.5428971178061748,0.5863004327368296,0.5131797406958306,0.2548340892185958,"{""0"":355,""1"":453}"
full_808,2026,LOCAL3,T2,pca16,subtype_4class,5,808,,,4,0.5532950870240465,0.28454874310300704,0.30102315677554714,,"{""HR+/HER2+"":133,""HR+/HER2-"":320,""HR-/HER2+"":68,""HR-/HER2-"":287}"
full_808,2026,LOCAL3,T2,pca32,HER2,5,808,201.0,607.0,2,0.5346168662453794,0.2870319621068529,0.5264820870933635,0.2524863405746222,"{""0"":607,""1"":201}"
full_808,2026,LOCAL3,T2,pca32,HR,5,808,453.0,355.0,2,0.5052016292012561,0.5716822145594864,0.519404284426204,0.2561271830152605,"{""0"":355,""1"":453}"
full_808,2026,LOCAL3,T2,pca32,subtype_4class,5,808,,,4,0.5364739273761523,0.27408896191495624,0.27558759142296196,,"{""HR+/HER2+"":133,""HR+/HER2-"":320,""HR-/HER2+"":68,""HR-/HER2-"":287}"
full_808,2026,LOCAL3,T2,raw,HER2,5,808,201.0,607.0,2,0.5637053611678019,0.31930384811848167,0.545198226331276,0.25062198746622244,"{""0"":607,""1"":201}"
full_808,2026,LOCAL3,T2,raw,HR,5,808,453.0,355.0,2,0.538441687653515,0.5835325114169564,0.5285856418866399,0.2999694112672756,"{""0"":355,""1"":453}"
full_808,2026,LOCAL3,T2,raw,subtype_4class,5,808,,,4,0.5522352042659404,0.2778226206258806,0.31693391252521547,,"{""HR+/HER2+"":133,""HR+/HER2-"":320,""HR-/HER2+"":68,""HR-/HER2-"":287}"
full_808,2026,LOCAL3,T3,pca16,HER2,5,808,201.0,607.0,2,0.5629595023236371,0.3191295899789348,0.5371413115640906,0.24652303129113462,"{""0"":607,""1"":201}"
full_808,2026,LOCAL3,T3,pca16,HR,5,808,453.0,355.0,2,0.5223952989459938,0.572297455160673,0.5246929701831297,0.2530416758642731,"{""0"":355,""1"":453}"
full_808,2026,LOCAL3,T3,pca16,subtype_4class,5,808,,,4,0.5433433492269459,0.2740050737149977,0.27841325032901476,,"{""HR+/HER2+"":133,""HR+/HER2-"":320,""HR-/HER2+"":68,""HR-/HER2-"":287}"
full_808,2026,LOCAL3,T3,pca32,HER2,5,808,201.0,607.0,2,0.5561812027178769,0.3165265976135786,0.5160851426557492,0.24736718077430778,"{""0"":607,""1"":201}"
full_808,2026,LOCAL3,T3,pca32,HR,5,808,453.0,355.0,2,0.512719584615863,0.5765341850054267,0.5139601405341542,0.26332850834371296,"{""0"":355,""1"":453}"
full_808,2026,LOCAL3,T3,pca32,subtype_4class,5,808,,,4,0.5398039085464658,0.2817714433560515,0.3071008369650813,,"{""HR+/HER2+"":133,""HR+/HER2-"":320,""HR-/HER2+"":68,""HR-/HER2-"":287}"
full_808,2026,LOCAL3,T3,raw,HER2,5,808,201.0,607.0,2,0.5516404796446105,0.3093233913705016,0.5378830722827379,0.2523125465976857,"{""0"":607,""1"":201}"
full_808,2026,LOCAL3,T3,raw,HR,5,808,453.0,355.0,2,0.5402916394614931,0.5952183215303632,0.5271647545316046,0.3116564905166034,"{""0"":355,""1"":453}"
full_808,2026,LOCAL3,T3,raw,subtype_4class,5,808,,,4,0.5516533711124452,0.28176116253356276,0.3041631073963603,,"{""HR+/HER2+"":133,""HR+/HER2-"":320,""HR-/HER2+"":68,""HR-/HER2-"":287}"
full_808,3026,LOCAL0,T0,pca16,HER2,5,808,201.0,607.0,2,0.5369118165351169,0.2851660515987503,0.514753251862598,0.2479095833749767,"{""0"":607,""1"":201}"
full_808,3026,LOCAL0,T0,pca16,HR,5,808,453.0,355.0,2,0.5177564281938873,0.5658091432111675,0.5236296365388801,0.2553825081417598,"{""0"":355,""1"":453}"
full_808,3026,LOCAL0,T0,pca16,subtype_4class,5,808,,,4,0.5117555201778301,0.25368057016076684,0.24588935461861253,,"{""HR+/HER2+"":133,""HR+/HER2-"":320,""HR-/HER2+"":68,""HR-/HER2-"":287}"
full_808,3026,LOCAL0,T0,pca32,HER2,5,808,201.0,607.0,2,0.5272976140713238,0.30162059756780424,0.5367806765185604,0.2499661609808508,"{""0"":607,""1"":201}"
full_808,3026,LOCAL0,T0,pca32,HR,5,808,453.0,355.0,2,0.520784752666107,0.5752882171758937,0.5096539501912135,0.2598900425765355,"{""0"":355,""1"":453}"
full_808,3026,LOCAL0,T0,pca32,subtype_4class,5,808,,,4,0.5041793314681335,0.26064279797781303,0.26568176853539877,,"{""HR+/HER2+"":133,""HR+/HER2-"":320,""HR-/HER2+"":68,""HR-/HER2-"":287}"
full_808,3026,LOCAL0,T0,raw,HER2,5,808,201.0,607.0,2,0.5177243928627047,0.2639344205107401,0.502807215979411,0.26801408278256,"{""0"":607,""1"":201}"
full_808,3026,LOCAL0,T0,raw,HR,5,808,453.0,355.0,2,0.5347946398035008,0.5749108827111553,0.5251593445885023,0.26510380772128733,"{""0"":355,""1"":453}"
full_808,3026,LOCAL0,T0,raw,subtype_4class,5,808,,,4,0.5219130033961535,0.26647225598408064,0.243855244279997,,"{""HR+/HER2+"":133,""HR+/HER2-"":320,""HR-/HER2+"":68,""HR-/HER2-"":287}"
full_808,3026,LOCAL0,T1,pca16,HER2,5,808,201.0,607.0,2,0.5422557722097913,0.27475493465748113,0.5412763202111355,0.2515825550917159,"{""0"":607,""1"":201}"
full_808,3026,LOCAL0,T1,pca16,HR,5,808,453.0,355.0,2,0.5220097627708858,0.579848851561693,0.5138295557006498,0.2518240220810844,"{""0"":355,""1"":453}"
full_808,3026,LOCAL0,T1,pca16,subtype_4class,5,808,,,4,0.5400785036700982,0.276154844384825,0.2881201810794921,,"{""HR+/HER2+"":133,""HR+/HER2-"":320,""HR-/HER2+"":68,""HR-/HER2-"":287}"
full_808,3026,LOCAL0,T1,pca32,HER2,5,808,201.0,607.0,2,0.5435016023670773,0.2922341083893736,0.5167777258681878,0.2471708859121689,"{""0"":607,""1"":201}"
full_808,3026,LOCAL0,T1,pca32,HR,5,808,453.0,355.0,2,0.5257594129900818,0.5784441198240382,0.5042688803905109,0.25483122695943994,"{""0"":355,""1"":453}"
full_808,3026,LOCAL0,T1,pca32,subtype_4class,5,808,,,4,0.524323123452028,0.26570457649285606,0.28577161047345767,,"{""HR+/HER2+"":133,""HR+/HER2-"":320,""HR-/HER2+"":68,""HR-/HER2-"":287}"
full_808,3026,LOCAL0,T1,raw,HER2,5,808,201.0,607.0,2,0.5395592056193497,0.2815618020520957,0.5488414599162343,0.2596260503197133,"{""0"":607,""1"":201}"
full_808,3026,LOCAL0,T1,raw,HR,5,808,453.0,355.0,2,0.5246525510679974,0.5780814953002602,0.5261884774430245,0.2849815364194308,"{""0"":355,""1"":453}"
full_808,3026,LOCAL0,T1,raw,subtype_4class,5,808,,,4,0.5353988292514058,0.27293859106076834,0.27481904186578354,,"{""HR+/HER2+"":133,""HR+/HER2-"":320,""HR-/HER2+"":68,""HR-/HER2-"":287}"
full_808,3026,LOCAL0,T2,pca16,HER2,5,808,201.0,607.0,2,0.5839501012237003,0.3343605118758771,0.5301089281762522,0.24711524490602016,"{""0"":607,""1"":201}"
full_808,3026,LOCAL0,T2,pca16,HR,5,808,453.0,355.0,2,0.5519261262941889,0.5934749299048194,0.5588346858191089,0.25061182133200455,"{""0"":355,""1"":453}"
full_808,3026,LOCAL0,T2,pca16,subtype_4class,5,808,,,4,0.5467527372741451,0.28744050143672595,0.3081112595872752,,"{""HR+/HER2+"":133,""HR+/HER2-"":320,""HR-/HER2+"":68,""HR-/HER2-"":287}"
full_808,3026,LOCAL0,T2,pca32,HER2,5,808,201.0,607.0,2,0.569573876908702,0.32714852984425324,0.5338833017777669,0.24463211545834476,"{""0"":607,""1"":201}"
full_808,3026,LOCAL0,T2,pca32,HR,5,808,453.0,355.0,2,0.5429966110126543,0.5860613966309272,0.5338743276435656,0.2555783325649152,"{""0"":355,""1"":453}"
full_808,3026,LOCAL0,T2,pca32,subtype_4class,5,808,,,4,0.5500287694528275,0.28933601713730633,0.32464091541623064,,"{""HR+/HER2+"":133,""HR+/HER2-"":320,""HR-/HER2+"":68,""HR-/HER2-"":287}"
full_808,3026,LOCAL0,T2,raw,HER2,5,808,201.0,607.0,2,0.5551648675895645,0.2981980917920666,0.5526936979025794,0.25816439007864456,"{""0"":607,""1"":201}"
full_808,3026,LOCAL0,T2,raw,HR,5,808,453.0,355.0,2,0.5259459627522308,0.5800959036408438,0.5373068432671082,0.3052641131989918,"{""0"":355,""1"":453}"
full_808,3026,LOCAL0,T2,raw,subtype_4class,5,808,,,4,0.5339477697352291,0.2742400987431052,0.3078481741701815,,"{""HR+/HER2+"":133,""HR+/HER2-"":320,""HR-/HER2+"":68,""HR-/HER2-"":287}"
full_808,3026,LOCAL0,T3,pca16,HER2,5,808,201.0,607.0,2,0.5664265165113477,0.2867854052157699,0.5557222126599294,0.25304810062639804,"{""0"":607,""1"":201}"
full_808,3026,LOCAL0,T3,pca16,HR,5,808,453.0,355.0,2,0.5444579174828219,0.5998850832928178,0.5208065168050244,0.2528365018071517,"{""0"":355,""1"":453}"
full_808,3026,LOCAL0,T3,pca16,subtype_4class,5,808,,,4,0.5563617770957672,0.2848526964343182,0.29255368907832713,,"{""HR+/HER2+"":133,""HR+/HER2-"":320,""HR-/HER2+"":68,""HR-/HER2-"":287}"
full_808,3026,LOCAL0,T3,pca32,HER2,5,808,201.0,607.0,2,0.5748276738219938,0.29637407059352056,0.5397805043972886,0.2484004270759759,"{""0"":607,""1"":201}"
full_808,3026,LOCAL0,T3,pca32,HR,5,808,453.0,355.0,2,0.5191990796878402,0.5846602332266106,0.5094891645679819,0.2597812989779663,"{""0"":355,""1"":453}"
full_808,3026,LOCAL0,T3,pca32,subtype_4class,5,808,,,4,0.5503887966868595,0.2749178395005347,0.29582597881899875,,"{""HR+/HER2+"":133,""HR+/HER2-"":320,""HR-/HER2+"":68,""HR-/HER2-"":287}"
full_808,3026,LOCAL0,T3,raw,HER2,5,808,201.0,607.0,2,0.577245567877253,0.3260794308792728,0.5470095978099617,0.24690682127713756,"{""0"":607,""1"":201}"
full_808,3026,LOCAL0,T3,raw,HR,5,808,453.0,355.0,2,0.5362590554363711,0.5897504592056354,0.535668314522899,0.3141800536242279,"{""0"":355,""1"":453}"
full_808,3026,LOCAL0,T3,raw,subtype_4class,5,808,,,4,0.5347377541011291,0.2732143039656587,0.2811657742365239,,"{""HR+/HER2+"":133,""HR+/HER2-"":320,""HR-/HER2+"":68,""HR-/HER2-"":287}"
full_808,3026,LOCAL3,T0,pca16,HER2,5,808,201.0,607.0,2,0.5437966674043292,0.29557144158336834,0.4966313408247067,0.24738274933846763,"{""0"":607,""1"":201}"
full_808,3026,LOCAL3,T0,pca16,HR,5,808,453.0,355.0,2,0.5006933432826539,0.5551115487117737,0.520514255510991,0.256392291408961,"{""0"":355,""1"":453}"
full_808,3026,LOCAL3,T0,pca16,subtype_4class,5,808,,,4,0.5223106231376452,0.2600789485588799,0.2415947002998889,,"{""HR+/HER2+"":133,""HR+/HER2-"":320,""HR-/HER2+"":68,""HR-/HER2-"":287}"
full_808,3026,LOCAL3,T0,pca32,HER2,5,808,201.0,607.0,2,0.5304859557238519,0.28205623945248537,0.5005040694386388,0.25000292144371256,"{""0"":607,""1"":201}"
full_808,3026,LOCAL3,T0,pca32,HR,5,808,453.0,355.0,2,0.509778316699313,0.5698062759641003,0.5103504026365699,0.2615528483795095,"{""0"":355,""1"":453}"
full_808,3026,LOCAL3,T0,pca32,subtype_4class,5,808,,,4,0.5087064686828762,0.2618292879071162,0.2372171686389575,,"{""HR+/HER2+"":133,""HR+/HER2-"":320,""HR-/HER2+"":68,""HR-/HER2-"":287}"
full_808,3026,LOCAL3,T0,raw,HER2,5,808,201.0,607.0,2,0.5139541173867073,0.2746654103625209,0.49541009942052505,0.2713175528768025,"{""0"":607,""1"":201}"
full_808,3026,LOCAL3,T0,raw,HR,5,808,453.0,355.0,2,0.5263377172527439,0.5787427957479542,0.5106675372322234,0.2639982527414414,"{""0"":355,""1"":453}"
full_808,3026,LOCAL3,T0,raw,subtype_4class,5,808,,,4,0.5249304844849374,0.2690723422337956,0.2587912937158175,,"{""HR+/HER2+"":133,""HR+/HER2-"":320,""HR-/HER2+"":68,""HR-/HER2-"":287}"
full_808,3026,LOCAL3,T1,pca16,HER2,5,808,201.0,607.0,2,0.5545173637578171,0.29953016558000484,0.5419197259173654,0.2480705774222548,"{""0"":607,""1"":201}"
full_808,3026,LOCAL3,T1,pca16,HR,5,808,453.0,355.0,2,0.5277741504212915,0.5812498109924209,0.506510586699002,0.2512452099848258,"{""0"":355,""1"":453}"
full_808,3026,LOCAL3,T1,pca16,subtype_4class,5,808,,,4,0.5342739495669785,0.27481306549246176,0.29492373329306043,,"{""HR+/HER2+"":133,""HR+/HER2-"":320,""HR-/HER2+"":68,""HR-/HER2-"":287}"
full_808,3026,LOCAL3,T1,pca32,HER2,5,808,201.0,607.0,2,0.5545419525109215,0.29640579411936596,0.530699058250756,0.24832408866348124,"{""0"":607,""1"":201}"
full_808,3026,LOCAL3,T1,pca32,HR,5,808,453.0,355.0,2,0.5176631533128128,0.5756359877897594,0.5135404035693187,0.25889227413807275,"{""0"":355,""1"":453}"
full_808,3026,LOCAL3,T1,pca32,subtype_4class,5,808,,,4,0.5194360586177258,0.26760054437768355,0.27994671713358,,"{""HR+/HER2+"":133,""HR+/HER2-"":320,""HR-/HER2+"":68,""HR-/HER2-"":287}"
full_808,3026,LOCAL3,T1,raw,HER2,5,808,201.0,607.0,2,0.5754997664068455,0.31762045633718594,0.5376043997475555,0.2480975578421506,"{""0"":607,""1"":201}"
full_808,3026,LOCAL3,T1,raw,HR,5,808,453.0,355.0,2,0.5133351988309548,0.5727424427047982,0.5056835494201412,0.3009019986110056,"{""0"":355,""1"":453}"
full_808,3026,LOCAL3,T1,raw,subtype_4class,5,808,,,4,0.5415357012426045,0.2723850643829709,0.26661386473716575,,"{""HR+/HER2+"":133,""HR+/HER2-"":320,""HR-/HER2+"":68,""HR-/HER2-"":287}"
full_808,3026,LOCAL3,T2,pca16,HER2,5,808,201.0,607.0,2,0.5902858032735827,0.33060313025599103,0.5397641118952191,0.24647354748129985,"{""0"":607,""1"":201}"
full_808,3026,LOCAL3,T2,pca16,HR,5,808,453.0,355.0,2,0.5524982122314461,0.5987649836838047,0.5561794608711874,0.24972523285618012,"{""0"":355,""1"":453}"
full_808,3026,LOCAL3,T2,pca16,subtype_4class,5,808,,,4,0.5549561908252284,0.2896158702706421,0.29529197871382185,,"{""HR+/HER2+"":133,""HR+/HER2-"":320,""HR-/HER2+"":68,""HR-/HER2-"":287}"
full_808,3026,LOCAL3,T2,pca32,HER2,5,808,201.0,607.0,2,0.5643938462547231,0.3034790081156159,0.5556607407771685,0.25120207479261947,"{""0"":607,""1"":201}"
full_808,3026,LOCAL3,T2,pca32,HR,5,808,453.0,355.0,2,0.5451668065789883,0.5902724188686599,0.5332245126387464,0.2569411386626136,"{""0"":355,""1"":453}"
full_808,3026,LOCAL3,T2,pca32,subtype_4class,5,808,,,4,0.5403640597565991,0.28045812950434956,0.3108413912740963,,"{""HR+/HER2+"":133,""HR+/HER2-"":320,""HR-/HER2+"":68,""HR-/HER2-"":287}"
full_808,3026,LOCAL3,T2,raw,HER2,5,808,201.0,607.0,2,0.561057972083569,0.315049222270965,0.5682460842410682,0.24723036875705331,"{""0"":607,""1"":201}"
full_808,3026,LOCAL3,T2,raw,HR,5,808,453.0,355.0,2,0.5263252806019338,0.5862293839609719,0.5453378105276249,0.33783795410032313,"{""0"":355,""1"":453}"
full_808,3026,LOCAL3,T2,raw,subtype_4class,5,808,,,4,0.5357487272250461,0.27643977956595733,0.30307659167646517,,"{""HR+/HER2+"":133,""HR+/HER2-"":320,""HR-/HER2+"":68,""HR-/HER2-"":287}"
full_808,3026,LOCAL3,T3,pca16,HER2,5,808,201.0,607.0,2,0.5849008663437344,0.31966108959639394,0.5670904128451646,0.24777898949453642,"{""0"":607,""1"":201}"
full_808,3026,LOCAL3,T3,pca16,HR,5,808,453.0,355.0,2,0.5309641513540404,0.5781788667376224,0.5207318969001647,0.2504114912381771,"{""0"":355,""1"":453}"
full_808,3026,LOCAL3,T3,pca16,subtype_4class,5,808,,,4,0.5506589710333263,0.28176277493910584,0.30636668900551234,,"{""HR+/HER2+"":133,""HR+/HER2-"":320,""HR-/HER2+"":68,""HR-/HER2-"":287}"
full_808,3026,LOCAL3,T3,pca32,HER2,5,808,201.0,607.0,2,0.5723687985115608,0.29376791865769997,0.535678280754383,0.246783230251608,"{""0"":607,""1"":201}"
full_808,3026,LOCAL3,T3,pca32,HR,5,808,453.0,355.0,2,0.5029505954046575,0.5659268982895762,0.5072754407238131,0.2533587228820443,"{""0"":355,""1"":453}"
full_808,3026,LOCAL3,T3,pca32,subtype_4class,5,808,,,4,0.550622023824192,0.2801822184874429,0.29024149213600714,,"{""HR+/HER2+"":133,""HR+/HER2-"":320,""HR-/HER2+"":68,""HR-/HER2-"":287}"
full_808,3026,LOCAL3,T3,raw,HER2,5,808,201.0,607.0,2,0.5784504167793652,0.32660133765640603,0.539678051259354,0.24673440622623774,"{""0"":607,""1"":201}"
full_808,3026,LOCAL3,T3,raw,HR,5,808,453.0,355.0,2,0.5251811087274196,0.5782431803736284,0.5300345117059976,0.3205845115688209,"{""0"":355,""1"":453}"
full_808,3026,LOCAL3,T3,raw,subtype_4class,5,808,,,4,0.5408935524770391,0.2774420845391822,0.29489376463037076,,"{""HR+/HER2+"":133,""HR+/HER2-"":320,""HR-/HER2+"":68,""HR-/HER2-"":287}"
