population,seed,arm,timing,model_key,model_family,representation,dimension,dimension_values,n_folds,fold_sizes,n,n_positive,n_negative,auroc,auprc,balanced_accuracy,brier
ftv_complete_375,2026,LOCAL0,T0,M|PCA_SELECTED,M,pca_selected,-1,[-1],5,"{""0"":69,""1"":67,""2"":83,""3"":72,""4"":84}",375,110,265,0.46939965694682684,0.2815980306435987,0.4772727272727273,0.2576367489443889
ftv_complete_375,2026,LOCAL0,T0,M|RAW,M,raw,192,[192],5,"{""0"":69,""1"":67,""2"":83,""3"":72,""4"":84}",375,110,265,0.5169811320754718,0.3107822292406562,0.5066037735849056,0.2825110910137554
ftv_complete_375,2026,LOCAL0,T1,M|PCA_SELECTED,M,pca_selected,-1,[-1],5,"{""0"":69,""1"":67,""2"":83,""3"":72,""4"":84}",375,110,265,0.5014408233276157,0.3011069570922324,0.49313893653516294,0.22387826036766445
ftv_complete_375,2026,LOCAL0,T1,M|RAW,M,raw,384,[384],5,"{""0"":69,""1"":67,""2"":83,""3"":72,""4"":84}",375,110,265,0.5129331046312179,0.3114418269349859,0.5062607204116638,0.2823936303150286
ftv_complete_375,2026,LOCAL0,T2,M|PCA_SELECTED,M,pca_selected,-1,[-1],5,"{""0"":69,""1"":67,""2"":83,""3"":72,""4"":84}",375,110,265,0.4828130360205831,0.28042381014690954,0.4854202401372213,0.27433514046380825
ftv_complete_375,2026,LOCAL0,T2,M|RAW,M,raw,576,[576],5,"{""0"":69,""1"":67,""2"":83,""3"":72,""4"":84}",375,110,265,0.5176672384219554,0.3159548717287429,0.5354202401372212,0.2977587664598866
ftv_complete_375,2026,LOCAL0,T3,M|PCA_SELECTED,M,pca_selected,-1,[-1],5,"{""0"":69,""1"":67,""2"":83,""3"":72,""4"":84}",375,110,265,0.500754716981132,0.30040986671366243,0.5345626072041166,0.2621226606423417
ftv_complete_375,2026,LOCAL0,T3,M|RAW,M,raw,768,[768],5,"{""0"":69,""1"":67,""2"":83,""3"":72,""4"":84}",375,110,265,0.525934819897084,0.345116550669754,0.5313036020583191,0.28714717110440646
ftv_complete_375,2026,LOCAL3,T0,M|PCA_SELECTED,M,pca_selected,-1,[-1],5,"{""0"":69,""1"":67,""2"":83,""3"":72,""4"":84}",375,110,265,0.5167066895368783,0.31118712484802824,0.5169811320754717,0.24403768745635643
ftv_complete_375,2026,LOCAL3,T0,M|RAW,M,raw,192,[192],5,"{""0"":69,""1"":67,""2"":83,""3"":72,""4"":84}",375,110,265,0.5036020583190395,0.29568930983362657,0.49802744425385936,0.31405110302620803
ftv_complete_375,2026,LOCAL3,T1,M|PCA_SELECTED,M,pca_selected,-1,[-1],5,"{""0"":69,""1"":67,""2"":83,""3"":72,""4"":84}",375,110,265,0.4874785591766724,0.29809648986910936,0.5037735849056604,0.25407770810827546
ftv_complete_375,2026,LOCAL3,T1,M|RAW,M,raw,384,[384],5,"{""0"":69,""1"":67,""2"":83,""3"":72,""4"":84}",375,110,265,0.5239451114922813,0.3268956615625282,0.5169811320754717,0.28004981894835856
ftv_complete_375,2026,LOCAL3,T2,M|PCA_SELECTED,M,pca_selected,-1,[-1],5,"{""0"":69,""1"":67,""2"":83,""3"":72,""4"":84}",375,110,265,0.5065523156089193,0.3095487079427682,0.5638936535162951,0.2651326031262439
ftv_complete_375,2026,LOCAL3,T2,M|RAW,M,raw,576,[576],5,"{""0"":69,""1"":67,""2"":83,""3"":72,""4"":84}",375,110,265,0.5556432246998285,0.3475310363097695,0.5298456260720411,0.27462162051144934
ftv_complete_375,2026,LOCAL3,T3,M|PCA_SELECTED,M,pca_selected,-1,[-1],5,"{""0"":69,""1"":67,""2"":83,""3"":72,""4"":84}",375,110,265,0.5065180102915952,0.31210204888356335,0.4865351629502573,0.26710441866859197
ftv_complete_375,2026,LOCAL3,T3,M|RAW,M,raw,768,[768],5,"{""0"":69,""1"":67,""2"":83,""3"":72,""4"":84}",375,110,265,0.5772898799313894,0.36047864594455925,0.5518867924528301,0.2711178269082221
ftv_complete_375,3026,LOCAL0,T0,M|PCA_SELECTED,M,pca_selected,-1,[-1],5,"{""0"":69,""1"":67,""2"":83,""3"":72,""4"":84}",375,110,265,0.46734133790737564,0.2851648245887295,0.4846483704974271,0.25673759035131444
ftv_complete_375,3026,LOCAL0,T0,M|RAW,M,raw,192,[192],5,"{""0"":69,""1"":67,""2"":83,""3"":72,""4"":84}",375,110,265,0.4770497427101201,0.293370504941492,0.48259005145797595,0.2786728978217708
ftv_complete_375,3026,LOCAL0,T1,M|PCA_SELECTED,M,pca_selected,-1,[-1],5,"{""0"":69,""1"":67,""2"":83,""3"":72,""4"":84}",375,110,265,0.5243910806174957,0.30656660028118643,0.5021440823327615,0.2560377767931547
ftv_complete_375,3026,LOCAL0,T1,M|RAW,M,raw,384,[384],5,"{""0"":69,""1"":67,""2"":83,""3"":72,""4"":84}",375,110,265,0.5394511149228131,0.3084478135164356,0.5513722126929674,0.3059455382645371
ftv_complete_375,3026,LOCAL0,T2,M|PCA_SELECTED,M,pca_selected,-1,[-1],5,"{""0"":69,""1"":67,""2"":83,""3"":72,""4"":84}",375,110,265,0.5326929674099485,0.3259261853263371,0.5208404802744425,0.2571839506909977
ftv_complete_375,3026,LOCAL0,T2,M|RAW,M,raw,576,[576],5,"{""0"":69,""1"":67,""2"":83,""3"":72,""4"":84}",375,110,265,0.47879931389365354,0.27164480715782446,0.5387650085763294,0.3268544807420908
ftv_complete_375,3026,LOCAL0,T3,M|PCA_SELECTED,M,pca_selected,-1,[-1],5,"{""0"":69,""1"":67,""2"":83,""3"":72,""4"":84}",375,110,265,0.5735506003430532,0.34472402361194476,0.5914236706689537,0.2448521156783743
ftv_complete_375,3026,LOCAL0,T3,M|RAW,M,raw,768,[768],5,"{""0"":69,""1"":67,""2"":83,""3"":72,""4"":84}",375,110,265,0.5312521440823328,0.33333265649549265,0.5437392795883362,0.2668996662295793
ftv_complete_375,3026,LOCAL3,T0,M|PCA_SELECTED,M,pca_selected,-1,[-1],5,"{""0"":69,""1"":67,""2"":83,""3"":72,""4"":84}",375,110,265,0.49636363636363634,0.2874578244915529,0.5171526586620926,0.27643261925692003
ftv_complete_375,3026,LOCAL3,T0,M|RAW,M,raw,192,[192],5,"{""0"":69,""1"":67,""2"":83,""3"":72,""4"":84}",375,110,265,0.5489879931389365,0.3219058609924963,0.5008576329331046,0.25948521298914706
ftv_complete_375,3026,LOCAL3,T1,M|PCA_SELECTED,M,pca_selected,-1,[-1],5,"{""0"":69,""1"":67,""2"":83,""3"":72,""4"":84}",375,110,265,0.5322813036020584,0.3216056422406183,0.5050600343053173,0.2586045036599887
ftv_complete_375,3026,LOCAL3,T1,M|RAW,M,raw,384,[384],5,"{""0"":69,""1"":67,""2"":83,""3"":72,""4"":84}",375,110,265,0.5093310463121784,0.29889198005421985,0.5225557461406518,0.2839318435311871
ftv_complete_375,3026,LOCAL3,T2,M|PCA_SELECTED,M,pca_selected,-1,[-1],5,"{""0"":69,""1"":67,""2"":83,""3"":72,""4"":84}",375,110,265,0.526106346483705,0.3211067054239275,0.5174957118353345,0.2645986425606163
ftv_complete_375,3026,LOCAL3,T2,M|RAW,M,raw,576,[576],5,"{""0"":69,""1"":67,""2"":83,""3"":72,""4"":84}",375,110,265,0.5672384219554032,0.33739488071636703,0.5614922813036021,0.26749421060197254
ftv_complete_375,3026,LOCAL3,T3,M|PCA_SELECTED,M,pca_selected,-1,[-1],5,"{""0"":69,""1"":67,""2"":83,""3"":72,""4"":84}",375,110,265,0.5763979416809606,0.365174214273127,0.5512006861063465,0.2356487963954814
ftv_complete_375,3026,LOCAL3,T3,M|RAW,M,raw,768,[768],5,"{""0"":69,""1"":67,""2"":83,""3"":72,""4"":84}",375,110,265,0.5625042881646656,0.34598356611223746,0.5343053173241852,0.2818583157905828
full_808,2026,LOCAL0,T0,M|PCA_SELECTED,M,pca_selected,-1,[-1],5,"{""0"":162,""1"":162,""2"":162,""3"":161,""4"":161}",808,275,533,0.5226743987719598,0.354320263365289,0.49752004093467506,0.24760825319554175
full_808,2026,LOCAL0,T0,M|RAW,M,raw,192,[192],5,"{""0"":162,""1"":162,""2"":162,""3"":161,""4"":161}",808,275,533,0.5062118369435442,0.35452849617507326,0.5039604298140883,0.2780097106951712
full_808,2026,LOCAL0,T1,M|PCA_SELECTED,M,pca_selected,-1,[-1],5,"{""0"":162,""1"":162,""2"":162,""3"":161,""4"":161}",808,275,533,0.5462391267269315,0.3764228748880854,0.5454306668940816,0.23021489813573282
full_808,2026,LOCAL0,T1,M|RAW,M,raw,384,[384],5,"{""0"":162,""1"":162,""2"":162,""3"":161,""4"":161}",808,275,533,0.5410131332082552,0.3874599093620804,0.5381579396213543,0.25445453013438124
full_808,2026,LOCAL0,T2,M|PCA_SELECTED,M,pca_selected,-1,[-1],5,"{""0"":162,""1"":162,""2"":162,""3"":161,""4"":161}",808,275,533,0.5487429643527205,0.38731534449240823,0.5482346921371312,0.2449674375361229
full_808,2026,LOCAL0,T2,M|RAW,M,raw,576,[576],5,"{""0"":162,""1"":162,""2"":162,""3"":161,""4"":161}",808,275,533,0.5307453522087668,0.3729294131836608,0.5286713286713287,0.2859429657682377
full_808,2026,LOCAL0,T3,M|PCA_SELECTED,M,pca_selected,-1,[-1],5,"{""0"":162,""1"":162,""2"":162,""3"":161,""4"":161}",808,275,533,0.5329285348797543,0.3657475975698602,0.519665700153505,0.24489621814860343
full_808,2026,LOCAL0,T3,M|RAW,M,raw,768,[768],5,"{""0"":162,""1"":162,""2"":162,""3"":161,""4"":161}",808,275,533,0.5458775370970492,0.37268564371412644,0.5351390073341293,0.26110818380815326
full_808,2026,LOCAL3,T0,M|PCA_SELECTED,M,pca_selected,-1,[-1],5,"{""0"":162,""1"":162,""2"":162,""3"":161,""4"":161}",808,275,533,0.5126249360395702,0.3541806626249927,0.5046290295070783,0.2412588087843251
full_808,2026,LOCAL3,T0,M|RAW,M,raw,192,[192],5,"{""0"":162,""1"":162,""2"":162,""3"":161,""4"":161}",808,275,533,0.5211734606856558,0.3549562201221319,0.5186320996077094,0.2699949348433606
full_808,2026,LOCAL3,T1,M|PCA_SELECTED,M,pca_selected,-1,[-1],5,"{""0"":162,""1"":162,""2"":162,""3"":161,""4"":161}",808,275,533,0.5260719768036841,0.3554169637933237,0.5423264540337711,0.23605492682530754
full_808,2026,LOCAL3,T1,M|RAW,M,raw,384,[384],5,"{""0"":162,""1"":162,""2"":162,""3"":161,""4"":161}",808,275,533,0.5299607709363807,0.3611126560022133,0.5260685655807606,0.26685115491295197
full_808,2026,LOCAL3,T2,M|PCA_SELECTED,M,pca_selected,-1,[-1],5,"{""0"":162,""1"":162,""2"":162,""3"":161,""4"":161}",808,275,533,0.5341975098072659,0.3678219791341998,0.5159918130649838,0.2423052710470941
full_808,2026,LOCAL3,T2,M|RAW,M,raw,576,[576],5,"{""0"":162,""1"":162,""2"":162,""3"":161,""4"":161}",808,275,533,0.5265154357837284,0.36077267680921116,0.5324032065495481,0.29002865741890077
full_808,2026,LOCAL3,T3,M|PCA_SELECTED,M,pca_selected,-1,[-1],5,"{""0"":162,""1"":162,""2"":162,""3"":161,""4"":161}",808,275,533,0.5189220535561999,0.3561396138371252,0.51919154016715,0.2479057375878338
full_808,2026,LOCAL3,T3,M|RAW,M,raw,768,[768],5,"{""0"":162,""1"":162,""2"":162,""3"":161,""4"":161}",808,275,533,0.5461436124850759,0.36717932157251576,0.5284666552959236,0.24977594870586214
full_808,3026,LOCAL0,T0,M|PCA_SELECTED,M,pca_selected,-1,[-1],5,"{""0"":162,""1"":162,""2"":162,""3"":161,""4"":161}",808,275,533,0.5158587753709705,0.3641474952758187,0.516523963841037,0.24583038831232734
full_808,3026,LOCAL0,T0,M|RAW,M,raw,192,[192],5,"{""0"":162,""1"":162,""2"":162,""3"":161,""4"":161}",808,275,533,0.5138052191710728,0.3550692971435697,0.5186218659389391,0.24949464298088886
full_808,3026,LOCAL0,T1,M|PCA_SELECTED,M,pca_selected,-1,[-1],5,"{""0"":162,""1"":162,""2"":162,""3"":161,""4"":161}",808,275,533,0.5307180624253796,0.3773818807614673,0.5363295241344022,0.2375808220195222
full_808,3026,LOCAL0,T1,M|RAW,M,raw,384,[384],5,"{""0"":162,""1"":162,""2"":162,""3"":161,""4"":161}",808,275,533,0.5257308545113424,0.357868487992803,0.5281971686849736,0.2944404151040312
full_808,3026,LOCAL0,T2,M|PCA_SELECTED,M,pca_selected,-1,[-1],5,"{""0"":162,""1"":162,""2"":162,""3"":161,""4"":161}",808,275,533,0.5448814600034112,0.3989647795930738,0.5272590823810336,0.23968844461423028
full_808,3026,LOCAL0,T2,M|RAW,M,raw,576,[576],5,"{""0"":162,""1"":162,""2"":162,""3"":161,""4"":161}",808,275,533,0.5161112058673034,0.35416547989567204,0.5148217636022514,0.3027902138958045
full_808,3026,LOCAL0,T3,M|PCA_SELECTED,M,pca_selected,-1,[-1],5,"{""0"":162,""1"":162,""2"":162,""3"":161,""4"":161}",808,275,533,0.5731673204843937,0.4061250616149944,0.5503428279038035,0.23283465931032937
full_808,3026,LOCAL0,T3,M|RAW,M,raw,768,[768],5,"{""0"":162,""1"":162,""2"":162,""3"":161,""4"":161}",808,275,533,0.5419682756268122,0.37485018992936536,0.5402456080504862,0.2663780503680862
full_808,3026,LOCAL3,T0,M|PCA_SELECTED,M,pca_selected,-1,[-1],5,"{""0"":162,""1"":162,""2"":162,""3"":161,""4"":161}",808,275,533,0.545932116663824,0.39322919910591947,0.5199863551083064,0.2355007937737282
full_808,3026,LOCAL3,T0,M|RAW,M,raw,192,[192],5,"{""0"":162,""1"":162,""2"":162,""3"":161,""4"":161}",808,275,533,0.5382568650861334,0.37082403749069487,0.5252566945249872,0.25669388671489063
full_808,3026,LOCAL3,T1,M|PCA_SELECTED,M,pca_selected,-1,[-1],5,"{""0"":162,""1"":162,""2"":162,""3"":161,""4"":161}",808,275,533,0.5437625788845302,0.38870960412289723,0.5368923759167662,0.23553032001356072
full_808,3026,LOCAL3,T1,M|RAW,M,raw,384,[384],5,"{""0"":162,""1"":162,""2"":162,""3"":161,""4"":161}",808,275,533,0.5428620160327478,0.37778026804811027,0.5333617601910285,0.2805108778476043
full_808,3026,LOCAL3,T2,M|PCA_SELECTED,M,pca_selected,-1,[-1],5,"{""0"":162,""1"":162,""2"":162,""3"":161,""4"":161}",808,275,533,0.5276888964693843,0.373651641841815,0.5390960259252943,0.2381616237949844
full_808,3026,LOCAL3,T2,M|RAW,M,raw,576,[576],5,"{""0"":162,""1"":162,""2"":162,""3"":161,""4"":161}",808,275,533,0.5173733583489681,0.35269259890249327,0.514067883336176,0.28111584049728083
full_808,3026,LOCAL3,T3,M|PCA_SELECTED,M,pca_selected,-1,[-1],5,"{""0"":162,""1"":162,""2"":162,""3"":161,""4"":161}",808,275,533,0.5679345045198704,0.3966818209368583,0.5553812041616919,0.24063684542973965
full_808,3026,LOCAL3,T3,M|RAW,M,raw,768,[768],5,"{""0"":162,""1"":162,""2"":162,""3"":161,""4"":161}",808,275,533,0.5483813747228381,0.3768611532793622,0.5355176530786286,0.26650484191048185
